strategy_id,control_id,window_id,ii_plan,notional_gbp,one_way_friction_bps,broker_fx_fee,ter_double_deducted,gross_cagr,net_cagr_subscription_reported_separately,net_cagr_full_subscription_deducted,cost_drag_cagr_subscription_reported_separately,cost_drag_cagr_full_subscription,net_incremental_cagr_vs_control,maximum_drawdown,maximum_drawdown_full_subscription,ulcer_index,ulcer_index_full_subscription,annual_turnover,trade_legs,free_trade_legs,paid_trade_legs,started_calendar_months,total_dealing_charges_gbp,total_subscription_gbp,historical_total_market_friction_gbp,annual_dealing_charges_gbp,annual_subscription_gbp,historical_average_annual_market_friction_gbp,current_scale_annual_market_friction_gbp,current_scale_annual_all_in_including_friction_gbp,subscription_attribution,partial_month_subscription_treatment,performance_normalisation
GLOBAL_75_DEFENSIVE_25,GLOBAL_75_DEFENSIVE_25,FULL_HISTORY,II_PLUS,250000.0,20.0,0.0,False,0.09291969802384759,0.09278399774815949,0.09221212305596671,0.00013570027568809984,0.0007075749678808751,0.0,-0.19550514107421002,-0.19554717805587962,0.03596428050276945,0.03607089542026541,0.14125588705592632,114,114,0,114,0.0,1708.8600000000001,790.2567081865068,0.0,179.88,83.4206172658411,70.62794352796315,250.50794352796316,PLATFORM_MAINTENANCE_REPORTED_SEPARATELY_FROM_M2,FULL_MONTHLY_FEE_ON_FIRST_OBSERVED_SESSION_OF_EACH_STARTED_CALENDAR_MONTH,CANONICAL_A4D_FIRST_POST_COST_OBSERVATION; INCEPTION_COST_INCLUDED_IN_COST_TOTALS_NOT_CAGR
GLOBAL_75_DEFENSIVE_25,GLOBAL_75_DEFENSIVE_25,LATEST_FIVE_YEARS,II_PLUS,250000.0,20.0,0.0,False,0.0958241210599875,0.09570044789618226,0.09524058727247553,0.00012367316380523796,0.0005835337875119695,0.0,-0.13898588889392793,-0.13906699138743117,0.03352213750573257,0.033658651289068885,0.057585700467573525,60,60,0,60,0.0,899.4,245.71260966827683,0.0,179.88,49.44610900097278,28.792850233786762,208.67285023378676,PLATFORM_MAINTENANCE_REPORTED_SEPARATELY_FROM_M2,FULL_MONTHLY_FEE_ON_FIRST_OBSERVED_SESSION_OF_EACH_STARTED_CALENDAR_MONTH,CANONICAL_A4D_FIRST_POST_COST_OBSERVATION; INCEPTION_COST_INCLUDED_IN_COST_TOTALS_NOT_CAGR
GLOBAL_65_M2_10_DEFENSIVE_25,GLOBAL_75_DEFENSIVE_25,FULL_HISTORY,II_PLUS,250000.0,20.0,0.0,False,0.09611386451411885,0.09351411943077359,0.09293422340533364,0.0025997450833452618,0.003179641108785214,0.0007301216826141044,-0.1911106158259036,-0.19115384696997773,0.0359426272355904,0.036070062961784034,0.6838125098529217,1076,113,963,114,3842.370000000001,1708.8600000000001,4801.201103101113,405.6060187066475,179.88,506.82158783219893,341.90625492646086,927.3922736331084,PLATFORM_MAINTENANCE_REPORTED_SEPARATELY_FROM_M2,FULL_MONTHLY_FEE_ON_FIRST_OBSERVED_SESSION_OF_EACH_STARTED_CALENDAR_MONTH,CANONICAL_A4D_FIRST_POST_COST_OBSERVATION; INCEPTION_COST_INCLUDED_IN_COST_TOTALS_NOT_CAGR
GLOBAL_65_M2_10_DEFENSIVE_25,GLOBAL_75_DEFENSIVE_25,LATEST_FIVE_YEARS,II_PLUS,250000.0,20.0,0.0,False,0.10013283340331292,0.09739172430806908,0.09692211917193028,0.002741109095243832,0.0032107142313826387,0.0016912764118868218,-0.13520578479745105,-0.13526225129101166,0.035329928072785066,0.03549948667700183,0.7520076519855521,597,60,537,60,2142.63,899.4,3269.80110004001,431.1732990495868,179.88,658.0001808712746,376.00382599277606,987.0571250423628,PLATFORM_MAINTENANCE_REPORTED_SEPARATELY_FROM_M2,FULL_MONTHLY_FEE_ON_FIRST_OBSERVED_SESSION_OF_EACH_STARTED_CALENDAR_MONTH,CANONICAL_A4D_FIRST_POST_COST_OBSERVATION; INCEPTION_COST_INCLUDED_IN_COST_TOTALS_NOT_CAGR
GLOBAL_60_M2_15_DEFENSIVE_25,GLOBAL_75_DEFENSIVE_25,FULL_HISTORY,II_PLUS,250000.0,20.0,0.0,False,0.09770082509868461,0.09449794871990536,0.09391694140814977,0.0032028763787792514,0.0037838836905348394,0.00171395097174587,-0.18886578993674163,-0.18890944419663913,0.03665893544898346,0.036794625086023824,0.9568724387735823,1076,113,963,114,3842.370000000001,1708.8600000000001,6820.838360884317,405.6060187066475,179.88,720.0173569437254,478.43621938679115,1063.9222380934386,PLATFORM_MAINTENANCE_REPORTED_SEPARATELY_FROM_M2,FULL_MONTHLY_FEE_ON_FIRST_OBSERVED_SESSION_OF_EACH_STARTED_CALENDAR_MONTH,CANONICAL_A4D_FIRST_POST_COST_OBSERVATION; INCEPTION_COST_INCLUDED_IN_COST_TOTALS_NOT_CAGR
GLOBAL_60_M2_15_DEFENSIVE_25,GLOBAL_75_DEFENSIVE_25,LATEST_FIVE_YEARS,II_PLUS,250000.0,20.0,0.0,False,0.10224675478863032,0.09873876602205556,0.09826827070291655,0.0035079887665747655,0.003978484085713774,0.003038318125873296,-0.13389949593465178,-0.13395624964813702,0.03702899107052935,0.03721093788880709,1.1009697312592834,597,60,537,60,2142.63,899.4,4792.452468303131,431.1732990495868,179.88,964.4117469169181,550.4848656296417,1161.5381646792284,PLATFORM_MAINTENANCE_REPORTED_SEPARATELY_FROM_M2,FULL_MONTHLY_FEE_ON_FIRST_OBSERVED_SESSION_OF_EACH_STARTED_CALENDAR_MONTH,CANONICAL_A4D_FIRST_POST_COST_OBSERVATION; INCEPTION_COST_INCLUDED_IN_COST_TOTALS_NOT_CAGR
GLOBAL_50_M2_25_DEFENSIVE_25,GLOBAL_75_DEFENSIVE_25,FULL_HISTORY,II_PLUS,250000.0,20.0,0.0,False,0.10080981435170822,0.09639744208359824,0.09581412897994124,0.004412372268109976,0.004995685371766978,0.0036134443354387535,-0.18437072405200117,-0.18441523835824258,0.03882087255110622,0.038991125764440665,1.5024903667854268,1076,113,963,114,3842.370000000001,1708.8600000000001,10850.006530119486,405.6060187066475,179.88,1145.3420549355972,751.2451833927134,1336.7312020993609,PLATFORM_MAINTENANCE_REPORTED_SEPARATELY_FROM_M2,FULL_MONTHLY_FEE_ON_FIRST_OBSERVED_SESSION_OF_EACH_STARTED_CALENDAR_MONTH,CANONICAL_A4D_FIRST_POST_COST_OBSERVATION; INCEPTION_COST_INCLUDED_IN_COST_TOTALS_NOT_CAGR
GLOBAL_50_M2_25_DEFENSIVE_25,GLOBAL_75_DEFENSIVE_25,LATEST_FIVE_YEARS,II_PLUS,250000.0,20.0,0.0,False,0.10638547693242262,0.10133796231902004,0.100865552969434,0.005047514613402582,0.005519923962988615,0.005637514422837775,-0.1315353735975462,-0.13159270937782552,0.04138299452064463,0.041613134855924216,1.7981916195479497,597,60,537,60,2142.63,899.4,7832.421821553691,431.1732990495868,179.88,1576.1616127596826,899.0958097739749,1510.1491088235616,PLATFORM_MAINTENANCE_REPORTED_SEPARATELY_FROM_M2,FULL_MONTHLY_FEE_ON_FIRST_OBSERVED_SESSION_OF_EACH_STARTED_CALENDAR_MONTH,CANONICAL_A4D_FIRST_POST_COST_OBSERVATION; INCEPTION_COST_INCLUDED_IN_COST_TOTALS_NOT_CAGR
M2_100_DIAGNOSTIC,GLOBAL_100,FULL_HISTORY,II_PLUS,250000.0,20.0,0.0,False,0.1448058522929514,0.13150200888296504,0.13092942457221368,0.01330384340998636,0.013876427720737716,0.015491176589709887,-0.23528517133407834,-0.23537246105400444,0.08192681173070927,0.08214332814392222,5.523060844665003,865,99,766,114,3056.34,1708.8600000000001,45257.59232967762,322.6315787427746,179.88,4777.455539442854,2761.5304223325015,3264.0420010752764,PLATFORM_MAINTENANCE_REPORTED_SEPARATELY_FROM_M2,FULL_MONTHLY_FEE_ON_FIRST_OBSERVED_SESSION_OF_EACH_STARTED_CALENDAR_MONTH,CANONICAL_A4D_FIRST_POST_COST_OBSERVATION; INCEPTION_COST_INCLUDED_IN_COST_TOTALS_NOT_CAGR
M2_100_DIAGNOSTIC,GLOBAL_100,LATEST_FIVE_YEARS,II_PLUS,250000.0,20.0,0.0,False,0.15295279206441914,0.13631518112319174,0.13587734607568924,0.0166376109412274,0.017075445988729898,0.021150632910277967,-0.2232961895938258,-0.22352003402772302,0.10123712480013099,0.10151414504092589,6.925927114696822,530,59,471,60,1879.2900000000002,899.4,34606.49177796822,378.17993268595046,179.88,6964.055963203613,3462.9635573484106,4021.023490034361,PLATFORM_MAINTENANCE_REPORTED_SEPARATELY_FROM_M2,FULL_MONTHLY_FEE_ON_FIRST_OBSERVED_SESSION_OF_EACH_STARTED_CALENDAR_MONTH,CANONICAL_A4D_FIRST_POST_COST_OBSERVATION; INCEPTION_COST_INCLUDED_IN_COST_TOTALS_NOT_CAGR
GLOBAL_100,GLOBAL_100,FULL_HISTORY,II_PLUS,250000.0,20.0,0.0,False,0.1160108322932567,0.11601083229325515,0.11546736258619195,1.5543122344752192e-15,0.0005434697070647587,0.0,-0.2558185599683076,-0.2558560456478848,0.04890992072479292,0.049014889690421226,0.1055614161849711,1,1,0,114,0.0,1708.8600000000001,500.0,0.0,179.88,52.78070809248555,52.78070809248554,232.66070809248555,PLATFORM_MAINTENANCE_REPORTED_SEPARATELY_FROM_M2,FULL_MONTHLY_FEE_ON_FIRST_OBSERVED_SESSION_OF_EACH_STARTED_CALENDAR_MONTH,CANONICAL_A4D_FIRST_POST_COST_OBSERVATION; INCEPTION_COST_INCLUDED_IN_COST_TOTALS_NOT_CAGR
GLOBAL_100,GLOBAL_100,LATEST_FIVE_YEARS,II_PLUS,250000.0,20.0,0.0,False,0.11516454821291444,0.11516454821291378,0.11475437667595667,6.661338147750939e-16,0.00041017153695777075,0.0,-0.18496854651804395,-0.1850341648535525,0.046400443692220586,0.04653317431866888,0.0,0,0,0,60,0.0,899.4,0.0,0.0,179.88,0.0,0.0,179.88,PLATFORM_MAINTENANCE_REPORTED_SEPARATELY_FROM_M2,FULL_MONTHLY_FEE_ON_FIRST_OBSERVED_SESSION_OF_EACH_STARTED_CALENDAR_MONTH,CANONICAL_A4D_FIRST_POST_COST_OBSERVATION; INCEPTION_COST_INCLUDED_IN_COST_TOTALS_NOT_CAGR
GLOBAL_75_DEFENSIVE_25,GLOBAL_75_DEFENSIVE_25,FULL_HISTORY,II_PREMIUM,250000.0,20.0,0.0,False,0.09291969802384759,0.09278399774815949,0.0912525271606075,0.00013570027568809984,0.0016671708632400861,0.0,-0.19550514107421002,-0.19561766714567042,0.03596428050276945,0.036251398027313544,0.14125588705592632,114,114,0,114,0.0,4558.860000000001,790.2567081865068,0.0,479.88,83.4206172658411,70.62794352796315,550.5079435279631,PLATFORM_MAINTENANCE_REPORTED_SEPARATELY_FROM_M2,FULL_MONTHLY_FEE_ON_FIRST_OBSERVED_SESSION_OF_EACH_STARTED_CALENDAR_MONTH,CANONICAL_A4D_FIRST_POST_COST_OBSERVATION; INCEPTION_COST_INCLUDED_IN_COST_TOTALS_NOT_CAGR
GLOBAL_75_DEFENSIVE_25,GLOBAL_75_DEFENSIVE_25,LATEST_FIVE_YEARS,II_PREMIUM,250000.0,20.0,0.0,False,0.0958241210599875,0.09570044789618226,0.09446587136908335,0.00012367316380523796,0.0013582496909041453,0.0,-0.13898588889392793,-0.1392038784859645,0.03352213750573257,0.03389044594151953,0.057585700467573525,60,60,0,60,0.0,2399.4,245.71260966827683,0.0,479.88,49.44610900097278,28.792850233786762,508.67285023378673,PLATFORM_MAINTENANCE_REPORTED_SEPARATELY_FROM_M2,FULL_MONTHLY_FEE_ON_FIRST_OBSERVED_SESSION_OF_EACH_STARTED_CALENDAR_MONTH,CANONICAL_A4D_FIRST_POST_COST_OBSERVATION; INCEPTION_COST_INCLUDED_IN_COST_TOTALS_NOT_CAGR
GLOBAL_65_M2_10_DEFENSIVE_25,GLOBAL_75_DEFENSIVE_25,FULL_HISTORY,II_PREMIUM,250000.0,20.0,0.0,False,0.09611386451411885,0.09394878021516617,0.09240113976605979,0.0021650842989526797,0.0037127247480590597,0.0011647824670066864,-0.1910790338417817,-0.19119441545437543,0.03584629568438123,0.03618650827682886,0.6838125098529217,1076,226,850,114,2541.5000000000005,4558.860000000001,4812.966182061639,268.2843392341041,479.88,508.0635262288001,341.90625492646086,1090.070594160565,PLATFORM_MAINTENANCE_REPORTED_SEPARATELY_FROM_M2,FULL_MONTHLY_FEE_ON_FIRST_OBSERVED_SESSION_OF_EACH_STARTED_CALENDAR_MONTH,CANONICAL_A4D_FIRST_POST_COST_OBSERVATION; INCEPTION_COST_INCLUDED_IN_COST_TOTALS_NOT_CAGR
GLOBAL_65_M2_10_DEFENSIVE_25,GLOBAL_75_DEFENSIVE_25,LATEST_FIVE_YEARS,II_PREMIUM,250000.0,20.0,0.0,False,0.10013283340331292,0.09776266399738942,0.09650918497729166,0.0023701694059234946,0.003623648426021253,0.0020622161012071594,-0.13516282301923388,-0.13531357513306086,0.03519839460701453,0.03565112378454601,0.7520076519855521,597,120,477,60,1426.2300000000002,2399.4,3280.021757912959,287.0081602066116,479.88,660.0569404487735,376.00382599277606,1142.8919861993877,PLATFORM_MAINTENANCE_REPORTED_SEPARATELY_FROM_M2,FULL_MONTHLY_FEE_ON_FIRST_OBSERVED_SESSION_OF_EACH_STARTED_CALENDAR_MONTH,CANONICAL_A4D_FIRST_POST_COST_OBSERVATION; INCEPTION_COST_INCLUDED_IN_COST_TOTALS_NOT_CAGR
GLOBAL_60_M2_15_DEFENSIVE_25,GLOBAL_75_DEFENSIVE_25,FULL_HISTORY,II_PREMIUM,250000.0,20.0,0.0,False,0.09770082509868461,0.09493346668126468,0.0933828601111002,0.0027673584174199295,0.004317964987584411,0.002149468933105192,-0.18883389909174397,-0.18895041006882307,0.03655664638729357,0.036922181350611205,0.9568724387735823,1076,226,850,114,2541.5000000000005,4558.860000000001,6838.084647561589,268.2843392341041,479.88,721.8378993893103,478.43621938679115,1226.6005586208953,PLATFORM_MAINTENANCE_REPORTED_SEPARATELY_FROM_M2,FULL_MONTHLY_FEE_ON_FIRST_OBSERVED_SESSION_OF_EACH_STARTED_CALENDAR_MONTH,CANONICAL_A4D_FIRST_POST_COST_OBSERVATION; INCEPTION_COST_INCLUDED_IN_COST_TOTALS_NOT_CAGR
GLOBAL_60_M2_15_DEFENSIVE_25,GLOBAL_75_DEFENSIVE_25,LATEST_FIVE_YEARS,II_PREMIUM,250000.0,20.0,0.0,False,0.10224675478863032,0.09911041359027761,0.09785455806096799,0.00313634119835271,0.004392196727662334,0.0034099656940953516,-0.13385631933392284,-0.13400783842378183,0.036888826909986044,0.03738042648024062,1.1009697312592834,597,120,477,60,1426.2300000000002,2399.4,4807.4738930481735,287.0081602066116,479.88,967.4345913948471,550.4848656296417,1317.3730258362534,PLATFORM_MAINTENANCE_REPORTED_SEPARATELY_FROM_M2,FULL_MONTHLY_FEE_ON_FIRST_OBSERVED_SESSION_OF_EACH_STARTED_CALENDAR_MONTH,CANONICAL_A4D_FIRST_POST_COST_OBSERVATION; INCEPTION_COST_INCLUDED_IN_COST_TOTALS_NOT_CAGR
GLOBAL_50_M2_25_DEFENSIVE_25,GLOBAL_75_DEFENSIVE_25,FULL_HISTORY,II_PREMIUM,250000.0,20.0,0.0,False,0.10080981435170822,0.09683474056499741,0.09527797957998074,0.003975073786710803,0.005531834771727473,0.004050742816837927,-0.18433820541251966,-0.18445701199655995,0.038691602712163535,0.03914608975951632,1.5024903667854268,1076,226,850,114,2541.5000000000005,4558.860000000001,10878.249232128574,268.2843392341041,479.88,1148.3233945565667,751.2451833927134,1499.4095226268175,PLATFORM_MAINTENANCE_REPORTED_SEPARATELY_FROM_M2,FULL_MONTHLY_FEE_ON_FIRST_OBSERVED_SESSION_OF_EACH_STARTED_CALENDAR_MONTH,CANONICAL_A4D_FIRST_POST_COST_OBSERVATION; INCEPTION_COST_INCLUDED_IN_COST_TOTALS_NOT_CAGR
GLOBAL_50_M2_25_DEFENSIVE_25,GLOBAL_75_DEFENSIVE_25,LATEST_FIVE_YEARS,II_PREMIUM,250000.0,20.0,0.0,False,0.10638547693242262,0.10171113155444966,0.10045016615533031,0.004674345377972955,0.005935310777092306,0.006010683658267402,-0.13149176168433463,-0.13164483510793612,0.041204720753405255,0.04181921805792508,1.7981916195479497,597,120,477,60,1426.2300000000002,2399.4,7857.074963111721,287.0081602066116,479.88,1581.122700944536,899.0958097739749,1665.9839699805866,PLATFORM_MAINTENANCE_REPORTED_SEPARATELY_FROM_M2,FULL_MONTHLY_FEE_ON_FIRST_OBSERVED_SESSION_OF_EACH_STARTED_CALENDAR_MONTH,CANONICAL_A4D_FIRST_POST_COST_OBSERVATION; INCEPTION_COST_INCLUDED_IN_COST_TOTALS_NOT_CAGR
M2_100_DIAGNOSTIC,GLOBAL_100,FULL_HISTORY,II_PREMIUM,250000.0,20.0,0.0,False,0.1448058522929514,0.1318370170095533,0.13030781041932604,0.012968835283398095,0.014498041873625356,0.015826184716298153,-0.2352216037349505,-0.23545469927391682,0.08178273856844208,0.08236139830885172,5.523060844665003,865,198,667,114,1994.3300000000004,4558.860000000001,45347.42087478635,210.52429914017344,479.88,4786.937967878368,2761.5304223325015,3451.934721472675,PLATFORM_MAINTENANCE_REPORTED_SEPARATELY_FROM_M2,FULL_MONTHLY_FEE_ON_FIRST_OBSERVED_SESSION_OF_EACH_STARTED_CALENDAR_MONTH,CANONICAL_A4D_FIRST_POST_COST_OBSERVATION; INCEPTION_COST_INCLUDED_IN_COST_TOTALS_NOT_CAGR
M2_100_DIAGNOSTIC,GLOBAL_100,LATEST_FIVE_YEARS,II_PREMIUM,250000.0,20.0,0.0,False,0.15295279206441914,0.13662637289367652,0.1354565437361086,0.016326419170742623,0.017496248328310537,0.021461824680762742,-0.22313867325654646,-0.22373666149729854,0.10104458917407341,0.10178492179308066,6.925927114696822,530,118,412,60,1231.88,2399.4,34687.12242138683,247.89803355371902,479.88,6980.281714045939,3462.9635573484106,4190.741590902129,PLATFORM_MAINTENANCE_REPORTED_SEPARATELY_FROM_M2,FULL_MONTHLY_FEE_ON_FIRST_OBSERVED_SESSION_OF_EACH_STARTED_CALENDAR_MONTH,CANONICAL_A4D_FIRST_POST_COST_OBSERVATION; INCEPTION_COST_INCLUDED_IN_COST_TOTALS_NOT_CAGR
GLOBAL_100,GLOBAL_100,FULL_HISTORY,II_PREMIUM,250000.0,20.0,0.0,False,0.1160108322932567,0.11601083229325515,0.11455580723034697,1.5543122344752192e-15,0.0014550250629097317,0.0,-0.2558185599683076,-0.25591889723728944,0.04890992072479292,0.049192140833491854,0.1055614161849711,1,1,0,114,0.0,4558.860000000001,500.0,0.0,479.88,52.78070809248555,52.78070809248554,532.6607080924855,PLATFORM_MAINTENANCE_REPORTED_SEPARATELY_FROM_M2,FULL_MONTHLY_FEE_ON_FIRST_OBSERVED_SESSION_OF_EACH_STARTED_CALENDAR_MONTH,CANONICAL_A4D_FIRST_POST_COST_OBSERVATION; INCEPTION_COST_INCLUDED_IN_COST_TOTALS_NOT_CAGR
GLOBAL_100,GLOBAL_100,LATEST_FIVE_YEARS,II_PREMIUM,250000.0,20.0,0.0,False,0.11516454821291444,0.11516454821291378,0.11406372252365982,6.661338147750939e-16,0.0011008256892546253,0.0,-0.18496854651804395,-0.1851448407990014,0.046400443692220586,0.04675787909860222,0.0,0,0,0,60,0.0,2399.4,0.0,0.0,479.88,0.0,0.0,479.88,PLATFORM_MAINTENANCE_REPORTED_SEPARATELY_FROM_M2,FULL_MONTHLY_FEE_ON_FIRST_OBSERVED_SESSION_OF_EACH_STARTED_CALENDAR_MONTH,CANONICAL_A4D_FIRST_POST_COST_OBSERVATION; INCEPTION_COST_INCLUDED_IN_COST_TOTALS_NOT_CAGR
GLOBAL_75_DEFENSIVE_25,GLOBAL_75_DEFENSIVE_25,FULL_HISTORY,II_PLUS,563000.0,20.0,0.0,False,0.09291969802384759,0.09278399774815949,0.09253037845042389,0.00013570027568809984,0.0003893195734236965,0.0,-0.19550514107421002,-0.19552378655576408,0.03596428050276945,0.036011474339890125,0.14125588705592632,114,114,0,114,0.0,1708.8600000000001,1779.6581068360135,0.0,179.88,187.86323008267416,159.05412882497305,338.9341288249731,PLATFORM_MAINTENANCE_REPORTED_SEPARATELY_FROM_M2,FULL_MONTHLY_FEE_ON_FIRST_OBSERVED_SESSION_OF_EACH_STARTED_CALENDAR_MONTH,CANONICAL_A4D_FIRST_POST_COST_OBSERVATION; INCEPTION_COST_INCLUDED_IN_COST_TOTALS_NOT_CAGR
GLOBAL_75_DEFENSIVE_25,GLOBAL_75_DEFENSIVE_25,LATEST_FIVE_YEARS,II_PLUS,563000.0,20.0,0.0,False,0.0958241210599875,0.09570044789618226,0.09549667434493325,0.00012367316380523796,0.00032744671505424705,0.0,-0.13898588889392793,-0.13902181310466288,0.03352213750573257,0.033582529187627136,0.057585700467573525,60,60,0,60,0.0,899.4,553.3447969729593,0.0,179.88,111.35263747019069,64.84149872648779,244.72149872648777,PLATFORM_MAINTENANCE_REPORTED_SEPARATELY_FROM_M2,FULL_MONTHLY_FEE_ON_FIRST_OBSERVED_SESSION_OF_EACH_STARTED_CALENDAR_MONTH,CANONICAL_A4D_FIRST_POST_COST_OBSERVATION; INCEPTION_COST_INCLUDED_IN_COST_TOTALS_NOT_CAGR
GLOBAL_65_M2_10_DEFENSIVE_25,GLOBAL_75_DEFENSIVE_25,FULL_HISTORY,II_PLUS,563000.0,20.0,0.0,False,0.09611386451411885,0.0942245143583682,0.09396878962710686,0.0018893501557506465,0.0021450748870119885,0.0014405166102087197,-0.1910596659954007,-0.19107874936120073,0.03578515598104363,0.0358407064619394,0.6838125098529217,1076,113,963,114,3842.370000000001,1708.8600000000001,10855.352451397184,405.6060187066475,179.88,1145.9063779564844,769.9728860943899,1355.4589048010375,PLATFORM_MAINTENANCE_REPORTED_SEPARATELY_FROM_M2,FULL_MONTHLY_FEE_ON_FIRST_OBSERVED_SESSION_OF_EACH_STARTED_CALENDAR_MONTH,CANONICAL_A4D_FIRST_POST_COST_OBSERVATION; INCEPTION_COST_INCLUDED_IN_COST_TOTALS_NOT_CAGR
GLOBAL_65_M2_10_DEFENSIVE_25,GLOBAL_75_DEFENSIVE_25,LATEST_FIVE_YEARS,II_PLUS,563000.0,20.0,0.0,False,0.10013283340331292,0.09800709134675523,0.09780098431398931,0.002125742056557689,0.002331849089323601,0.002306643450572965,-0.13513541909708215,-0.13516015072989696,0.035113001260682224,0.03518678577405112,0.7520076519855521,597,60,537,60,2142.63,899.4,7401.067183357174,431.1732990495868,179.88,1489.3577304227729,846.7606161357318,1457.8139151853184,PLATFORM_MAINTENANCE_REPORTED_SEPARATELY_FROM_M2,FULL_MONTHLY_FEE_ON_FIRST_OBSERVED_SESSION_OF_EACH_STARTED_CALENDAR_MONTH,CANONICAL_A4D_FIRST_POST_COST_OBSERVATION; INCEPTION_COST_INCLUDED_IN_COST_TOTALS_NOT_CAGR
GLOBAL_60_M2_15_DEFENSIVE_25,GLOBAL_75_DEFENSIVE_25,FULL_HISTORY,II_PLUS,563000.0,20.0,0.0,False,0.09770082509868461,0.09520975199644566,0.09495353906090398,0.00249107310223895,0.0027472860377806274,0.0024257542482861716,-0.18881434194053193,-0.18883361181813318,0.03649157436743653,0.03655044803856513,0.9568724387735823,1076,113,963,114,3842.370000000001,1708.8600000000001,15423.636852393542,405.6060187066475,179.88,1628.1409488613722,1077.4383660590536,1662.9243847657012,PLATFORM_MAINTENANCE_REPORTED_SEPARATELY_FROM_M2,FULL_MONTHLY_FEE_ON_FIRST_OBSERVED_SESSION_OF_EACH_STARTED_CALENDAR_MONTH,CANONICAL_A4D_FIRST_POST_COST_OBSERVATION; INCEPTION_COST_INCLUDED_IN_COST_TOTALS_NOT_CAGR
GLOBAL_60_M2_15_DEFENSIVE_25,GLOBAL_75_DEFENSIVE_25,LATEST_FIVE_YEARS,II_PLUS,563000.0,20.0,0.0,False,0.10224675478863032,0.09935531021049249,0.09914881529027308,0.002891444578137836,0.0030979394983572384,0.0036548623143102255,-0.13382878046380076,-0.13385363735552214,0.03679778382278005,0.036876443590810645,1.1009697312592834,597,60,537,60,2142.63,899.4,10847.683318158492,431.1732990495868,179.88,2182.939379797522,1239.6919173979531,1850.7452164475399,PLATFORM_MAINTENANCE_REPORTED_SEPARATELY_FROM_M2,FULL_MONTHLY_FEE_ON_FIRST_OBSERVED_SESSION_OF_EACH_STARTED_CALENDAR_MONTH,CANONICAL_A4D_FIRST_POST_COST_OBSERVATION; INCEPTION_COST_INCLUDED_IN_COST_TOTALS_NOT_CAGR
GLOBAL_50_M2_25_DEFENSIVE_25,GLOBAL_75_DEFENSIVE_25,FULL_HISTORY,II_PLUS,563000.0,20.0,0.0,False,0.10080981435170822,0.09711217215791512,0.09685494650149384,0.0036976421937930937,0.003954867850214372,0.004328174409755636,-0.18431826348302704,-0.18433791246120668,0.03860915560831471,0.038683149090893695,1.5024903667854268,1076,113,963,114,3842.370000000001,1708.8600000000001,24537.5741709832,405.6060187066475,179.88,2590.2210792327546,1691.8041530003904,2277.290171707038,PLATFORM_MAINTENANCE_REPORTED_SEPARATELY_FROM_M2,FULL_MONTHLY_FEE_ON_FIRST_OBSERVED_SESSION_OF_EACH_STARTED_CALENDAR_MONTH,CANONICAL_A4D_FIRST_POST_COST_OBSERVATION; INCEPTION_COST_INCLUDED_IN_COST_TOTALS_NOT_CAGR
GLOBAL_50_M2_25_DEFENSIVE_25,GLOBAL_75_DEFENSIVE_25,LATEST_FIVE_YEARS,II_PLUS,563000.0,20.0,0.0,False,0.10638547693242262,0.10195703672171885,0.10174970774991676,0.004428440210703766,0.004635769182505856,0.006256588825536591,-0.1314639493731421,-0.1314890600535451,0.04108908470547817,0.0411891096733731,1.7981916195479497,597,60,537,60,2142.63,899.4,17729.018243812974,431.1732990495868,179.88,3567.7085101464795,2024.7637636109914,2635.8170626605784,PLATFORM_MAINTENANCE_REPORTED_SEPARATELY_FROM_M2,FULL_MONTHLY_FEE_ON_FIRST_OBSERVED_SESSION_OF_EACH_STARTED_CALENDAR_MONTH,CANONICAL_A4D_FIRST_POST_COST_OBSERVATION; INCEPTION_COST_INCLUDED_IN_COST_TOTALS_NOT_CAGR
M2_100_DIAGNOSTIC,GLOBAL_100,FULL_HISTORY,II_PLUS,563000.0,20.0,0.0,False,0.1448058522929514,0.13203607170809906,0.1317831695147733,0.012769780584852342,0.013022682778178085,0.016025239414843906,-0.23518267319479258,-0.23522124080842766,0.08169637250996312,0.08179149508256917,5.523060844665003,865,99,766,114,3056.3400000000006,1708.8600000000001,102240.93324019638,322.6315787427746,179.88,10792.697704908214,6218.966511092794,6721.478089835568,PLATFORM_MAINTENANCE_REPORTED_SEPARATELY_FROM_M2,FULL_MONTHLY_FEE_ON_FIRST_OBSERVED_SESSION_OF_EACH_STARTED_CALENDAR_MONTH,CANONICAL_A4D_FIRST_POST_COST_OBSERVATION; INCEPTION_COST_INCLUDED_IN_COST_TOTALS_NOT_CAGR
M2_100_DIAGNOSTIC,GLOBAL_100,LATEST_FIVE_YEARS,II_PLUS,563000.0,20.0,0.0,False,0.15295279206441914,0.1368166655917915,0.13662408966997774,0.016136126472627632,0.016328702394441397,0.021652117378877733,-0.22304543980323277,-0.2231440975961536,0.10092872251065403,0.1010504100304651,6.925927114696822,530,59,471,60,1879.2900000000002,899.4,78222.2049572196,378.17993268595046,179.88,15741.08743475883,7798.593931148622,8356.653863834572,PLATFORM_MAINTENANCE_REPORTED_SEPARATELY_FROM_M2,FULL_MONTHLY_FEE_ON_FIRST_OBSERVED_SESSION_OF_EACH_STARTED_CALENDAR_MONTH,CANONICAL_A4D_FIRST_POST_COST_OBSERVATION; INCEPTION_COST_INCLUDED_IN_COST_TOTALS_NOT_CAGR
GLOBAL_100,GLOBAL_100,FULL_HISTORY,II_PLUS,563000.0,20.0,0.0,False,0.1160108322932567,0.11601083229325515,0.11576978959515505,1.5543122344752192e-15,0.00024104269810165668,0.0,-0.2558185599683076,-0.2558351870365413,0.04890992072479292,0.04895641166689165,0.1055614161849711,1,1,0,114,0.0,1708.8600000000001,1126.0,0.0,179.88,118.86215462427745,118.86215462427747,298.7421546242775,PLATFORM_MAINTENANCE_REPORTED_SEPARATELY_FROM_M2,FULL_MONTHLY_FEE_ON_FIRST_OBSERVED_SESSION_OF_EACH_STARTED_CALENDAR_MONTH,CANONICAL_A4D_FIRST_POST_COST_OBSERVATION; INCEPTION_COST_INCLUDED_IN_COST_TOTALS_NOT_CAGR
GLOBAL_100,GLOBAL_100,LATEST_FIVE_YEARS,II_PLUS,563000.0,20.0,0.0,False,0.11516454821291444,0.11516454821291378,0.11498277371963428,6.661338147750939e-16,0.00018177449328016237,0.0,-0.18496854651804395,-0.18499761621345312,0.046400443692220586,0.04645919866439828,0.0,0,0,0,60,0.0,899.4,0.0,0.0,179.88,0.0,0.0,179.88,PLATFORM_MAINTENANCE_REPORTED_SEPARATELY_FROM_M2,FULL_MONTHLY_FEE_ON_FIRST_OBSERVED_SESSION_OF_EACH_STARTED_CALENDAR_MONTH,CANONICAL_A4D_FIRST_POST_COST_OBSERVATION; INCEPTION_COST_INCLUDED_IN_COST_TOTALS_NOT_CAGR
GLOBAL_75_DEFENSIVE_25,GLOBAL_75_DEFENSIVE_25,FULL_HISTORY,II_PREMIUM,563000.0,20.0,0.0,False,0.09291969802384759,0.09278399774815949,0.09210625441652343,0.00013570027568809984,0.0008134436073241602,0.0,-0.19550514107421002,-0.19555495784850518,0.03596428050276945,0.03609071115619806,0.14125588705592632,114,114,0,114,0.0,4558.860000000001,1779.6581068360135,0.0,479.88,187.86323008267416,159.05412882497305,638.9341288249731,PLATFORM_MAINTENANCE_REPORTED_SEPARATELY_FROM_M2,FULL_MONTHLY_FEE_ON_FIRST_OBSERVED_SESSION_OF_EACH_STARTED_CALENDAR_MONTH,CANONICAL_A4D_FIRST_POST_COST_OBSERVATION; INCEPTION_COST_INCLUDED_IN_COST_TOTALS_NOT_CAGR
GLOBAL_75_DEFENSIVE_25,GLOBAL_75_DEFENSIVE_25,LATEST_FIVE_YEARS,II_PREMIUM,563000.0,20.0,0.0,False,0.0958241210599875,0.09570044789618226,0.09515530511777248,0.00012367316380523796,0.0006688159422150175,0.0,-0.13898588889392793,-0.1390820444478943,0.03352213750573257,0.033684057030526494,0.057585700467573525,60,60,0,60,0.0,2399.4,553.3447969729593,0.0,479.88,111.35263747019069,64.84149872648779,544.7214987264878,PLATFORM_MAINTENANCE_REPORTED_SEPARATELY_FROM_M2,FULL_MONTHLY_FEE_ON_FIRST_OBSERVED_SESSION_OF_EACH_STARTED_CALENDAR_MONTH,CANONICAL_A4D_FIRST_POST_COST_OBSERVATION; INCEPTION_COST_INCLUDED_IN_COST_TOTALS_NOT_CAGR
GLOBAL_65_M2_10_DEFENSIVE_25,GLOBAL_75_DEFENSIVE_25,FULL_HISTORY,II_PREMIUM,563000.0,20.0,0.0,False,0.09611386451411885,0.09441662652543825,0.09373429368035024,0.0016972379886806,0.0023795708337686072,0.0016326287772787662,-0.19104569707080377,-0.1910966170494196,0.035742905962113526,0.03589115839536852,0.6838125098529217,1076,226,850,114,2541.5000000000005,4558.860000000001,10867.117530357733,268.2843392341041,479.88,1147.148316353088,769.9728860943899,1518.137225328494,PLATFORM_MAINTENANCE_REPORTED_SEPARATELY_FROM_M2,FULL_MONTHLY_FEE_ON_FIRST_OBSERVED_SESSION_OF_EACH_STARTED_CALENDAR_MONTH,CANONICAL_A4D_FIRST_POST_COST_OBSERVATION; INCEPTION_COST_INCLUDED_IN_COST_TOTALS_NOT_CAGR
GLOBAL_65_M2_10_DEFENSIVE_25,GLOBAL_75_DEFENSIVE_25,LATEST_FIVE_YEARS,II_PREMIUM,563000.0,20.0,0.0,False,0.10013283340331292,0.09817055600252678,0.09762058045902,0.0019622774007861388,0.0025122529442929142,0.002470108106344515,-0.13511651571899308,-0.13518251533244474,0.0350553828521578,0.03525229706568382,0.7520076519855521,597,120,477,60,1426.2300000000002,2399.4,7411.287841230142,287.0081602066116,479.88,1491.4144900002755,846.7606161357318,1613.6487763423434,PLATFORM_MAINTENANCE_REPORTED_SEPARATELY_FROM_M2,FULL_MONTHLY_FEE_ON_FIRST_OBSERVED_SESSION_OF_EACH_STARTED_CALENDAR_MONTH,CANONICAL_A4D_FIRST_POST_COST_OBSERVATION; INCEPTION_COST_INCLUDED_IN_COST_TOTALS_NOT_CAGR
GLOBAL_60_M2_15_DEFENSIVE_25,GLOBAL_75_DEFENSIVE_25,FULL_HISTORY,II_PREMIUM,563000.0,20.0,0.0,False,0.09770082509868461,0.09540224206927972,0.0947186065297938,0.002298583029404888,0.0029822185688908043,0.0026182443211202333,-0.18880023653738187,-0.18885165420116057,0.03644668888810155,0.036603808212020396,0.9568724387735823,1076,226,850,114,2541.5000000000005,4558.860000000001,15440.883139070762,268.2843392341041,479.88,1629.9614913069515,1077.4383660590536,1825.6027052931577,PLATFORM_MAINTENANCE_REPORTED_SEPARATELY_FROM_M2,FULL_MONTHLY_FEE_ON_FIRST_OBSERVED_SESSION_OF_EACH_STARTED_CALENDAR_MONTH,CANONICAL_A4D_FIRST_POST_COST_OBSERVATION; INCEPTION_COST_INCLUDED_IN_COST_TOTALS_NOT_CAGR
GLOBAL_60_M2_15_DEFENSIVE_25,GLOBAL_75_DEFENSIVE_25,LATEST_FIVE_YEARS,II_PREMIUM,563000.0,20.0,0.0,False,0.10224675478863032,0.09951908530248432,0.09896807464868052,0.0027276694861460005,0.0032786801399498078,0.003818637406302061,-0.13380978285345424,-0.13387611676721256,0.03673633711765483,0.03694625962503085,1.1009697312592834,597,120,477,60,1426.2300000000002,2399.4,10862.704742903492,287.0081602066116,479.88,2185.9622242754426,1239.6919173979531,2006.5800776045648,PLATFORM_MAINTENANCE_REPORTED_SEPARATELY_FROM_M2,FULL_MONTHLY_FEE_ON_FIRST_OBSERVED_SESSION_OF_EACH_STARTED_CALENDAR_MONTH,CANONICAL_A4D_FIRST_POST_COST_OBSERVATION; INCEPTION_COST_INCLUDED_IN_COST_TOTALS_NOT_CAGR
GLOBAL_50_M2_25_DEFENSIVE_25,GLOBAL_75_DEFENSIVE_25,FULL_HISTORY,II_PREMIUM,563000.0,20.0,0.0,False,0.10080981435170822,0.09730544708840205,0.09661910925685468,0.003504367263306163,0.004190705094853531,0.004521449340242567,-0.18430388067824566,-0.18435630992888008,0.038553186965185254,0.038750017326870584,1.5024903667854268,1076,226,850,114,2541.5000000000005,4558.860000000001,24565.81687299225,268.2843392341041,479.88,2593.2024188537202,1691.8041530003904,2439.9684922344945,PLATFORM_MAINTENANCE_REPORTED_SEPARATELY_FROM_M2,FULL_MONTHLY_FEE_ON_FIRST_OBSERVED_SESSION_OF_EACH_STARTED_CALENDAR_MONTH,CANONICAL_A4D_FIRST_POST_COST_OBSERVATION; INCEPTION_COST_INCLUDED_IN_COST_TOTALS_NOT_CAGR
GLOBAL_50_M2_25_DEFENSIVE_25,GLOBAL_75_DEFENSIVE_25,LATEST_FIVE_YEARS,II_PREMIUM,563000.0,20.0,0.0,False,0.10638547693242262,0.10212147915120373,0.10156824275882381,0.004263997781218887,0.004817234173598806,0.00642103125502147,-0.1314447608410524,-0.13151177208769105,0.041011039652461966,0.041277990634494395,1.7981916195479497,597,120,477,60,1426.2300000000002,2399.4,17753.671385370977,287.0081602066116,479.88,3572.669598331327,2024.7637636109914,2791.6519238176033,PLATFORM_MAINTENANCE_REPORTED_SEPARATELY_FROM_M2,FULL_MONTHLY_FEE_ON_FIRST_OBSERVED_SESSION_OF_EACH_STARTED_CALENDAR_MONTH,CANONICAL_A4D_FIRST_POST_COST_OBSERVATION; INCEPTION_COST_INCLUDED_IN_COST_TOTALS_NOT_CAGR
M2_100_DIAGNOSTIC,GLOBAL_100,FULL_HISTORY,II_PREMIUM,563000.0,20.0,0.0,False,0.1448058522929514,0.13218432860274798,0.13150931619991302,0.012621523690203418,0.01329653609303838,0.01617349630949283,-0.23515451569679335,-0.23525744952151495,0.08163281946387041,0.08188681828370188,5.523060844665003,865,198,667,114,1994.3300000000004,4558.860000000001,102330.76178530486,210.52429914017344,479.88,10802.180133343702,6218.966511092794,6909.370810232967,PLATFORM_MAINTENANCE_REPORTED_SEPARATELY_FROM_M2,FULL_MONTHLY_FEE_ON_FIRST_OBSERVED_SESSION_OF_EACH_STARTED_CALENDAR_MONTH,CANONICAL_A4D_FIRST_POST_COST_OBSERVATION; INCEPTION_COST_INCLUDED_IN_COST_TOTALS_NOT_CAGR
M2_100_DIAGNOSTIC,GLOBAL_100,LATEST_FIVE_YEARS,II_PREMIUM,563000.0,20.0,0.0,False,0.15295279206441914,0.13695411410295355,0.13644002139381195,0.01599867796146559,0.01651277067060719,0.021789565890039775,-0.22297577394877421,-0.22323912991380834,0.100843754893018,0.10116864184375873,6.925927114696822,530,118,412,60,1231.88,2399.4,78302.83560063795,247.89803355371902,479.88,15757.313185601104,7798.593931148622,8526.37196470234,PLATFORM_MAINTENANCE_REPORTED_SEPARATELY_FROM_M2,FULL_MONTHLY_FEE_ON_FIRST_OBSERVED_SESSION_OF_EACH_STARTED_CALENDAR_MONTH,CANONICAL_A4D_FIRST_POST_COST_OBSERVATION; INCEPTION_COST_INCLUDED_IN_COST_TOTALS_NOT_CAGR
GLOBAL_100,GLOBAL_100,FULL_HISTORY,II_PREMIUM,563000.0,20.0,0.0,False,0.1160108322932567,0.11601083229325515,0.11536677082141789,1.5543122344752192e-15,0.0006440614718388193,0.0,-0.2558185599683076,-0.25586298285076803,0.04890992072479292,0.04903437671722518,0.1055614161849711,1,1,0,114,0.0,4558.860000000001,1126.0,0.0,479.88,118.86215462427745,118.86215462427747,598.7421546242774,PLATFORM_MAINTENANCE_REPORTED_SEPARATELY_FROM_M2,FULL_MONTHLY_FEE_ON_FIRST_OBSERVED_SESSION_OF_EACH_STARTED_CALENDAR_MONTH,CANONICAL_A4D_FIRST_POST_COST_OBSERVATION; INCEPTION_COST_INCLUDED_IN_COST_TOTALS_NOT_CAGR
GLOBAL_100,GLOBAL_100,LATEST_FIVE_YEARS,II_PREMIUM,563000.0,20.0,0.0,False,0.11516454821291444,0.11516454821291378,0.11467832656326049,6.661338147750939e-16,0.00048622164965395065,0.0,-0.18496854651804395,-0.185046340256106,0.046400443692220586,0.04655784329892543,0.0,0,0,0,60,0.0,2399.4,0.0,0.0,479.88,0.0,0.0,479.88,PLATFORM_MAINTENANCE_REPORTED_SEPARATELY_FROM_M2,FULL_MONTHLY_FEE_ON_FIRST_OBSERVED_SESSION_OF_EACH_STARTED_CALENDAR_MONTH,CANONICAL_A4D_FIRST_POST_COST_OBSERVATION; INCEPTION_COST_INCLUDED_IN_COST_TOTALS_NOT_CAGR
