as_of_date,requested_asof,economic_exposure_family_id,economic_exposure_family,ticker,isin,II_CURRENT_TRADABLE,II_OBSERVATION_DATE,rotation_pool,primary_competition_pool_id,parent_exposure_family_id,global_benchmark_family_id,parent_benchmark_family_id,a0_primary_geography,sector,industry,economic_theme,deepvue_theme,RS_21,RS_42,RS_63,RS_126,RS_252,rank_1m,rank_2m,rank_3m,rank_6m,rank_12m,short_1_2_3_composite,equal_five_horizon_composite,60_day_centred_composite,3_6_12_composite,pairwise_win_rate,pairwise_rank,REL_SEG_0_1M,REL_SEG_1_2M,REL_SEG_2_3M,REL_SEG_3_6M,REL_SEG_6_12M,one_week_rank_change,one_month_rank_change,relative_line_slope_63,relative_line_r2_63,relative_strength_state,state_transition,leadership_duration_weeks,global_trend_regime,volatility_regime,dispersion_regime,breadth_regime,rotation_intensity_regime,us_technology_dominance,research_maturity_asof,data_quality_status,current_universe_status,current_implementable_view,market_intelligence_classification,public_ISA_rules_status,UK_retail_disclosure_status,LSE_current_status,current_observation_date,warning
2026-08-21,2026-08-21,CANADA,Broad Canadian equities,CSCA,IE00B52SF786,NOT_CHECKED,NOT_APPLICABLE,COUNTRY,POOL_COUNTRY_ROTATION,GLOBAL_DEVELOPED_WORLD,GLOBAL_DEVELOPED_WORLD,GLOBAL_DEVELOPED_WORLD,CANADA,BROAD_MARKET,BROAD_MARKET,NOT_APPLICABLE,NOT_APPLICABLE,0.008790783125488533,0.03207630199661904,0.02506974514938376,-0.010442031431323384,0.07892827761145904,0.8571428571428571,1.0,1.0,0.7142857142857143,0.7142857142857143,0.9523809523809524,0.8571428571428572,0.9,0.8095238095238095,0.8333333333333334,1.0,0.008790783125488533,0.023082604699248277,-0.006788797333763585,-0.03464327841958903,0.09031336402863821,0.09523809523809523,0.1428571428571428,0.0003471574536001042,0.32705007984659296,LEADING,LEADING->LEADING,6,ABOVE_200,LOW,NORMAL,NARROW,HIGH,DOMINANT,MATURE,HISTORICAL_ELIGIBILITY_UNRESOLVED,SIGNAL_ELIGIBLE_AT_ASOF,YES,MARKET_INTELLIGENCE_ONLY,RULES_ELIGIBLE,CURRENT_DISCLOSURE_CONFIRMED,CONFIRMED,2026-08-23,"HISTORICAL UK RETAIL, ACCOUNT AND BROKER ELIGIBILITY REMAIN UNRESOLVED"
2026-08-21,2026-08-21,AUSTRALIA,Broad Australian equities,AUAD,IE00BD4TY345,NOT_CHECKED,NOT_APPLICABLE,COUNTRY,POOL_COUNTRY_ROTATION,DEVELOPED_ASIA_PACIFIC,GLOBAL_DEVELOPED_WORLD,DEVELOPED_ASIA_PACIFIC,AUSTRALIA,BROAD_MARKET,NOT_APPLICABLE,NOT_APPLICABLE,NOT_APPLICABLE,-0.000962950936755802,0.014165219565015263,0.007753340274954779,-0.07756879123215354,-0.07871341513048113,0.5714285714285714,0.7142857142857143,0.8571428571428571,0.5714285714285714,0.42857142857142855,0.7142857142857143,0.6285714285714287,0.6928571428571428,0.6190476190476191,0.5,4.0,-0.000962950936755802,0.01514275222921535,-0.0063223222078259145,-0.08466568960597953,-0.0012408772463979867,0.09523809523809534,-0.04761904761904756,0.0001613195722063569,0.042168818117422964,LEADING,IMPROVING->LEADING,1,ABOVE_200,LOW,NORMAL,NARROW,HIGH,DOMINANT,MATURE,HISTORICAL_ELIGIBILITY_UNRESOLVED,SIGNAL_ELIGIBLE_AT_ASOF,YES,MARKET_INTELLIGENCE_ONLY,UNCERTAIN,CURRENT_DISCLOSURE_CONFIRMED,CONFIRMED,2026-08-23,"HISTORICAL UK RETAIL, ACCOUNT AND BROKER ELIGIBILITY REMAIN UNRESOLVED"
2026-08-21,2026-08-21,INDIA,Broad Indian equities,IIND,IE00BZCQB185,NOT_CHECKED,NOT_APPLICABLE,COUNTRY,POOL_COUNTRY_ROTATION,EMERGING_MARKETS,GLOBAL_DEVELOPED_WORLD,EMERGING_MARKETS,INDIA,BROAD_MARKET,BROAD_MARKET,NOT_APPLICABLE,NOT_APPLICABLE,-0.004004614731295653,-0.04517961539655113,-0.011477865456479441,-0.19169569084764115,-0.26322725909032274,0.42857142857142855,0.5714285714285714,0.7142857142857143,0.14285714285714285,0.14285714285714285,0.5714285714285715,0.4,0.4785714285714286,0.3333333333333333,0.16666666666666666,6.0,-0.004004614731295653,-0.041340553655423884,0.03529642902844854,-0.18231035916497984,-0.08849583929311733,0.0,0.04761904761904778,-3.0369101791634312e-05,0.0009911108970912929,IMPROVING,IMPROVING->IMPROVING,4,ABOVE_200,LOW,NORMAL,NARROW,HIGH,DOMINANT,MATURE,HISTORICAL_ELIGIBILITY_UNRESOLVED,SIGNAL_ELIGIBLE_AT_ASOF,YES,MARKET_INTELLIGENCE_ONLY,UNCERTAIN,DISCLOSURE_NOT_FOUND,CONFIRMED,2026-08-23,"HISTORICAL UK RETAIL, ACCOUNT AND BROKER ELIGIBILITY REMAIN UNRESOLVED"
2026-08-21,2026-08-21,TAIWAN,Broad Taiwanese equities,ITWN,IE00B0M63623,NOT_CHECKED,NOT_APPLICABLE,COUNTRY,POOL_COUNTRY_ROTATION,EMERGING_MARKETS,GLOBAL_DEVELOPED_WORLD,EMERGING_MARKETS,TAIWAN,BROAD_MARKET,BROAD_MARKET,NOT_APPLICABLE,NOT_APPLICABLE,0.002758859500601174,-0.05324600841454896,-0.02515599091256171,0.25575437109085675,0.5517154207871844,0.7142857142857143,0.42857142857142855,0.5714285714285714,1.0,0.8571428571428571,0.5714285714285714,0.7142857142857144,0.6642857142857143,0.8095238095238094,0.8333333333333334,1.0,0.002758859500601174,-0.05585078345061123,0.029669816817933015,0.28815929459973955,0.23568386979949763,-0.19047619047619047,0.04761904761904756,-0.0014627573398468918,0.40508543591256413,WEAKENING,LEADING->WEAKENING,1,ABOVE_200,LOW,NORMAL,NARROW,HIGH,DOMINANT,MATURE,HISTORICAL_ELIGIBILITY_UNRESOLVED,SIGNAL_ELIGIBLE_AT_ASOF,YES,MARKET_INTELLIGENCE_ONLY,RULES_ELIGIBLE,CURRENT_DISCLOSURE_CONFIRMED,CONFIRMED,2026-08-23,"HISTORICAL UK RETAIL, ACCOUNT AND BROKER ELIGIBILITY REMAIN UNRESOLVED"
2026-08-21,2026-08-21,CHINA_BROAD,Broad China equities,HMCH,IE00B44T3H88,NOT_CHECKED,NOT_APPLICABLE,COUNTRY,POOL_COUNTRY_CHINA_IMPLEMENTATIONS,EMERGING_MARKETS,GLOBAL_DEVELOPED_WORLD,EMERGING_MARKETS,CHINA,BROAD_MARKET,NOT_APPLICABLE,NOT_APPLICABLE,NOT_APPLICABLE,-0.010138215742765855,0.018964940849800938,-0.0398627865315887,-0.17195183054406138,-0.24011096108491925,0.2857142857142857,0.8571428571428571,0.42857142857142855,0.2857142857142857,0.2857142857142857,0.5238095238095238,0.4285714285714286,0.4785714285714286,0.3333333333333333,0.3333333333333333,5.0,-0.010138215742765855,0.029401232632094265,-0.05773282771861454,-0.13757309076200952,-0.08231300189413038,0.1428571428571429,-0.04761904761904756,-0.00029561351089823064,0.045350138738037976,IMPROVING,IMPROVING->IMPROVING,5,ABOVE_200,LOW,NORMAL,NARROW,HIGH,DOMINANT,MATURE,HISTORICAL_ELIGIBILITY_UNRESOLVED,SIGNAL_ELIGIBLE_AT_ASOF,YES,MARKET_INTELLIGENCE_ONLY,RULES_ELIGIBLE,CURRENT_DISCLOSURE_CONFIRMED,CONFIRMED,2026-08-23,"HISTORICAL UK RETAIL, ACCOUNT AND BROKER ELIGIBILITY REMAIN UNRESOLVED"
2026-08-21,2026-08-21,SOUTH_KOREA,Broad South Korean equities,IKOR,IE00B0M63391,NOT_CHECKED,NOT_APPLICABLE,COUNTRY,POOL_COUNTRY_ROTATION,EMERGING_MARKETS,GLOBAL_DEVELOPED_WORLD,EMERGING_MARKETS,SOUTH_KOREA,BROAD_MARKET,BROAD_MARKET,NOT_APPLICABLE,NOT_APPLICABLE,0.016103827253909797,-0.1164407641537264,-0.11329443323610555,0.1560342803205328,1.1228586775241332,1.0,0.14285714285714285,0.14285714285714285,0.8571428571428571,1.0,0.42857142857142855,0.6285714285714286,0.4571428571428572,0.6666666666666666,0.8333333333333334,1.0,0.016103827253909797,-0.13044394465656828,0.003560973379002963,0.30374086241453946,0.8363284840788023,-0.09523809523809529,0.047619047619047616,-0.004439014201354797,0.6213646011919705,LAGGING,WEAKENING->LAGGING,1,ABOVE_200,LOW,NORMAL,NARROW,HIGH,DOMINANT,MATURE,HISTORICAL_ELIGIBILITY_UNRESOLVED,SIGNAL_ELIGIBLE_AT_ASOF,YES,MARKET_INTELLIGENCE_ONLY,RULES_ELIGIBLE,CURRENT_DISCLOSURE_CONFIRMED,CONFIRMED,2026-08-23,"HISTORICAL UK RETAIL, ACCOUNT AND BROKER ELIGIBILITY REMAIN UNRESOLVED"
2026-08-21,2026-08-21,CHINA_A_SHARES,Mainland China A-shares,RQFI,LU0875160326,NOT_CHECKED,NOT_APPLICABLE,COUNTRY,POOL_COUNTRY_CHINA_IMPLEMENTATIONS,CHINA_BROAD,GLOBAL_DEVELOPED_WORLD,CHINA_BROAD,CHINA,BROAD_MARKET,BROAD_MARKET,NOT_APPLICABLE,NOT_APPLICABLE,-0.05770329514712602,-0.08629272868088878,-0.08150985831456448,-0.08429732280024749,-0.06737023312809398,0.14285714285714285,0.2857142857142857,0.2857142857142857,0.42857142857142855,0.5714285714285714,0.23809523809523805,0.34285714285714286,0.3285714285714286,0.42857142857142855,0.0,7.0,-0.05770329514712602,-0.030340160786433534,0.00523457623295398,-0.003034833319569552,0.018485355665790237,-0.047619047619047644,-0.1904761904761905,-0.001584232048584884,0.7390840799055284,LAGGING,LAGGING->LAGGING,6,ABOVE_200,LOW,NORMAL,NARROW,HIGH,DOMINANT,MATURE,HISTORICAL_ELIGIBILITY_UNRESOLVED,SIGNAL_ELIGIBLE_AT_ASOF,YES,MARKET_INTELLIGENCE_ONLY,UNCERTAIN,DISCLOSURE_NOT_FOUND,CONFIRMED,2026-08-23,"HISTORICAL UK RETAIL, ACCOUNT AND BROKER ELIGIBILITY REMAIN UNRESOLVED"
2026-08-21,2026-08-21,UK_MID_CAP,UK mid-cap equities,MIDD,IE00B00FV128,NOT_CHECKED,NOT_APPLICABLE,GEOGRAPHY,POOL_UK_MARKET_CAP_BREADTH,UK_BROAD_MARKET,GLOBAL_DEVELOPED_WORLD,UK_BROAD_MARKET,UNITED_KINGDOM,BROAD_MARKET,BROAD_MARKET,NOT_APPLICABLE,NOT_APPLICABLE,0.028695163551822,0.06738880096331767,0.04905126291378781,-0.030393693161910984,-0.031524880796969135,1.0,1.0,1.0,0.45454545454545453,0.18181818181818182,1.0,0.7272727272727274,0.8090909090909091,0.5454545454545454,1.0,1.0,0.028695163551822,0.03761428923015098,-0.017179811173754223,-0.07573028972391371,-0.001166646325503895,0.030303030303030276,0.21212121212121204,0.0009077488913564443,0.7057332505688808,LEADING,LEADING->LEADING,3,ABOVE_200,LOW,LOW,MEDIUM,HIGH,DOMINANT,MATURE,HISTORICAL_ELIGIBILITY_UNRESOLVED,SIGNAL_ELIGIBLE_AT_ASOF,YES,MARKET_INTELLIGENCE_ONLY,RULES_ELIGIBLE,CURRENT_DISCLOSURE_CONFIRMED,CONFIRMED,2026-08-23,"HISTORICAL UK RETAIL, ACCOUNT AND BROKER ELIGIBILITY REMAIN UNRESOLVED"
2026-08-21,2026-08-21,UK_SMALL_CAP,UK small-cap equities,CUKS,IE00B3VWLG82,CONFIRMED_BY_USER,2026-08-23,GEOGRAPHY,POOL_UK_MARKET_CAP_BREADTH,UK_BROAD_MARKET,GLOBAL_DEVELOPED_WORLD,UK_BROAD_MARKET,UNITED_KINGDOM,BROAD_MARKET,BROAD_MARKET,NOT_APPLICABLE,NOT_APPLICABLE,0.02507086123159974,0.05777935676299317,0.0437909423302032,-0.047678715949274864,-0.03824799799694523,0.9545454545454546,0.9545454545454546,0.9545454545454546,0.2727272727272727,0.045454545454545456,0.9545454545454546,0.6363636363636364,0.7272727272727273,0.4242424242424242,0.9523809523809523,2.0,0.02507086123159974,0.0319085214187973,-0.013224321635087688,-0.08763216327138967,0.00990287428231773,0.030303030303030276,0.19696969696969713,0.0009227199489458608,0.698216756185854,LEADING,LEADING->LEADING,2,ABOVE_200,LOW,LOW,MEDIUM,HIGH,DOMINANT,MATURE,HISTORICAL_ELIGIBILITY_UNRESOLVED,SIGNAL_ELIGIBLE_AT_ASOF,YES,MARKET_INTELLIGENCE_ONLY,RULES_ELIGIBLE,CURRENT_DISCLOSURE_CONFIRMED,CONFIRMED,2026-08-23,"HISTORICAL UK RETAIL, ACCOUNT AND BROKER ELIGIBILITY REMAIN UNRESOLVED"
2026-08-21,2026-08-21,DEVELOPED_ASIA_PACIFIC,Developed Asia-Pacific equities,SPXJ,IE00B4WXJD03,NOT_CHECKED,NOT_APPLICABLE,GEOGRAPHY,POOL_BROAD_GEOGRAPHY_PRIMARY,GLOBAL_DEVELOPED_WORLD,GLOBAL_DEVELOPED_WORLD,GLOBAL_DEVELOPED_WORLD,DEVELOPED_ASIA_PACIFIC,BROAD_MARKET,BROAD_MARKET,NOT_APPLICABLE,NOT_APPLICABLE,0.01545932171739861,0.04783029888920409,0.0381151827984072,-0.04754313624304085,-0.03585307174919283,0.7727272727272727,0.9090909090909091,0.8636363636363636,0.3181818181818182,0.09090909090909091,0.8484848484848485,0.5909090909090908,0.6795454545454545,0.4242424242424242,0.7619047619047619,4.0,0.01545932171739861,0.03187816240345098,-0.009271650286401867,-0.08251330917879673,0.012273589428225318,0.36363636363636365,0.1515151515151516,0.0006999328600200208,0.48426484018135885,LEADING,LAGGING->LEADING,1,ABOVE_200,LOW,LOW,MEDIUM,HIGH,DOMINANT,MATURE,HISTORICAL_ELIGIBILITY_UNRESOLVED,SIGNAL_ELIGIBLE_AT_ASOF,YES,MARKET_INTELLIGENCE_ONLY,RULES_ELIGIBLE,CURRENT_DISCLOSURE_CONFIRMED,CONFIRMED,2026-08-23,"HISTORICAL UK RETAIL, ACCOUNT AND BROKER ELIGIBILITY REMAIN UNRESOLVED"
2026-08-21,2026-08-21,EUROZONE,Eurozone equities,CS51,IE00B53L3W79,NOT_CHECKED,NOT_APPLICABLE,GEOGRAPHY,POOL_BROAD_GEOGRAPHY_PRIMARY,EUROPE_BROAD,GLOBAL_DEVELOPED_WORLD,EUROPE_BROAD,EUROZONE,BROAD_MARKET,BROAD_MARKET,NOT_APPLICABLE,NOT_APPLICABLE,0.02432191512341042,0.027171468458847547,0.04124979418533248,-0.03358902253883256,0.0021503515505620907,0.9090909090909091,0.7272727272727273,0.9090909090909091,0.4090909090909091,0.45454545454545453,0.8484848484848485,0.6818181818181818,0.718181818181818,0.5909090909090908,0.9047619047619048,3.0,0.02432191512341042,0.0027818923849676214,0.013705915865836804,-0.07187402786736552,0.03698154814350807,0.0,0.19696969696969702,0.0005081664024230993,0.5209783744083591,LEADING,LEADING->LEADING,4,ABOVE_200,LOW,LOW,MEDIUM,HIGH,DOMINANT,MATURE,HISTORICAL_ELIGIBILITY_UNRESOLVED,SIGNAL_ELIGIBLE_AT_ASOF,YES,MARKET_INTELLIGENCE_ONLY,RULES_ELIGIBLE,CURRENT_DISCLOSURE_CONFIRMED,CONFIRMED,2026-08-23,"HISTORICAL UK RETAIL, ACCOUNT AND BROKER ELIGIBILITY REMAIN UNRESOLVED"
2026-08-21,2026-08-21,US_BROAD_LARGE_CAP_GBP_HEDGED,Broad US large-cap equities hedged to GBP,IGUS,IE00B3Y8X563,NOT_CHECKED,NOT_APPLICABLE,GEOGRAPHY,POOL_HEDGED_GEOGRAPHY_VARIANTS,US_BROAD_LARGE_CAP,GLOBAL_DEVELOPED_WORLD,US_BROAD_LARGE_CAP,UNITED_STATES,BROAD_MARKET,BROAD_MARKET,NOT_APPLICABLE,NOT_APPLICABLE,0.019402333958724816,0.02865581727524069,0.00538748062731087,0.021565536345766745,-0.001309684815900658,0.8181818181818182,0.7727272727272727,0.5909090909090909,0.8636363636363636,0.4090909090909091,0.7272727272727272,0.6909090909090909,0.6954545454545454,0.6212121212121211,0.7619047619047619,4.0,0.019402333958724816,0.009077361320707578,-0.022620138103690013,0.016091363807675174,-0.022392318796789157,0.10606060606060597,0.25757575757575746,7.112013470246325e-05,0.025536809348721552,LEADING,WEAKENING->LEADING,1,ABOVE_200,LOW,LOW,MEDIUM,HIGH,DOMINANT,MATURE,HISTORICAL_ELIGIBILITY_UNRESOLVED,SIGNAL_ELIGIBLE_AT_ASOF,YES,MARKET_INTELLIGENCE_ONLY,RULES_ELIGIBLE,CURRENT_DISCLOSURE_CONFIRMED,CONFIRMED,2026-08-23,"HISTORICAL UK RETAIL, ACCOUNT AND BROKER ELIGIBILITY REMAIN UNRESOLVED"
2026-08-21,2026-08-21,UK_BROAD_MARKET,Broad UK equities,CSUK,IE00B539F030,CONFIRMED_BY_USER,2026-08-23,GEOGRAPHY,POOL_BROAD_GEOGRAPHY_PRIMARY,EUROPE_BROAD,GLOBAL_DEVELOPED_WORLD,EUROPE_BROAD,UNITED_KINGDOM,BROAD_MARKET,BROAD_MARKET,NOT_APPLICABLE,NOT_APPLICABLE,0.002044738287869441,0.03828024304108535,0.020704406644478146,-0.053012199237624236,0.004526143263728022,0.5,0.8636363636363636,0.7727272727272727,0.22727272727272727,0.5454545454545454,0.7121212121212123,0.5818181818181818,0.6363636363636364,0.5151515151515151,0.6190476190476191,6.0,0.002044738287869441,0.03616156381912594,-0.016927834767546113,-0.07222130658222858,0.060759328108589195,0.19696969696969713,0.060606060606060774,0.0005353839710112924,0.3798955737057435,IMPROVING,IMPROVING->IMPROVING,6,ABOVE_200,LOW,LOW,MEDIUM,HIGH,DOMINANT,MATURE,HISTORICAL_ELIGIBILITY_UNRESOLVED,SIGNAL_ELIGIBLE_AT_ASOF,YES,MARKET_INTELLIGENCE_ONLY,RULES_ELIGIBLE,CURRENT_DISCLOSURE_CONFIRMED,CONFIRMED,2026-08-23,"HISTORICAL UK RETAIL, ACCOUNT AND BROKER ELIGIBILITY REMAIN UNRESOLVED"
2026-08-21,2026-08-21,UK_LARGE_CAP,UK large-cap equities,ISF,IE0005042456,NOT_CHECKED,NOT_APPLICABLE,GEOGRAPHY,POOL_UK_MARKET_CAP_BREADTH,UK_BROAD_MARKET,GLOBAL_DEVELOPED_WORLD,UK_BROAD_MARKET,UNITED_KINGDOM,BROAD_MARKET,BROAD_MARKET,NOT_APPLICABLE,NOT_APPLICABLE,0.003507903869564233,0.03507701589845946,0.02056445915856142,-0.054049010325497915,0.005315049179876574,0.5909090909090909,0.8181818181818182,0.7272727272727273,0.13636363636363635,0.5909090909090909,0.7121212121212123,0.5727272727272729,0.6045454545454545,0.48484848484848486,0.6190476190476191,6.0,0.003507903869564233,0.03145875773091911,-0.014020750646560054,-0.07311000183719596,0.0627559568660121,0.21212121212121227,0.10606060606060619,0.0005167806508342314,0.3773883491880126,IMPROVING,IMPROVING->IMPROVING,3,ABOVE_200,LOW,LOW,MEDIUM,HIGH,DOMINANT,MATURE,HISTORICAL_ELIGIBILITY_UNRESOLVED,SIGNAL_ELIGIBLE_AT_ASOF,YES,MARKET_INTELLIGENCE_ONLY,RULES_ELIGIBLE,CURRENT_DISCLOSURE_CONFIRMED,CONFIRMED,2026-08-23,"HISTORICAL UK RETAIL, ACCOUNT AND BROKER ELIGIBILITY REMAIN UNRESOLVED"
2026-08-21,2026-08-21,EUROPE_EX_UK,Developed Europe excluding the UK,MXUK,IE00BYX5K108,NOT_CHECKED,NOT_APPLICABLE,GEOGRAPHY,POOL_REGIONAL_SATELLITES,EUROPE_BROAD,GLOBAL_DEVELOPED_WORLD,EUROPE_BROAD,EUROPE_EX_UK,BROAD_MARKET,BROAD_MARKET,NOT_APPLICABLE,NOT_APPLICABLE,0.012047125712586038,0.012114748300395162,0.019113963957370084,-0.04447345125369773,-0.009992702946095888,0.7272727272727273,0.6363636363636364,0.6818181818181818,0.36363636363636365,0.3181818181818182,0.6818181818181818,0.5454545454545455,0.575,0.4545454545454545,0.5714285714285714,9.0,0.012047125712586038,6.681762745142095e-05,0.0069154368797890164,-0.06239480319173385,0.036085599455967454,0.07575757575757569,0.18181818181818177,0.00022659507380874564,0.21639978281296582,LEADING,LEADING->LEADING,3,ABOVE_200,LOW,LOW,MEDIUM,HIGH,DOMINANT,MATURE,HISTORICAL_ELIGIBILITY_UNRESOLVED,SIGNAL_ELIGIBLE_AT_ASOF,YES,MARKET_INTELLIGENCE_ONLY,UNCERTAIN,DISCLOSURE_NOT_FOUND,CONFIRMED,2026-08-23,"HISTORICAL UK RETAIL, ACCOUNT AND BROKER ELIGIBILITY REMAIN UNRESOLVED"
2026-08-21,2026-08-21,US_BROAD_LARGE_CAP_EUR_HEDGED,Broad US large-cap equities hedged to EUR,IUSE,IE00B3ZW0K18,NOT_CHECKED,NOT_APPLICABLE,GEOGRAPHY,POOL_HEDGED_GEOGRAPHY_VARIANTS,US_BROAD_LARGE_CAP,GLOBAL_DEVELOPED_WORLD,US_BROAD_LARGE_CAP,UNITED_STATES,BROAD_MARKET,BROAD_MARKET,NOT_APPLICABLE,NOT_APPLICABLE,0.023775929533434326,0.020520076515856633,-0.006493511782037498,-0.004611874095262536,-0.027394070938382864,0.8636363636363636,0.6818181818181818,0.36363636363636365,0.6363636363636364,0.22727272727272727,0.6363636363636364,0.5545454545454546,0.5340909090909091,0.40909090909090906,0.6190476190476191,6.0,0.023775929533434326,-0.003180239858795453,-0.02647041338973055,0.0018939359823908486,-0.02288775227493589,0.16666666666666669,0.3333333333333333,-0.00022273645581692147,0.17181805643501666,IMPROVING,LAGGING->IMPROVING,1,ABOVE_200,LOW,LOW,MEDIUM,HIGH,DOMINANT,MATURE,HISTORICAL_ELIGIBILITY_UNRESOLVED,SIGNAL_ELIGIBLE_AT_ASOF,YES,MARKET_INTELLIGENCE_ONLY,RULES_ELIGIBLE,CURRENT_DISCLOSURE_CONFIRMED,CONFIRMED,2026-08-23,"HISTORICAL UK RETAIL, ACCOUNT AND BROKER ELIGIBILITY REMAIN UNRESOLVED"
2026-08-21,2026-08-21,JAPAN_GBP_HEDGED,Broad Japanese equities hedged to GBP,IJPH,IE00B7XYN974,NOT_CHECKED,NOT_APPLICABLE,GEOGRAPHY,POOL_HEDGED_GEOGRAPHY_VARIANTS,JAPAN,GLOBAL_DEVELOPED_WORLD,JAPAN,JAPAN,BROAD_MARKET,BROAD_MARKET,NOT_APPLICABLE,NOT_APPLICABLE,-0.0013766449317590412,-0.0005650229258897799,0.01526737100661113,-0.0036373408288423725,0.15634818526036787,0.4090909090909091,0.5454545454545454,0.6363636363636364,0.6818181818181818,0.9545454545454546,0.5303030303030303,0.6454545454545455,0.6318181818181818,0.7575757575757576,0.5714285714285714,9.0,-0.0013766449317590412,0.0008127408614571063,0.015841344655408207,-0.018620426870125883,0.16056957235059088,-0.21212121212121227,-0.28787878787878796,7.114270214467554e-05,0.00813435364879799,WEAKENING,WEAKENING->WEAKENING,3,ABOVE_200,LOW,LOW,MEDIUM,HIGH,DOMINANT,MATURE,HISTORICAL_ELIGIBILITY_UNRESOLVED,SIGNAL_ELIGIBLE_AT_ASOF,YES,MARKET_INTELLIGENCE_ONLY,RULES_ELIGIBLE,CURRENT_DISCLOSURE_CONFIRMED,CONFIRMED,2026-08-23,"HISTORICAL UK RETAIL, ACCOUNT AND BROKER ELIGIBILITY REMAIN UNRESOLVED"
2026-08-21,2026-08-21,JAPAN_EUR_HEDGED,Broad Japanese equities hedged to EUR,IJPE,IE00B42Z5J44,NOT_CHECKED,NOT_APPLICABLE,GEOGRAPHY,POOL_HEDGED_GEOGRAPHY_VARIANTS,JAPAN,GLOBAL_DEVELOPED_WORLD,JAPAN,JAPAN,BROAD_MARKET,BROAD_MARKET,NOT_APPLICABLE,NOT_APPLICABLE,0.003224382261221459,-0.005072661069654871,0.0033176419751024255,-0.028849557648964907,0.12512016723453145,0.5454545454545454,0.5,0.45454545454545453,0.5,0.8636363636363636,0.5,0.5727272727272728,0.5249999999999999,0.606060606060606,0.47619047619047616,12.0,0.003224382261221459,-0.008270376475674301,0.008433081207495752,-0.032060833257894106,0.1585436387288821,-0.13636363636363635,-0.0757575757575758,-0.00020172885662034858,0.06230310983019796,LAGGING,LEADING->LAGGING,1,ABOVE_200,LOW,LOW,MEDIUM,HIGH,DOMINANT,MATURE,HISTORICAL_ELIGIBILITY_UNRESOLVED,SIGNAL_ELIGIBLE_AT_ASOF,YES,MARKET_INTELLIGENCE_ONLY,RULES_ELIGIBLE,CURRENT_DISCLOSURE_CONFIRMED,CONFIRMED,2026-08-23,"HISTORICAL UK RETAIL, ACCOUNT AND BROKER ELIGIBILITY REMAIN UNRESOLVED"
2026-08-21,2026-08-21,GLOBAL_SMALL_CAP,Global small-cap equities,WOSC,IE00BCBJG560,NOT_CHECKED,NOT_APPLICABLE,GEOGRAPHY,POOL_GLOBAL_MARKET_CAP_SATELLITES,GLOBAL_DEVELOPED_WORLD,GLOBAL_DEVELOPED_WORLD,GLOBAL_DEVELOPED_WORLD,GLOBAL,BROAD_MARKET,BROAD_MARKET,NOT_APPLICABLE,NOT_APPLICABLE,0.0017435050795644447,-0.01226652560771302,0.005275088492460833,-0.019326780059468085,0.03235221029783464,0.45454545454545453,0.36363636363636365,0.5454545454545454,0.5909090909090909,0.7272727272727273,0.45454545454545453,0.5363636363636364,0.5181818181818182,0.6212121212121212,0.38095238095238093,15.0,0.0017435050795644447,-0.013985646641317295,0.017759460983102215,-0.02447277251127611,0.05269746262719055,-0.04545454545454547,-5.551115123125783e-17,-0.0001720821712828679,0.12101598253521094,LEADING,WEAKENING->LEADING,1,ABOVE_200,LOW,LOW,MEDIUM,HIGH,DOMINANT,MATURE,HISTORICAL_ELIGIBILITY_UNRESOLVED,SIGNAL_ELIGIBLE_AT_ASOF,YES,MARKET_INTELLIGENCE_ONLY,UNCERTAIN,DISCLOSURE_NOT_FOUND,CONFIRMED,2026-08-23,"HISTORICAL UK RETAIL, ACCOUNT AND BROKER ELIGIBILITY REMAIN UNRESOLVED"
2026-08-21,2026-08-21,EUROZONE_USD_HEDGED,Eurozone equities hedged to USD,EMUU,IE00BWZN1T31,NOT_CHECKED,NOT_APPLICABLE,GEOGRAPHY,POOL_HEDGED_GEOGRAPHY_VARIANTS,EUROZONE,GLOBAL_DEVELOPED_WORLD,EUROZONE,EUROZONE,BROAD_MARKET,BROAD_MARKET,NOT_APPLICABLE,NOT_APPLICABLE,-0.007590443452772155,-0.014700493944766468,0.021783665139512243,-0.02156446172180171,0.007748287368055662,0.18181818181818182,0.3181818181818182,0.8181818181818182,0.5454545454545454,0.6363636363636364,0.43939393939393945,0.5,0.5568181818181818,0.6666666666666665,0.38095238095238093,15.0,-0.007590443452772155,-0.007164431705727781,0.0370284962694718,-0.0424239771492092,0.029958794364154606,-0.24242424242424232,-0.3484848484848485,0.0003022836230162658,0.15873474236950988,WEAKENING,LEADING->WEAKENING,1,ABOVE_200,LOW,LOW,MEDIUM,HIGH,DOMINANT,MATURE,HISTORICAL_ELIGIBILITY_UNRESOLVED,SIGNAL_ELIGIBLE_AT_ASOF,YES,MARKET_INTELLIGENCE_ONLY,RULES_ELIGIBLE,CURRENT_DISCLOSURE_CONFIRMED,CONFIRMED,2026-08-23,"HISTORICAL UK RETAIL, ACCOUNT AND BROKER ELIGIBILITY REMAIN UNRESOLVED"
2026-08-21,2026-08-21,EUROPE_BROAD,Broad developed European equities,SMEA,IE00B4K48X80,NOT_CHECKED,NOT_APPLICABLE,GEOGRAPHY,POOL_BROAD_GEOGRAPHY_PRIMARY,GLOBAL_DEVELOPED_WORLD,GLOBAL_DEVELOPED_WORLD,GLOBAL_DEVELOPED_WORLD,EUROPE,BROAD_MARKET,BROAD_MARKET,NOT_APPLICABLE,NOT_APPLICABLE,-0.008356524285917044,-0.0001673523171538127,0.001996756425158619,-0.06251314010378739,-0.03523112016372543,0.13636363636363635,0.5909090909090909,0.4090909090909091,0.045454545454545456,0.13636363636363635,0.37878787878787884,0.26363636363636367,0.32727272727272727,0.19696969696969693,0.047619047619047616,21.0,-0.008356524285917044,0.0082581816643994,0.0021644709715449295,-0.06438134266931062,0.029101229155449104,0.12121212121212127,-0.16666666666666669,0.00013125594961581766,0.05285835812339918,LAGGING,IMPROVING->LAGGING,1,ABOVE_200,LOW,LOW,MEDIUM,HIGH,DOMINANT,MATURE,HISTORICAL_ELIGIBILITY_UNRESOLVED,SIGNAL_ELIGIBLE_AT_ASOF,YES,MARKET_INTELLIGENCE_ONLY,RULES_ELIGIBLE,CURRENT_DISCLOSURE_CONFIRMED,CONFIRMED,2026-08-23,"HISTORICAL UK RETAIL, ACCOUNT AND BROKER ELIGIBILITY REMAIN UNRESOLVED"
2026-08-21,2026-08-21,US_BROAD_LARGE_CAP,Broad US large-cap equities,IUSA,IE0031442068,NOT_CHECKED,NOT_APPLICABLE,GEOGRAPHY,POOL_BROAD_GEOGRAPHY_PRIMARY,GLOBAL_DEVELOPED_WORLD,GLOBAL_DEVELOPED_WORLD,GLOBAL_DEVELOPED_WORLD,UNITED_STATES,BROAD_MARKET,BROAD_MARKET,NOT_APPLICABLE,NOT_APPLICABLE,-0.0038371199537097223,-0.006266944819841247,-0.007750288179976916,0.005570445986480488,-0.02132827740778287,0.2727272727272727,0.45454545454545453,0.3181818181818182,0.7272727272727273,0.2727272727272727,0.34848484848484845,0.40909090909090917,0.425,0.4393939393939394,0.2857142857142857,17.0,-0.0038371199537097223,-0.0024391843089139886,-0.0014926980162360826,0.013424780080836696,-0.026749715548645803,-0.0757575757575758,-0.12121212121212127,-0.00012261052705509777,0.5651428913525988,WEAKENING,WEAKENING->WEAKENING,3,ABOVE_200,LOW,LOW,MEDIUM,HIGH,DOMINANT,MATURE,HISTORICAL_ELIGIBILITY_UNRESOLVED,SIGNAL_ELIGIBLE_AT_ASOF,YES,MARKET_INTELLIGENCE_ONLY,RULES_ELIGIBLE,CURRENT_DISCLOSURE_CONFIRMED,CONFIRMED,2026-08-23,"HISTORICAL UK RETAIL, ACCOUNT AND BROKER ELIGIBILITY REMAIN UNRESOLVED"
2026-08-21,2026-08-21,ASIA_PACIFIC_EX_JAPAN,Asia-Pacific equities excluding Japan,UC48,IE00B7WK2W23,NOT_CHECKED,NOT_APPLICABLE,GEOGRAPHY,POOL_REGIONAL_SATELLITES,GLOBAL_ALL_WORLD,GLOBAL_DEVELOPED_WORLD,GLOBAL_ALL_WORLD,ASIA_PACIFIC_EX_JAPAN,BROAD_MARKET,BROAD_MARKET,NOT_APPLICABLE,NOT_APPLICABLE,0.0037155861782844912,-0.04674119843885338,-0.03724268187295143,0.009715611816087932,0.14049274045122018,0.6363636363636364,0.09090909090909091,0.13636363636363635,0.7727272727272727,0.9090909090909091,0.2878787878787879,0.509090909090909,0.3795454545454545,0.606060606060606,0.47619047619047616,12.0,0.0037155861782844912,-0.05027000209218169,0.009964257922765896,0.04877479797337947,0.1295187744992028,0.03030303030303033,0.12121212121212124,-0.0015850719616875351,0.643870063307604,LAGGING,LAGGING->LAGGING,4,ABOVE_200,LOW,LOW,MEDIUM,HIGH,DOMINANT,MATURE,HISTORICAL_ELIGIBILITY_UNRESOLVED,SIGNAL_ELIGIBLE_AT_ASOF,YES,MARKET_INTELLIGENCE_ONLY,UNCERTAIN,DISCLOSURE_NOT_FOUND,CONFIRMED,2026-08-23,"HISTORICAL UK RETAIL, ACCOUNT AND BROKER ELIGIBILITY REMAIN UNRESOLVED"
2026-08-21,2026-08-21,US_TOTAL_MARKET,Broad all-cap US equities,MUSD,IE0002W8NB38,NOT_CHECKED,NOT_APPLICABLE,GEOGRAPHY,POOL_US_MARKET_BREADTH_STYLE,GLOBAL_DEVELOPED_WORLD,GLOBAL_DEVELOPED_WORLD,GLOBAL_DEVELOPED_WORLD,UNITED_STATES,BROAD_MARKET,BROAD_MARKET,NOT_APPLICABLE,NOT_APPLICABLE,-0.007028370316194521,-0.010857950043288933,-0.010937020010957088,0.0312528862485959,0.003623640157978558,0.22727272727272727,0.4090909090909091,0.22727272727272727,0.9090909090909091,0.5,0.2878787878787879,0.4545454545454546,0.43636363636363634,0.5454545454545454,0.2857142857142857,17.0,-0.007028370316194521,-0.0038566859441028223,-7.993792971550118e-05,0.042656440604035506,-0.026791921224215365,-0.18181818181818182,-0.3636363636363636,-0.00012527755373124247,0.4689823893966438,WEAKENING,WEAKENING->WEAKENING,2,ABOVE_200,LOW,LOW,MEDIUM,HIGH,DOMINANT,MATURE,HISTORICAL_ELIGIBILITY_UNRESOLVED,SIGNAL_ELIGIBLE_AT_ASOF,YES,MARKET_INTELLIGENCE_ONLY,UNCERTAIN,DISCLOSURE_NOT_FOUND,CONFIRMED,2026-08-23,"HISTORICAL UK RETAIL, ACCOUNT AND BROKER ELIGIBILITY REMAIN UNRESOLVED"
2026-08-21,2026-08-21,EMERGING_ASIA,Emerging Asian equities,CEA1,IE00B5L8K969,NOT_CHECKED,NOT_APPLICABLE,GEOGRAPHY,POOL_REGIONAL_SATELLITES,EMERGING_MARKETS,GLOBAL_DEVELOPED_WORLD,EMERGING_MARKETS,EMERGING_ASIA,BROAD_MARKET,BROAD_MARKET,NOT_APPLICABLE,NOT_APPLICABLE,0.0054402548000151985,-0.052092547970157166,-0.04342231464170221,0.015264845989699793,0.158795248005289,0.6818181818181818,0.045454545454545456,0.09090909090909091,0.8181818181818182,1.0,0.2727272727272727,0.5272727272727273,0.375,0.6363636363636362,0.5714285714285714,9.0,0.0054402548000151985,-0.0572215032126554,0.009146708689639071,0.0613511704586962,0.1413723744917741,0.015151515151515138,0.19696969696969696,-0.0018318475719539087,0.6606887847278075,LAGGING,LAGGING->LAGGING,3,ABOVE_200,LOW,LOW,MEDIUM,HIGH,DOMINANT,MATURE,HISTORICAL_ELIGIBILITY_UNRESOLVED,SIGNAL_ELIGIBLE_AT_ASOF,YES,MARKET_INTELLIGENCE_ONLY,RULES_ELIGIBLE,CURRENT_DISCLOSURE_CONFIRMED,CONFIRMED,2026-08-23,"HISTORICAL UK RETAIL, ACCOUNT AND BROKER ELIGIBILITY REMAIN UNRESOLVED"
2026-08-21,2026-08-21,EMERGING_MARKETS,Broad emerging-market equities,EMGU,IE00BD45KH83,NOT_CHECKED,NOT_APPLICABLE,GEOGRAPHY,POOL_BROAD_GEOGRAPHY_PRIMARY,GLOBAL_ALL_WORLD,GLOBAL_DEVELOPED_WORLD,GLOBAL_ALL_WORLD,EMERGING_MARKETS,BROAD_MARKET,BROAD_MARKET,NOT_APPLICABLE,NOT_APPLICABLE,-0.0015857705258813803,-0.016594003433484272,-0.016943344903103563,-0.055080681777903595,-0.007779219434397855,0.36363636363636365,0.2727272727272727,0.18181818181818182,0.09090909090909091,0.36363636363636365,0.2727272727272727,0.2545454545454546,0.22272727272727275,0.21212121212121213,0.09523809523809523,20.0,-0.0015857705258813803,-0.015032070321661872,-0.00035523626136002573,-0.038794647975849306,0.050058731397835565,0.19696969696969696,0.09090909090909091,-0.00061228507235627,0.6670388326048967,IMPROVING,LAGGING->IMPROVING,1,ABOVE_200,LOW,LOW,MEDIUM,HIGH,DOMINANT,MATURE,HISTORICAL_ELIGIBILITY_UNRESOLVED,SIGNAL_ELIGIBLE_AT_ASOF,YES,MARKET_INTELLIGENCE_ONLY,UNCERTAIN,DISCLOSURE_NOT_FOUND,CONFIRMED,2026-08-23,"HISTORICAL UK RETAIL, ACCOUNT AND BROKER ELIGIBILITY REMAIN UNRESOLVED"
2026-08-21,2026-08-21,JAPAN,Broad Japanese equities,IJPN,IE00B02KXH56,NOT_CHECKED,NOT_APPLICABLE,GEOGRAPHY,POOL_BROAD_GEOGRAPHY_PRIMARY,GLOBAL_DEVELOPED_WORLD,GLOBAL_DEVELOPED_WORLD,GLOBAL_DEVELOPED_WORLD,JAPAN,BROAD_MARKET,BROAD_MARKET,NOT_APPLICABLE,NOT_APPLICABLE,-0.003153778860923273,-0.026570482917193328,-0.009031480398761116,-0.05361487108592222,0.019026260849466015,0.3181818181818182,0.22727272727272727,0.2727272727272727,0.18181818181818182,0.6818181818181818,0.2727272727272727,0.33636363636363636,0.28863636363636364,0.37878787878787873,0.19047619047619047,19.0,-0.003153778860923273,-0.023490788809443552,0.018017742641494472,-0.04498971441101007,0.07675641735700123,-0.36363636363636365,-0.19696969696969702,-0.00017824303397588238,0.05010217226256071,LAGGING,IMPROVING->LAGGING,1,ABOVE_200,LOW,LOW,MEDIUM,HIGH,DOMINANT,MATURE,HISTORICAL_ELIGIBILITY_UNRESOLVED,SIGNAL_ELIGIBLE_AT_ASOF,YES,MARKET_INTELLIGENCE_ONLY,RULES_ELIGIBLE,CURRENT_DISCLOSURE_CONFIRMED,CONFIRMED,2026-08-23,"HISTORICAL UK RETAIL, ACCOUNT AND BROKER ELIGIBILITY REMAIN UNRESOLVED"
2026-08-21,2026-08-21,US_SMALL_CAP,US small-cap equities,RU2K,IE0007O06KL9,NOT_CHECKED,NOT_APPLICABLE,GEOGRAPHY,POOL_US_MARKET_BREADTH_STYLE,US_TOTAL_MARKET,GLOBAL_DEVELOPED_WORLD,US_TOTAL_MARKET,UNITED_STATES,BROAD_MARKET,BROAD_MARKET,NOT_APPLICABLE,NOT_APPLICABLE,-0.014260971887142593,-0.04261410408559341,0.004480083838172444,0.031374869635545144,0.06000891737370373,0.045454545454545456,0.18181818181818182,0.5,0.9545454545454546,0.8181818181818182,0.24242424242424243,0.5000000000000001,0.49772727272727274,0.7575757575757576,0.42857142857142855,14.0,-0.014260971887142593,-0.028763325170081955,0.049190392426646135,0.02677483230389832,0.027762987620860935,-0.2272727272727273,-0.3484848484848485,-3.346656857561047e-05,0.0020023039916742405,WEAKENING,WEAKENING->WEAKENING,4,ABOVE_200,LOW,LOW,MEDIUM,HIGH,DOMINANT,MATURE,HISTORICAL_ELIGIBILITY_UNRESOLVED,SIGNAL_ELIGIBLE_AT_ASOF,YES,MARKET_INTELLIGENCE_ONLY,UNCERTAIN,DISCLOSURE_NOT_FOUND,CONFIRMED,2026-08-23,"HISTORICAL UK RETAIL, ACCOUNT AND BROKER ELIGIBILITY REMAIN UNRESOLVED"
2026-08-21,2026-08-21,US_NASDAQ_100,US Nasdaq-100 large-cap growth-biased equities,N100,IE0001ZFMLN7,NOT_CHECKED,NOT_APPLICABLE,GEOGRAPHY,POOL_US_MARKET_BREADTH_STYLE,US_BROAD_LARGE_CAP,GLOBAL_DEVELOPED_WORLD,US_BROAD_LARGE_CAP,UNITED_STATES,BROAD_MARKET,BROAD_MARKET,NOT_APPLICABLE,NOT_APPLICABLE,-0.009280464637727803,-0.04600722653037592,-0.05040050555511577,0.06635923341918426,0.03958195650770002,0.09090909090909091,0.13636363636363635,0.045454545454545456,1.0,0.7727272727272727,0.0909090909090909,0.4090909090909091,0.33636363636363636,0.606060606060606,0.0,22.0,-0.009280464637727803,-0.037070796104992865,-0.004605149165608169,0.12295682512189532,-0.02511093454466118,-0.06060606060606062,-0.19696969696969702,-0.0011767526588050312,0.7407935447999229,WEAKENING,WEAKENING->WEAKENING,3,ABOVE_200,LOW,LOW,MEDIUM,HIGH,DOMINANT,MATURE,HISTORICAL_ELIGIBILITY_UNRESOLVED,SIGNAL_ELIGIBLE_AT_ASOF,YES,MARKET_INTELLIGENCE_ONLY,UNCERTAIN,DISCLOSURE_NOT_FOUND,CONFIRMED,2026-08-23,"HISTORICAL UK RETAIL, ACCOUNT AND BROKER ELIGIBILITY REMAIN UNRESOLVED"
2026-08-21,2026-08-21,GLOBAL_GOLD_MINERS,Global gold-mining equities,SPGP,IE00B6R52036,NOT_CHECKED,NOT_APPLICABLE,INDUSTRY,POOL_GLOBAL_INDUSTRIES,GLOBAL_MATERIALS,GLOBAL_DEVELOPED_WORLD,GLOBAL_MATERIALS,GLOBAL,MATERIALS,GOLD_MINERS,GOLD_MINERS,Gold Miners,0.3694870419700427,0.35437671503649093,0.17233476888219657,-0.08438700367619578,0.49313127526870004,1.0,1.0,0.8888888888888888,0.2222222222222222,0.8888888888888888,0.9629629629629629,0.8,0.7944444444444443,0.6666666666666666,1.0,1.0,0.3694870419700427,-0.011033566927230565,-0.1344101269116914,-0.21898333084770039,0.6307449558532239,0.4444444444444444,0.8148148148148148,0.0005462044406747469,0.01453511195480283,LEADING,IMPROVING->LEADING,1,ABOVE_200,LOW,LOW,BROAD,NORMAL,DOMINANT,MATURE,HISTORICAL_ELIGIBILITY_UNRESOLVED,SIGNAL_ELIGIBLE_AT_ASOF,YES,TRADE_RESEARCH_CANDIDATE,RULES_ELIGIBLE,CURRENT_DISCLOSURE_CONFIRMED,CONFIRMED,2026-08-23,"HISTORICAL UK RETAIL, ACCOUNT AND BROKER ELIGIBILITY REMAIN UNRESOLVED"
2026-08-21,2026-08-21,GLOBAL_SOFTWARE,Software and cloud businesses,KLWD,IE00BJGWQN72,NOT_CHECKED,NOT_APPLICABLE,INDUSTRY,POOL_GLOBAL_INDUSTRIES,GLOBAL_TECHNOLOGY,GLOBAL_DEVELOPED_WORLD,GLOBAL_TECHNOLOGY,GLOBAL,TECHNOLOGY,SOFTWARE,SOFTWARE,Software,0.18007847808127475,0.1697353799240331,0.1490642300577938,0.27386532438471667,0.09052742801813252,0.7777777777777778,0.7777777777777778,0.7777777777777778,1.0,0.4444444444444444,0.7777777777777778,0.7555555555555556,0.7888888888888889,0.7407407407407407,0.75,3.0,0.18007847808127475,-0.008764754505190875,-0.017671646272323427,0.10861106895708139,-0.14392251116116772,-0.14814814814814814,0.18518518518518523,0.0016589355554226485,0.2599210760550099,LEADING,LEADING->LEADING,7,ABOVE_200,LOW,LOW,BROAD,NORMAL,DOMINANT,MATURE,HISTORICAL_ELIGIBILITY_UNRESOLVED,SIGNAL_ELIGIBLE_AT_ASOF,YES,TRADE_RESEARCH_CANDIDATE,UNCERTAIN,DISCLOSURE_NOT_FOUND,CONFIRMED,2026-08-23,"HISTORICAL UK RETAIL, ACCOUNT AND BROKER ELIGIBILITY REMAIN UNRESOLVED"
2026-08-21,2026-08-21,GLOBAL_BIOTECHNOLOGY,Biotechnology industry,SBIX,IE00BQ70R696,NOT_CHECKED,NOT_APPLICABLE,INDUSTRY,POOL_GLOBAL_INDUSTRIES,GLOBAL_HEALTHCARE,GLOBAL_DEVELOPED_WORLD,GLOBAL_HEALTHCARE,GLOBAL,HEALTHCARE,BIOTECHNOLOGY,BIOTECHNOLOGY,Biotechnology,0.05431899020728137,0.09938632723450147,0.24005076310972884,0.18783722997094499,0.29418935606827357,0.6666666666666666,0.5555555555555556,1.0,0.8888888888888888,0.7777777777777778,0.7407407407407408,0.7777777777777778,0.8111111111111111,0.8888888888888888,0.625,4.0,0.05431899020728137,0.04274544748393461,0.12794814014930278,-0.04210596428153135,0.08953425891519684,0.14814814814814825,0.0,0.002287917899946945,0.6103414222045154,LEADING,WEAKENING->LEADING,1,ABOVE_200,LOW,LOW,BROAD,NORMAL,DOMINANT,MATURE,HISTORICAL_ELIGIBILITY_UNRESOLVED,SIGNAL_ELIGIBLE_AT_ASOF,YES,TRADE_RESEARCH_CANDIDATE,UNCERTAIN,DISCLOSURE_NOT_FOUND,CONFIRMED,2026-08-23,"HISTORICAL UK RETAIL, ACCOUNT AND BROKER ELIGIBILITY REMAIN UNRESOLVED"
2026-08-21,2026-08-21,GLOBAL_SILVER_MINERS,Global silver-mining equities,SILG,IE000UL6CLP7,NOT_CHECKED,NOT_APPLICABLE,INDUSTRY,POOL_GLOBAL_INDUSTRIES,GLOBAL_MATERIALS,GLOBAL_DEVELOPED_WORLD,GLOBAL_MATERIALS,GLOBAL,MATERIALS,SILVER_MINERS,SILVER_MINERS,Silver Miners,0.2737557219718709,0.2525612504680299,0.06432420176673848,-0.14458166776493098,0.5232177647011096,0.8888888888888888,0.8888888888888888,0.4444444444444444,0.1111111111111111,1.0,0.7407407407407408,0.6666666666666667,0.5888888888888889,0.5185185185185185,0.875,2.0,0.2737557219718709,-0.01663935332202493,-0.1502817116775368,-0.19628029615872067,0.7806700035539214,0.33333333333333337,0.5555555555555556,-0.0004993433476826266,0.0138110769757603,IMPROVING,LAGGING->IMPROVING,1,ABOVE_200,LOW,LOW,BROAD,NORMAL,DOMINANT,DEVELOPING,HISTORICAL_ELIGIBILITY_UNRESOLVED,SIGNAL_ELIGIBLE_AT_ASOF,YES,TRADE_RESEARCH_CANDIDATE,UNCERTAIN,DISCLOSURE_NOT_FOUND,CONFIRMED,2026-08-23,"HISTORICAL UK RETAIL, ACCOUNT AND BROKER ELIGIBILITY REMAIN UNRESOLVED"
2026-08-21,2026-08-21,EUROPE_BANKS,Europe banking industry,S7XP,IE00B3Q19T94,NOT_CHECKED,NOT_APPLICABLE,INDUSTRY,POOL_EUROPE_INDUSTRIES,EUROPE_FINANCIALS,GLOBAL_DEVELOPED_WORLD,EUROPE_FINANCIALS,EUROPE,FINANCIALS,BANKS,NOT_APPLICABLE,Banks,0.04369238473915682,0.06381365542340234,0.1274549262250566,0.06429629297144213,0.13005039360749504,0.5555555555555556,0.3333333333333333,0.6666666666666666,0.7777777777777778,0.5555555555555556,0.5185185185185185,0.5777777777777778,0.5833333333333334,0.6666666666666666,0.5,5.0,0.04369238473915682,0.01927892833028033,0.05982370171430529,-0.056018765614943344,0.06178176234408572,-0.18518518518518523,-0.22222222222222232,0.0022567337096573792,0.8523862885976048,WEAKENING,LEADING->WEAKENING,1,ABOVE_200,LOW,LOW,BROAD,NORMAL,DOMINANT,MATURE,HISTORICAL_ELIGIBILITY_UNRESOLVED,SIGNAL_ELIGIBLE_AT_ASOF,YES,TRADE_RESEARCH_CANDIDATE,UNCERTAIN,DISCLOSURE_NOT_FOUND,CONFIRMED,2026-08-23,"HISTORICAL UK RETAIL, ACCOUNT AND BROKER ELIGIBILITY REMAIN UNRESOLVED"
2026-08-21,2026-08-21,GLOBAL_OIL_GAS,Global oil and gas equities,SPOG,IE00B6R51Z18,NOT_CHECKED,NOT_APPLICABLE,INDUSTRY,POOL_GLOBAL_INDUSTRIES,GLOBAL_ENERGY,GLOBAL_DEVELOPED_WORLD,GLOBAL_ENERGY,GLOBAL,ENERGY,OIL_AND_GAS,OIL_AND_GAS,Oil & Gas,0.010660387679758632,0.13994088101423663,0.027440182410596314,0.06034209309203886,0.1746612717696132,0.2222222222222222,0.6666666666666666,0.1111111111111111,0.6666666666666666,0.6666666666666666,0.3333333333333333,0.4666666666666667,0.42777777777777776,0.48148148148148145,0.375,6.0,0.010660387679758632,0.1279168501214103,-0.09868994127445052,0.03202318854636155,0.10781348719658124,-0.03703703703703709,-0.29629629629629634,0.00036391554768420363,0.022517745086164827,LAGGING,LAGGING->LAGGING,3,ABOVE_200,LOW,LOW,BROAD,NORMAL,DOMINANT,MATURE,HISTORICAL_ELIGIBILITY_UNRESOLVED,SIGNAL_ELIGIBLE_AT_ASOF,YES,TRADE_RESEARCH_CANDIDATE,RULES_ELIGIBLE,CURRENT_DISCLOSURE_CONFIRMED,CONFIRMED,2026-08-23,"HISTORICAL UK RETAIL, ACCOUNT AND BROKER ELIGIBILITY REMAIN UNRESOLVED"
2026-08-21,2026-08-21,GLOBAL_RETAIL,Retail and e-commerce businesses,EBIG,IE00BMH5XY61,CONFIRMED_BY_USER,2026-08-23,INDUSTRY,POOL_GLOBAL_INDUSTRIES,NOT_APPLICABLE,GLOBAL_DEVELOPED_WORLD,NOT_APPLICABLE,GLOBAL,CONSUMER_DISCRETIONARY,RETAIL,RETAIL,Retail,0.04083105375333562,0.05497983552461072,0.06140928933016898,-0.046233679444147024,-0.2478660896685997,0.4444444444444444,0.2222222222222222,0.3333333333333333,0.3333333333333333,0.1111111111111111,0.3333333333333333,0.28888888888888886,0.29444444444444445,0.25925925925925924,0.0,9.0,0.04083105375333562,0.013593735237100502,0.0060943854935020525,-0.10141513726740314,-0.21140651109062192,-0.14814814814814814,-0.3333333333333333,0.0016113086997896233,0.7191627970844178,IMPROVING,IMPROVING->IMPROVING,20,ABOVE_200,LOW,LOW,BROAD,NORMAL,DOMINANT,DEVELOPING,HISTORICAL_ELIGIBILITY_UNRESOLVED,SIGNAL_ELIGIBLE_AT_ASOF,YES,TRADE_RESEARCH_CANDIDATE,UNCERTAIN,DISCLOSURE_NOT_FOUND,CONFIRMED,2026-08-23,"HISTORICAL UK RETAIL, ACCOUNT AND BROKER ELIGIBILITY REMAIN UNRESOLVED"
2026-08-21,2026-08-21,GLOBAL_TRANSPORTATION,Transportation and logistics,ECOG,IE00BF0M6N54,NOT_CHECKED,NOT_APPLICABLE,INDUSTRY,POOL_GLOBAL_INDUSTRIES,GLOBAL_INDUSTRIALS,GLOBAL_DEVELOPED_WORLD,GLOBAL_INDUSTRIALS,GLOBAL,INDUSTRIALS,TRANSPORTATION,TRANSPORTATION,Transports,0.027542732030696238,0.07331080518673017,0.058018029456552433,-0.0387782290539922,-0.1145514796814131,0.3333333333333333,0.4444444444444444,0.2222222222222222,0.4444444444444444,0.2222222222222222,0.3333333333333333,0.33333333333333337,0.3333333333333333,0.2962962962962963,0.125,8.0,0.027542732030696238,0.04454128449294181,-0.014248226754334237,-0.09148828830475009,-0.07883014400812705,-0.22222222222222227,-0.25925925925925936,0.0010218485884681888,0.473023045298902,LAGGING,LAGGING->LAGGING,2,ABOVE_200,LOW,LOW,BROAD,NORMAL,DOMINANT,MATURE,HISTORICAL_ELIGIBILITY_UNRESOLVED,SIGNAL_ELIGIBLE_AT_ASOF,YES,TRADE_RESEARCH_CANDIDATE,UNCERTAIN,DISCLOSURE_NOT_FOUND,CONFIRMED,2026-08-23,"HISTORICAL UK RETAIL, ACCOUNT AND BROKER ELIGIBILITY REMAIN UNRESOLVED"
2026-08-21,2026-08-21,US_BANKS,Us banking industry,XUFB,IE00BDVPTJ63,NOT_CHECKED,NOT_APPLICABLE,INDUSTRY,POOL_US_INDUSTRIES,US_FINANCIALS,GLOBAL_DEVELOPED_WORLD,US_FINANCIALS,UNITED_STATES,FINANCIALS,BANKS,NOT_APPLICABLE,Banks,-0.046696833314542885,-0.027302677615302362,0.08205100396525178,-0.0034393937357428683,0.009168928859701886,0.1111111111111111,0.1111111111111111,0.5555555555555556,0.5555555555555556,0.3333333333333333,0.25925925925925924,0.3333333333333333,0.37777777777777777,0.48148148148148145,0.25,7.0,-0.046696833314542885,0.020344163721465636,0.11242313416927963,-0.079007733820041,0.012651837245211572,-0.18518518518518517,-0.4444444444444445,0.0017289412224058085,0.5446377125273812,WEAKENING,WEAKENING->WEAKENING,4,ABOVE_200,LOW,LOW,BROAD,NORMAL,DOMINANT,MATURE,HISTORICAL_ELIGIBILITY_UNRESOLVED,SIGNAL_ELIGIBLE_AT_ASOF,YES,TRADE_RESEARCH_CANDIDATE,UNCERTAIN,DISCLOSURE_NOT_FOUND,CONFIRMED,2026-08-23,"HISTORICAL UK RETAIL, ACCOUNT AND BROKER ELIGIBILITY REMAIN UNRESOLVED"
2026-08-21,2026-08-21,US_HEALTHCARE,Broad global healthcare sector,GXLV,IE00BWBXM617,NOT_CHECKED,NOT_APPLICABLE,SECTOR,POOL_US_BROAD_SECTORS,US_TOTAL_MARKET,GLOBAL_DEVELOPED_WORLD,US_TOTAL_MARKET,UNITED_STATES,HEALTHCARE,BROAD_SECTOR,NOT_APPLICABLE,Healthcare,0.040145246299569726,0.09602640379040017,0.1446077678205051,0.02352964621910525,0.07147338364217903,0.8846153846153846,0.9230769230769231,1.0,0.8076923076923077,0.8076923076923077,0.9358974358974358,0.8846153846153846,0.9115384615384616,0.8717948717948718,0.92,2.0,0.040145246299569726,0.05372437906112992,0.04432499423562741,-0.10578132090781611,0.04684157181003723,0.08974358974358954,0.012820512820512775,0.001640540884423842,0.5902791119463261,LEADING,LEADING->LEADING,9,ABOVE_200,LOW,NORMAL,MEDIUM,NORMAL,DOMINANT,MATURE,HISTORICAL_ELIGIBILITY_UNRESOLVED,SIGNAL_ELIGIBLE_AT_ASOF,YES,MARKET_INTELLIGENCE_ONLY,UNCERTAIN,DISCLOSURE_NOT_FOUND,CONFIRMED,2026-08-23,"HISTORICAL UK RETAIL, ACCOUNT AND BROKER ELIGIBILITY REMAIN UNRESOLVED"
2026-08-21,2026-08-21,GLOBAL_HEALTHCARE,Broad global healthcare sector,HEAW,IE00BYTRRB94,NOT_CHECKED,NOT_APPLICABLE,SECTOR,POOL_GLOBAL_BROAD_SECTORS,GLOBAL_DEVELOPED_WORLD,GLOBAL_DEVELOPED_WORLD,GLOBAL_DEVELOPED_WORLD,GLOBAL,HEALTHCARE,BROAD_SECTOR,NOT_APPLICABLE,Healthcare,0.030724234765276748,0.071544503401062,0.10829444709305314,-0.023459095356850757,0.016992365774175955,0.7692307692307693,0.8846153846153846,0.9615384615384616,0.6923076923076923,0.6538461538461539,0.8717948717948718,0.7923076923076924,0.8384615384615384,0.7692307692307692,0.84,4.0,0.030724234765276748,0.03960348195856778,0.034296236484203435,-0.11887954757463637,0.04142321221639844,0.1282051282051282,0.05128205128205121,0.0012421869263079426,0.48087563428674984,LEADING,LEADING->LEADING,8,ABOVE_200,LOW,NORMAL,MEDIUM,NORMAL,DOMINANT,MATURE,HISTORICAL_ELIGIBILITY_UNRESOLVED,SIGNAL_ELIGIBLE_AT_ASOF,NO,MARKET_INTELLIGENCE_ONLY,UNCERTAIN,CURRENT_DISCLOSURE_CONFIRMED,CONFIRMED,2026-08-23,"HISTORICAL UK RETAIL, ACCOUNT AND BROKER ELIGIBILITY REMAIN UNRESOLVED"
2026-08-21,2026-08-21,GLOBAL_MATERIALS,Broad global materials sector,XSMW,IE00BM67HS53,NOT_CHECKED,NOT_APPLICABLE,SECTOR,POOL_GLOBAL_BROAD_SECTORS,GLOBAL_DEVELOPED_WORLD,GLOBAL_DEVELOPED_WORLD,GLOBAL_DEVELOPED_WORLD,GLOBAL,MATERIALS,BROAD_SECTOR,NOT_APPLICABLE,Materials,0.06998396973456034,0.052435511782767064,0.021911011619127008,-0.05201605274251597,0.0839805004313503,1.0,0.8076923076923077,0.7307692307692307,0.6153846153846154,0.8461538461538461,0.8461538461538461,0.8,0.7653846153846154,0.7307692307692307,0.8,5.0,0.06998396973456034,-0.016400673699949464,-0.02900367749082622,-0.07234197843167589,0.14345870894470747,0.3974358974358974,0.641025641025641,-0.0005489524851800409,0.17317867182061247,LEADING,IMPROVING->LEADING,1,ABOVE_200,LOW,NORMAL,MEDIUM,NORMAL,DOMINANT,MATURE,HISTORICAL_ELIGIBILITY_UNRESOLVED,SIGNAL_ELIGIBLE_AT_ASOF,YES,MARKET_INTELLIGENCE_ONLY,UNCERTAIN,DISCLOSURE_NOT_FOUND,CONFIRMED,2026-08-23,"HISTORICAL UK RETAIL, ACCOUNT AND BROKER ELIGIBILITY REMAIN UNRESOLVED"
2026-08-21,2026-08-21,EUROPE_FINANCIALS,Broad Europe financials sector,FNCE,IE00BKWQ0G16,NOT_CHECKED,NOT_APPLICABLE,SECTOR,POOL_EUROPE_BROAD_SECTORS,EUROPE_BROAD,GLOBAL_DEVELOPED_WORLD,EUROPE_BROAD,EUROPE,FINANCIALS,BROAD_SECTOR,NOT_APPLICABLE,NOT_APPLICABLE,0.01817702089248674,0.05831858604583373,0.08873458760276609,0.04854123022203827,0.06238947597654443,0.6538461538461539,0.8461538461538461,0.9230769230769231,0.8461538461538461,0.7692307692307693,0.8076923076923078,0.8076923076923078,0.8461538461538463,0.8461538461538461,0.8,5.0,0.01817702089248674,0.03942493724535323,0.02873992950513604,-0.03691749838611047,0.013207154239966101,-0.07692307692307676,-0.08974358974358965,0.0018473581967188924,0.8519990863856126,LEADING,LEADING->LEADING,5,ABOVE_200,LOW,NORMAL,MEDIUM,NORMAL,DOMINANT,MATURE,HISTORICAL_ELIGIBILITY_UNRESOLVED,SIGNAL_ELIGIBLE_AT_ASOF,NO,MARKET_INTELLIGENCE_ONLY,UNCERTAIN,CURRENT_DISCLOSURE_CONFIRMED,CONFIRMED,2026-08-23,"HISTORICAL UK RETAIL, ACCOUNT AND BROKER ELIGIBILITY REMAIN UNRESOLVED"
2026-08-21,2026-08-21,EUROPE_ENERGY,Broad Europe energy sector,ENGE,IE00BKWQ0F09,NOT_CHECKED,NOT_APPLICABLE,SECTOR,POOL_EUROPE_BROAD_SECTORS,EUROPE_BROAD,GLOBAL_DEVELOPED_WORLD,EUROPE_BROAD,EUROPE,ENERGY,BROAD_SECTOR,NOT_APPLICABLE,NOT_APPLICABLE,0.004876665289692328,0.1650060754755347,0.044494917439220405,0.13364763992177808,0.2248364938366625,0.5769230769230769,1.0,0.8076923076923077,1.0,0.9615384615384616,0.7948717948717948,0.8692307692307693,0.8865384615384616,0.923076923076923,1.0,1.0,0.004876665289692328,0.15935230234416808,-0.10344251465566279,0.08535486481938337,0.08043844551308421,0.10256410256410242,0.10256410256410242,0.0008323611326191465,0.08473060659779191,LEADING,LEADING->LEADING,6,ABOVE_200,LOW,NORMAL,MEDIUM,NORMAL,DOMINANT,MATURE,HISTORICAL_ELIGIBILITY_UNRESOLVED,SIGNAL_ELIGIBLE_AT_ASOF,NO,MARKET_INTELLIGENCE_ONLY,RULES_ELIGIBLE,CURRENT_DISCLOSURE_CONFIRMED,CONFIRMED,2026-08-23,"HISTORICAL UK RETAIL, ACCOUNT AND BROKER ELIGIBILITY REMAIN UNRESOLVED"
2026-08-21,2026-08-21,EUROPE_MATERIALS,Broad Europe materials sector,MTRL,IE00BKWQ0L68,CONFIRMED_BY_USER,2026-08-23,SECTOR,POOL_EUROPE_BROAD_SECTORS,EUROPE_BROAD,GLOBAL_DEVELOPED_WORLD,EUROPE_BROAD,EUROPE,MATERIALS,BROAD_SECTOR,NOT_APPLICABLE,Materials,0.04979079986637314,0.03968321333855607,-0.003528206884726326,-0.026084585724533205,0.06194932703920375,0.9615384615384616,0.7692307692307693,0.5384615384615384,0.6538461538461539,0.7307692307692307,0.7564102564102564,0.7307692307692308,0.6807692307692307,0.641025641025641,0.76,7.0,0.04979079986637314,-0.009628191187333268,-0.04156210244515224,-0.022636244192410948,0.09039174395779415,0.3333333333333333,0.4743589743589743,-0.0006355883885056037,0.2898556408546127,LEADING,LEADING->LEADING,3,ABOVE_200,LOW,NORMAL,MEDIUM,NORMAL,DOMINANT,DEVELOPING,HISTORICAL_ELIGIBILITY_UNRESOLVED,SIGNAL_ELIGIBLE_AT_ASOF,YES,MARKET_INTELLIGENCE_ONLY,RULES_ELIGIBLE,CURRENT_DISCLOSURE_CONFIRMED,CONFIRMED,2026-08-23,"HISTORICAL UK RETAIL, ACCOUNT AND BROKER ELIGIBILITY REMAIN UNRESOLVED"
2026-08-21,2026-08-21,GLOBAL_ENERGY,Broad global energy sector,XWES,IE00BM67HM91,NOT_CHECKED,NOT_APPLICABLE,SECTOR,POOL_GLOBAL_BROAD_SECTORS,GLOBAL_DEVELOPED_WORLD,GLOBAL_DEVELOPED_WORLD,GLOBAL_DEVELOPED_WORLD,GLOBAL,ENERGY,BROAD_SECTOR,NOT_APPLICABLE,NOT_APPLICABLE,0.0014007481068083472,0.13637377380994598,0.03984257115571399,0.06707665710431376,0.2180356341607066,0.46153846153846156,0.9615384615384616,0.7692307692307693,0.8846153846153846,0.9230769230769231,0.7307692307692308,0.8,0.8250000000000001,0.8589743589743589,0.92,2.0,0.0014007481068083472,0.13478422695240644,-0.08494670053022213,0.026190585675224698,0.14146966485617307,-0.012820512820512775,-0.07692307692307698,0.0008476406548529812,0.13153960626666894,WEAKENING,WEAKENING->WEAKENING,2,ABOVE_200,LOW,NORMAL,MEDIUM,NORMAL,DOMINANT,MATURE,HISTORICAL_ELIGIBILITY_UNRESOLVED,SIGNAL_ELIGIBLE_AT_ASOF,YES,MARKET_INTELLIGENCE_ONLY,UNCERTAIN,DISCLOSURE_NOT_FOUND,CONFIRMED,2026-08-23,"HISTORICAL UK RETAIL, ACCOUNT AND BROKER ELIGIBILITY REMAIN UNRESOLVED"
2026-08-21,2026-08-21,EUROPE_INDUSTRIALS,Broad Europe industrials sector,NDUS,IE00BKWQ0J47,CONFIRMED_BY_USER,2026-08-23,SECTOR,POOL_EUROPE_BROAD_SECTORS,EUROPE_BROAD,GLOBAL_DEVELOPED_WORLD,EUROPE_BROAD,EUROPE,INDUSTRIALS,BROAD_SECTOR,NOT_APPLICABLE,Industrials,0.028955695038474838,0.013026756350918767,0.007354733400936508,-0.08202069271048207,-0.023339431754823226,0.7307692307692307,0.6153846153846154,0.6538461538461539,0.5,0.5384615384615384,0.6666666666666666,0.6076923076923078,0.6096153846153847,0.5641025641025641,0.6,11.0,0.028955695038474838,-0.015480684702328662,-0.005599085033463291,-0.08872289288766988,0.06392438314206084,-0.1282051282051282,0.3589743589743589,0.00020209911877953703,0.06812714037996272,LEADING,LEADING->LEADING,3,ABOVE_200,LOW,NORMAL,MEDIUM,NORMAL,DOMINANT,MATURE,HISTORICAL_ELIGIBILITY_UNRESOLVED,SIGNAL_ELIGIBLE_AT_ASOF,YES,MARKET_INTELLIGENCE_ONLY,RULES_ELIGIBLE,CURRENT_DISCLOSURE_CONFIRMED,CONFIRMED,2026-08-23,"HISTORICAL UK RETAIL, ACCOUNT AND BROKER ELIGIBILITY REMAIN UNRESOLVED"
2026-08-21,2026-08-21,GLOBAL_FINANCIALS,Broad global financials sector,XWFS,IE00BM67HL84,NOT_CHECKED,NOT_APPLICABLE,SECTOR,POOL_GLOBAL_BROAD_SECTORS,GLOBAL_DEVELOPED_WORLD,GLOBAL_DEVELOPED_WORLD,GLOBAL_DEVELOPED_WORLD,GLOBAL,FINANCIALS,BROAD_SECTOR,NOT_APPLICABLE,NOT_APPLICABLE,-0.009093095817300778,0.026967165544783178,0.06996450389325881,0.01651328551840936,-0.021029063057850572,0.38461538461538464,0.7307692307692307,0.8461538461538461,0.7692307692307693,0.5769230769230769,0.6538461538461539,0.6615384615384616,0.7288461538461538,0.7307692307692307,0.64,9.0,-0.009093095817300778,0.036391169755575214,0.0418682697860806,-0.04995606693526522,-0.03693247211925388,-0.11538461538461531,-0.2564102564102564,0.0015334037335964117,0.750903803450032,LEADING,LEADING->LEADING,7,ABOVE_200,LOW,NORMAL,MEDIUM,NORMAL,DOMINANT,MATURE,HISTORICAL_ELIGIBILITY_UNRESOLVED,SIGNAL_ELIGIBLE_AT_ASOF,YES,MARKET_INTELLIGENCE_ONLY,UNCERTAIN,DISCLOSURE_NOT_FOUND,CONFIRMED,2026-08-23,"HISTORICAL UK RETAIL, ACCOUNT AND BROKER ELIGIBILITY REMAIN UNRESOLVED"
2026-08-21,2026-08-21,US_FINANCIALS,Broad global financials sector,XSFN,IE00BCHWNT26,NOT_CHECKED,NOT_APPLICABLE,SECTOR,POOL_US_BROAD_SECTORS,US_TOTAL_MARKET,GLOBAL_DEVELOPED_WORLD,US_TOTAL_MARKET,UNITED_STATES,FINANCIALS,BROAD_SECTOR,NOT_APPLICABLE,NOT_APPLICABLE,-0.009855641054113518,0.018561757995607442,0.07797990806006538,0.008492679105638112,-0.09342051831461795,0.34615384615384615,0.6538461538461539,0.8846153846153846,0.7307692307692307,0.38461538461538464,0.6282051282051282,0.6000000000000001,0.6923076923076923,0.6666666666666665,0.6,11.0,-0.009855641054113518,0.028700258495614195,0.05833534353516767,-0.0644605974887571,-0.10105496998811692,-0.08974358974358976,-0.2435897435897436,0.0014979886462689323,0.6767685364416838,LEADING,LEADING->LEADING,8,ABOVE_200,LOW,NORMAL,MEDIUM,NORMAL,DOMINANT,MATURE,HISTORICAL_ELIGIBILITY_UNRESOLVED,SIGNAL_ELIGIBLE_AT_ASOF,YES,MARKET_INTELLIGENCE_ONLY,UNCERTAIN,DISCLOSURE_NOT_FOUND,CONFIRMED,2026-08-23,"HISTORICAL UK RETAIL, ACCOUNT AND BROKER ELIGIBILITY REMAIN UNRESOLVED"
2026-08-21,2026-08-21,EUROPE_HEALTHCARE,Broad Europe healthcare sector,HEAE,IE00BKWQ0H23,NOT_CHECKED,NOT_APPLICABLE,SECTOR,POOL_EUROPE_BROAD_SECTORS,EUROPE_BROAD,GLOBAL_DEVELOPED_WORLD,EUROPE_BROAD,EUROPE,HEALTHCARE,BROAD_SECTOR,NOT_APPLICABLE,Healthcare,0.0020229621924308105,0.009857548814290018,0.0205127401558447,-0.12960540094647677,-0.06253064765250271,0.5,0.5769230769230769,0.6923076923076923,0.15384615384615385,0.5,0.5897435897435898,0.48461538461538467,0.5173076923076922,0.4487179487179487,0.52,13.0,0.0020229621924308105,0.00781876954667493,0.01055118254457299,-0.14710070261288122,0.07706246496349123,0.2692307692307693,0.05128205128205132,0.00012172616851489142,0.007680721542548408,IMPROVING,LAGGING->IMPROVING,1,ABOVE_200,LOW,NORMAL,MEDIUM,NORMAL,DOMINANT,MATURE,HISTORICAL_ELIGIBILITY_UNRESOLVED,SIGNAL_ELIGIBLE_AT_ASOF,NO,MARKET_INTELLIGENCE_ONLY,UNCERTAIN,CURRENT_DISCLOSURE_CONFIRMED,CONFIRMED,2026-08-23,"HISTORICAL UK RETAIL, ACCOUNT AND BROKER ELIGIBILITY REMAIN UNRESOLVED"
2026-08-21,2026-08-21,EUROPE_COMMUNICATION_SERVICES,Broad Europe communication services sector,TELE,IE00BKWQ0N82,CONFIRMED_BY_USER,2026-08-23,SECTOR,POOL_EUROPE_BROAD_SECTORS,EUROPE_BROAD,GLOBAL_DEVELOPED_WORLD,EUROPE_BROAD,EUROPE,COMMUNICATION_SERVICES,BROAD_SECTOR,NOT_APPLICABLE,NOT_APPLICABLE,0.03504938641559119,0.026287360264750426,-0.04130967691846321,-0.11347341304350644,-0.20730166888307333,0.8076923076923077,0.6923076923076923,0.23076923076923078,0.3076923076923077,0.038461538461538464,0.576923076923077,0.41538461538461546,0.39999999999999997,0.19230769230769232,0.4,15.0,0.03504938641559119,-0.008465321815400495,-0.06586560431356725,-0.07527324975294003,-0.10583806196008805,0.1025641025641027,0.29487179487179493,-0.0005930528230430251,0.1552908525597776,IMPROVING,IMPROVING->IMPROVING,6,ABOVE_200,LOW,NORMAL,MEDIUM,NORMAL,DOMINANT,DEVELOPING,HISTORICAL_ELIGIBILITY_UNRESOLVED,SIGNAL_ELIGIBLE_AT_ASOF,YES,MARKET_INTELLIGENCE_ONLY,RULES_ELIGIBLE,CURRENT_DISCLOSURE_CONFIRMED,CONFIRMED,2026-08-23,"HISTORICAL UK RETAIL, ACCOUNT AND BROKER ELIGIBILITY REMAIN UNRESOLVED"
2026-08-21,2026-08-21,GLOBAL_CONSUMER_DISCRETIONARY,Broad global consumer discretionary sector,WCOD,IE00BYTRR640,NOT_CHECKED,NOT_APPLICABLE,SECTOR,POOL_GLOBAL_BROAD_SECTORS,GLOBAL_DEVELOPED_WORLD,GLOBAL_DEVELOPED_WORLD,GLOBAL_DEVELOPED_WORLD,GLOBAL,CONSUMER_DISCRETIONARY,BROAD_SECTOR,NOT_APPLICABLE,NOT_APPLICABLE,0.04368417196428909,-0.016154471870411635,-0.030108551156289964,-0.07028007069990139,-0.15659050846961886,0.9230769230769231,0.5,0.2692307692307692,0.5769230769230769,0.11538461538461539,0.5641025641025641,0.4769230769230769,0.43846153846153846,0.3205128205128205,0.48,14.0,0.04368417196428909,-0.05733405319549889,-0.014183201414155633,-0.041418572760388184,-0.09283487967682125,0.1282051282051282,0.44871794871794873,-0.0004240255054475107,0.2047620367172269,IMPROVING,IMPROVING->IMPROVING,2,ABOVE_200,LOW,NORMAL,MEDIUM,NORMAL,DOMINANT,DEVELOPING,HISTORICAL_ELIGIBILITY_UNRESOLVED,SIGNAL_ELIGIBLE_AT_ASOF,YES,MARKET_INTELLIGENCE_ONLY,RULES_ELIGIBLE,CURRENT_DISCLOSURE_CONFIRMED,CONFIRMED,2026-08-23,"HISTORICAL UK RETAIL, ACCOUNT AND BROKER ELIGIBILITY REMAIN UNRESOLVED"
2026-08-21,2026-08-21,EUROPE_CONSUMER_DISCRETIONARY,Broad Europe consumer discretionary sector,CDCE,IE00BKWQ0C77,NOT_CHECKED,NOT_APPLICABLE,SECTOR,POOL_EUROPE_BROAD_SECTORS,EUROPE_BROAD,GLOBAL_DEVELOPED_WORLD,EUROPE_BROAD,EUROPE,CONSUMER_DISCRETIONARY,BROAD_SECTOR,NOT_APPLICABLE,NOT_APPLICABLE,0.003994817726351574,-0.02542100900620503,0.002539308391442674,-0.13803348810148408,-0.19499268461409602,0.5384615384615384,0.34615384615384615,0.6153846153846154,0.11538461538461539,0.07692307692307693,0.5,0.33846153846153854,0.3865384615384615,0.2692307692307692,0.28,18.0,0.003994817726351574,-0.029298783433137188,0.02868963691607629,-0.1402167429409561,-0.06608052137333853,0.1282051282051282,0.17948717948717946,-0.00046801940921522076,0.23569827510566224,IMPROVING,IMPROVING->IMPROVING,2,ABOVE_200,LOW,NORMAL,MEDIUM,NORMAL,DOMINANT,MATURE,HISTORICAL_ELIGIBILITY_UNRESOLVED,SIGNAL_ELIGIBLE_AT_ASOF,NO,MARKET_INTELLIGENCE_ONLY,RULES_ELIGIBLE,CURRENT_DISCLOSURE_CONFIRMED,CONFIRMED,2026-08-23,"HISTORICAL UK RETAIL, ACCOUNT AND BROKER ELIGIBILITY REMAIN UNRESOLVED"
2026-08-21,2026-08-21,EUROPE_REAL_ESTATE,Europe listed real estate,XDER,LU0489337690,NOT_CHECKED,NOT_APPLICABLE,SECTOR,POOL_EUROPE_BROAD_SECTORS,EUROPE_BROAD,GLOBAL_DEVELOPED_WORLD,EUROPE_BROAD,EUROPE,REAL_ESTATE,REITS_AND_PROPERTY,NOT_APPLICABLE,NOT_APPLICABLE,-0.0232318491512038,-0.004184575245876121,-0.0033551275724627017,-0.14795206597935684,-0.1534926985307966,0.15384615384615385,0.5384615384615384,0.5769230769230769,0.07692307692307693,0.15384615384615385,0.4230769230769231,0.3,0.38269230769230766,0.2692307692307692,0.2,22.0,-0.0232318491512038,0.019500301979314072,0.0008329331448326815,-0.14508371277193055,-0.006502724002034221,-0.17948717948717946,-0.12820512820512825,0.0002755000894432041,0.0779037407982105,LAGGING,IMPROVING->LAGGING,1,ABOVE_200,LOW,NORMAL,MEDIUM,NORMAL,DOMINANT,MATURE,HISTORICAL_ELIGIBILITY_UNRESOLVED,SIGNAL_ELIGIBLE_AT_ASOF,YES,MARKET_INTELLIGENCE_ONLY,RULES_ELIGIBLE,CURRENT_DISCLOSURE_CONFIRMED,CONFIRMED,2026-08-23,"HISTORICAL UK RETAIL, ACCOUNT AND BROKER ELIGIBILITY REMAIN UNRESOLVED"
2026-08-21,2026-08-21,GLOBAL_TECHNOLOGY,Broad global technology sector,TECW,IE00BYTRRD19,NOT_CHECKED,NOT_APPLICABLE,SECTOR,POOL_GLOBAL_BROAD_SECTORS,GLOBAL_DEVELOPED_WORLD,GLOBAL_DEVELOPED_WORLD,GLOBAL_DEVELOPED_WORLD,GLOBAL,TECHNOLOGY,BROAD_SECTOR,NOT_APPLICABLE,NOT_APPLICABLE,-0.0016750104675572475,-0.020408497393155867,-0.022221599226107003,0.13300405408890903,0.09755785819140472,0.4230769230769231,0.4230769230769231,0.34615384615384615,0.9615384615384616,0.8846153846153846,0.3974358974358974,0.6076923076923078,0.55,0.7307692307692306,0.64,9.0,-0.0016750104675572475,-0.01876491836027494,-0.001850875419117104,0.15875340792162906,-0.03128514480560063,-0.30769230769230776,-0.16666666666666669,-0.0006725202532250419,0.3079284002073207,WEAKENING,WEAKENING->WEAKENING,6,ABOVE_200,LOW,NORMAL,MEDIUM,NORMAL,DOMINANT,MATURE,HISTORICAL_ELIGIBILITY_UNRESOLVED,SIGNAL_ELIGIBLE_AT_ASOF,NO,MARKET_INTELLIGENCE_ONLY,UNCERTAIN,CURRENT_DISCLOSURE_CONFIRMED,CONFIRMED,2026-08-23,"HISTORICAL UK RETAIL, ACCOUNT AND BROKER ELIGIBILITY REMAIN UNRESOLVED"
2026-08-21,2026-08-21,EUROPE_TECHNOLOGY,Broad Europe technology sector,ITEC,IE00BKWQ0K51,CONFIRMED_BY_USER,2026-08-23,SECTOR,POOL_EUROPE_BROAD_SECTORS,EUROPE_BROAD,GLOBAL_DEVELOPED_WORLD,EUROPE_BROAD,EUROPE,TECHNOLOGY,BROAD_SECTOR,NOT_APPLICABLE,NOT_APPLICABLE,0.03951558034474267,-0.04278279315417055,-0.04423479449338663,0.11375799013105725,0.32630380931909686,0.8461538461538461,0.11538461538461539,0.19230769230769232,0.9230769230769231,1.0,0.38461538461538464,0.6153846153846154,0.4653846153846154,0.7051282051282051,0.76,7.0,0.03951558034474267,-0.07916992785391441,-0.0015168984937082852,0.16530501813015674,0.19083662794915557,-0.23076923076923078,0.05128205128205132,-0.0020382633449231705,0.545545680503119,WEAKENING,WEAKENING->WEAKENING,7,ABOVE_200,LOW,NORMAL,MEDIUM,NORMAL,DOMINANT,MATURE,HISTORICAL_ELIGIBILITY_UNRESOLVED,SIGNAL_ELIGIBLE_AT_ASOF,YES,MARKET_INTELLIGENCE_ONLY,RULES_ELIGIBLE,CURRENT_DISCLOSURE_CONFIRMED,CONFIRMED,2026-08-23,"HISTORICAL UK RETAIL, ACCOUNT AND BROKER ELIGIBILITY REMAIN UNRESOLVED"
2026-08-21,2026-08-21,US_COMMUNICATION_SERVICES,Broad communication-services sector,XUCN,IE00BNC1G707,NOT_CHECKED,NOT_APPLICABLE,SECTOR,POOL_US_BROAD_SECTORS,US_TOTAL_MARKET,GLOBAL_DEVELOPED_WORLD,US_TOTAL_MARKET,UNITED_STATES,COMMUNICATION_SERVICES,BROAD_SECTOR,NOT_APPLICABLE,NOT_APPLICABLE,0.02017903672845711,-0.021566718205921043,-0.08866745612985472,-0.10355457867994233,-0.13777545531074809,0.6923076923076923,0.38461538461538464,0.07692307692307693,0.34615384615384615,0.23076923076923078,0.3846153846153846,0.3461538461538462,0.2846153846153847,0.21794871794871795,0.28,18.0,0.02017903672845711,-0.04092002818274887,-0.06857977868546761,-0.016335554622977422,-0.03817396554986452,0.21794871794871792,0.2692307692307692,-0.001316155192037461,0.6827554950410403,IMPROVING,IMPROVING->IMPROVING,2,ABOVE_200,LOW,NORMAL,MEDIUM,NORMAL,DOMINANT,MATURE,HISTORICAL_ELIGIBILITY_UNRESOLVED,SIGNAL_ELIGIBLE_AT_ASOF,YES,MARKET_INTELLIGENCE_ONLY,UNCERTAIN,DISCLOSURE_NOT_FOUND,CONFIRMED,2026-08-23,"HISTORICAL UK RETAIL, ACCOUNT AND BROKER ELIGIBILITY REMAIN UNRESOLVED"
2026-08-21,2026-08-21,GLOBAL_REAL_ESTATE,Global listed property and REITs,TREG,NL0009690239,NOT_CHECKED,NOT_APPLICABLE,SECTOR,POOL_GLOBAL_BROAD_SECTORS,GLOBAL_DEVELOPED_WORLD,GLOBAL_DEVELOPED_WORLD,GLOBAL_DEVELOPED_WORLD,GLOBAL,REAL_ESTATE,REITS_AND_PROPERTY,NOT_APPLICABLE,Real Estate,-0.053176532058605064,-0.01668454889531168,-0.007411655586101129,-0.0825654033942601,-0.06831084233826645,0.11538461538461539,0.46153846153846156,0.46153846153846156,0.46153846153846156,0.46153846153846156,0.3461538461538462,0.39230769230769236,0.4269230769230769,0.46153846153846156,0.36,17.0,-0.053176532058605064,0.03854148571394744,0.009430232484187284,-0.075714920723289,0.015537413902562358,-0.1282051282051282,-0.4743589743589744,0.00029280607441384206,0.04033475427850235,LAGGING,LAGGING->LAGGING,2,ABOVE_200,LOW,NORMAL,MEDIUM,NORMAL,DOMINANT,MATURE,HISTORICAL_ELIGIBILITY_UNRESOLVED,SIGNAL_ELIGIBLE_AT_ASOF,YES,MARKET_INTELLIGENCE_ONLY,UNCERTAIN,DISCLOSURE_NOT_FOUND,CONFIRMED,2026-08-23,"HISTORICAL UK RETAIL, ACCOUNT AND BROKER ELIGIBILITY REMAIN UNRESOLVED"
2026-08-21,2026-08-21,GLOBAL_INDUSTRIALS,Broad global industrials sector,XWIS,IE00BM67HV82,NOT_CHECKED,NOT_APPLICABLE,SECTOR,POOL_GLOBAL_BROAD_SECTORS,GLOBAL_DEVELOPED_WORLD,GLOBAL_DEVELOPED_WORLD,GLOBAL_DEVELOPED_WORLD,GLOBAL,INDUSTRIALS,BROAD_SECTOR,NOT_APPLICABLE,Industrials,-0.021441104933413557,-0.027313651399167638,-0.004872626328080387,-0.07955270099827971,-0.01534576520941644,0.23076923076923078,0.2692307692307692,0.5,0.5384615384615384,0.6153846153846154,0.3333333333333333,0.4307692307692308,0.4346153846153846,0.5512820512820513,0.4,15.0,-0.021441104933413557,-0.006001219237146027,0.02307118332992708,-0.07504574454085966,0.06975623249533114,-0.35897435897435886,-0.25641025641025644,0.00014576957020558866,0.05249426905908361,WEAKENING,LEADING->WEAKENING,1,ABOVE_200,LOW,NORMAL,MEDIUM,NORMAL,DOMINANT,MATURE,HISTORICAL_ELIGIBILITY_UNRESOLVED,SIGNAL_ELIGIBLE_AT_ASOF,YES,MARKET_INTELLIGENCE_ONLY,UNCERTAIN,DISCLOSURE_NOT_FOUND,CONFIRMED,2026-08-23,"HISTORICAL UK RETAIL, ACCOUNT AND BROKER ELIGIBILITY REMAIN UNRESOLVED"
2026-08-21,2026-08-21,EUROPE_CONSUMER_STAPLES,Broad consumer-staples sector,CSPE,IE00BKWQ0D84,NOT_CHECKED,NOT_APPLICABLE,SECTOR,POOL_EUROPE_BROAD_SECTORS,EUROPE_BROAD,GLOBAL_DEVELOPED_WORLD,EUROPE_BROAD,EUROPE,CONSUMER_STAPLES,BROAD_SECTOR,NOT_APPLICABLE,NOT_APPLICABLE,-0.01925454372420876,-0.031779135269997205,-0.011930939215820446,-0.15067683074039495,-0.1511677016160793,0.2692307692307692,0.19230769230769232,0.4230769230769231,0.038461538461538464,0.19230769230769232,0.2948717948717949,0.2230769230769231,0.25,0.21794871794871795,0.08,24.0,-0.01925454372420876,-0.012770481337072148,0.020499657440982366,-0.14042124890992846,-0.0005779553572194951,-0.10256410256410253,-0.1923076923076923,8.209254941545142e-05,0.003465746363671233,LAGGING,LAGGING->LAGGING,3,ABOVE_200,LOW,NORMAL,MEDIUM,NORMAL,DOMINANT,MATURE,HISTORICAL_ELIGIBILITY_UNRESOLVED,SIGNAL_ELIGIBLE_AT_ASOF,YES,MARKET_INTELLIGENCE_ONLY,UNCERTAIN,DISCLOSURE_NOT_FOUND,CONFIRMED,2026-08-23,"HISTORICAL UK RETAIL, ACCOUNT AND BROKER ELIGIBILITY REMAIN UNRESOLVED"
2026-08-21,2026-08-21,GLOBAL_COMMUNICATION_SERVICES,Broad global communication services sector,WTEL,IE00BYTRRG40,NOT_CHECKED,NOT_APPLICABLE,SECTOR,POOL_GLOBAL_BROAD_SECTORS,GLOBAL_DEVELOPED_WORLD,GLOBAL_DEVELOPED_WORLD,GLOBAL_DEVELOPED_WORLD,GLOBAL,COMMUNICATION_SERVICES,BROAD_SECTOR,NOT_APPLICABLE,NOT_APPLICABLE,0.015051475708369733,-0.028267010904097112,-0.09383121086803159,-0.09677989248031083,-0.11516925318088622,0.6153846153846154,0.23076923076923078,0.038461538461538464,0.38461538461538464,0.34615384615384615,0.2948717948717949,0.32307692307692304,0.24423076923076925,0.2564102564102564,0.24,20.0,0.015051475708369733,-0.04267614761333782,-0.06747141519290722,-0.0032540092393865683,-0.02035977780773046,0.15384615384615385,0.17948717948717946,-0.0013669238063688796,0.7029440980217125,IMPROVING,LAGGING->IMPROVING,1,ABOVE_200,LOW,NORMAL,MEDIUM,NORMAL,DOMINANT,MATURE,HISTORICAL_ELIGIBILITY_UNRESOLVED,SIGNAL_ELIGIBLE_AT_ASOF,YES,MARKET_INTELLIGENCE_ONLY,RULES_ELIGIBLE,CURRENT_DISCLOSURE_CONFIRMED,CONFIRMED,2026-08-23,"HISTORICAL UK RETAIL, ACCOUNT AND BROKER ELIGIBILITY REMAIN UNRESOLVED"
2026-08-21,2026-08-21,GLOBAL_CONSUMER_STAPLES,Broad global consumer staples sector,WCOS,IE00BYTRR756,NOT_CHECKED,NOT_APPLICABLE,SECTOR,POOL_GLOBAL_BROAD_SECTORS,GLOBAL_DEVELOPED_WORLD,GLOBAL_DEVELOPED_WORLD,GLOBAL_DEVELOPED_WORLD,GLOBAL,CONSUMER_STAPLES,BROAD_SECTOR,NOT_APPLICABLE,NOT_APPLICABLE,-0.01819377212329587,-0.038903722114454364,-0.01764367907692843,-0.12346487638779413,-0.1332762746478916,0.3076923076923077,0.15384615384615385,0.38461538461538464,0.23076923076923078,0.2692307692307692,0.2820512820512821,0.2692307692307693,0.27692307692307694,0.2948717948717948,0.16,23.0,-0.01819377212329587,-0.021093724406237135,0.02212061738944504,-0.10772180629064498,-0.011193388599951004,-0.05128205128205121,-0.14102564102564097,-9.522981500875034e-05,0.007071263556213233,LAGGING,LAGGING->LAGGING,3,ABOVE_200,LOW,NORMAL,MEDIUM,NORMAL,DOMINANT,MATURE,HISTORICAL_ELIGIBILITY_UNRESOLVED,SIGNAL_ELIGIBLE_AT_ASOF,YES,MARKET_INTELLIGENCE_ONLY,RULES_ELIGIBLE,CURRENT_DISCLOSURE_CONFIRMED,CONFIRMED,2026-08-23,"HISTORICAL UK RETAIL, ACCOUNT AND BROKER ELIGIBILITY REMAIN UNRESOLVED"
2026-08-21,2026-08-21,US_CONSUMER_STAPLES,Broad consumer-staples sector,SXLP,IE00BWBXM385,NOT_CHECKED,NOT_APPLICABLE,SECTOR,POOL_US_BROAD_SECTORS,US_TOTAL_MARKET,GLOBAL_DEVELOPED_WORLD,US_TOTAL_MARKET,UNITED_STATES,CONSUMER_STAPLES,BROAD_SECTOR,NOT_APPLICABLE,NOT_APPLICABLE,-0.021758952170128243,-0.04822737022540624,-0.02746588770007863,-0.11766079428998832,-0.12717691941857323,0.19230769230769232,0.07692307692307693,0.3076923076923077,0.2692307692307692,0.3076923076923077,0.19230769230769232,0.23076923076923078,0.23076923076923078,0.2948717948717948,0.08,24.0,-0.021758952170128243,-0.027057153361122466,0.021813489772493755,-0.09274215212524528,-0.010785109702710294,-0.11538461538461539,-0.15384615384615377,-0.000320654933320977,0.06811526545184285,LAGGING,LAGGING->LAGGING,5,ABOVE_200,LOW,NORMAL,MEDIUM,NORMAL,DOMINANT,MATURE,HISTORICAL_ELIGIBILITY_UNRESOLVED,SIGNAL_ELIGIBLE_AT_ASOF,YES,MARKET_INTELLIGENCE_ONLY,UNCERTAIN,DISCLOSURE_NOT_FOUND,CONFIRMED,2026-08-23,"HISTORICAL UK RETAIL, ACCOUNT AND BROKER ELIGIBILITY REMAIN UNRESOLVED"
2026-08-21,2026-08-21,EUROPE_UTILITIES,Broad Europe utilities sector,UTIL,IE00BKWQ0P07,CONFIRMED_BY_USER,2026-08-23,SECTOR,POOL_EUROPE_BROAD_SECTORS,EUROPE_BROAD,GLOBAL_DEVELOPED_WORLD,EUROPE_BROAD,EUROPE,UTILITIES,BROAD_SECTOR,NOT_APPLICABLE,Utilities,-0.06262658966966039,-0.02588593329672073,-0.04583976233090925,-0.08729413179842416,0.0389405148766524,0.07692307692307693,0.3076923076923077,0.15384615384615385,0.4230769230769231,0.6923076923076923,0.17948717948717952,0.3307692307692308,0.2923076923076923,0.423076923076923,0.24,20.0,-0.06262658966966039,0.03919532596939357,-0.020484078524519056,-0.04344592012006654,0.1383081352635689,-0.038461538461538436,-0.41025641025641024,-0.0003494764283098592,0.08699716179592032,LAGGING,LAGGING->LAGGING,4,ABOVE_200,LOW,NORMAL,MEDIUM,NORMAL,DOMINANT,MATURE,HISTORICAL_ELIGIBILITY_UNRESOLVED,SIGNAL_ELIGIBLE_AT_ASOF,YES,MARKET_INTELLIGENCE_ONLY,RULES_ELIGIBLE,CURRENT_DISCLOSURE_CONFIRMED,CONFIRMED,2026-08-23,"HISTORICAL UK RETAIL, ACCOUNT AND BROKER ELIGIBILITY REMAIN UNRESOLVED"
2026-08-21,2026-08-21,GLOBAL_UTILITIES,Broad global utilities sector,XWUS,IE00BM67HQ30,NOT_CHECKED,NOT_APPLICABLE,SECTOR,POOL_GLOBAL_BROAD_SECTORS,GLOBAL_DEVELOPED_WORLD,GLOBAL_DEVELOPED_WORLD,GLOBAL_DEVELOPED_WORLD,GLOBAL,UTILITIES,BROAD_SECTOR,NOT_APPLICABLE,Utilities,-0.08783974193050226,-0.06685845835472748,-0.06508979290752526,-0.1266707961241037,-0.0918132562615589,0.038461538461538464,0.038461538461538464,0.11538461538461539,0.19230769230769232,0.4230769230769231,0.06410256410256411,0.16153846153846155,0.13461538461538464,0.24358974358974358,0.0,26.0,-0.08783974193050226,0.023001751490664635,0.001895388178821955,-0.06586836120667927,0.03991340230905438,-0.1153846153846154,-0.5256410256410257,-0.0006145366967107244,0.1650182182433923,LAGGING,LAGGING->LAGGING,4,ABOVE_200,LOW,NORMAL,MEDIUM,NORMAL,DOMINANT,MATURE,HISTORICAL_ELIGIBILITY_UNRESOLVED,SIGNAL_ELIGIBLE_AT_ASOF,YES,MARKET_INTELLIGENCE_ONLY,UNCERTAIN,DISCLOSURE_NOT_FOUND,CONFIRMED,2026-08-23,"HISTORICAL UK RETAIL, ACCOUNT AND BROKER ELIGIBILITY REMAIN UNRESOLVED"
2026-08-21,2026-08-21,GLOBAL_GENOMICS,Genomics and genomic medicine,ARCG,IE000O5M6XO1,NOT_CHECKED,NOT_APPLICABLE,THEME,POOL_GLOBAL_THEMES,GLOBAL_BIOTECHNOLOGY,GLOBAL_DEVELOPED_WORLD,GLOBAL_BIOTECHNOLOGY,GLOBAL,HEALTHCARE,BIOTECHNOLOGY,GENOMICS,Genomics,0.1613566149287029,0.18368230356354398,0.3745935616962699,0.283715590636167,0.4980921558327329,1.0,1.0,1.0,0.8823529411764706,0.9375,1.0,0.9639705882352942,0.9702205882352941,0.9399509803921569,1.0,1.0,0.1613566149287029,0.019223801154490072,0.161285893654046,-0.06611261218767683,0.16699693199981147,0.1568627450980392,0.17647058823529405,0.0029128175332940125,0.5837267249562428,LEADING,LEADING->LEADING,10,ABOVE_200,LOW,HIGH,NARROW,NORMAL,DOMINANT,DEVELOPING,HISTORICAL_ELIGIBILITY_UNRESOLVED,SIGNAL_ELIGIBLE_AT_ASOF,YES,TRADE_RESEARCH_CANDIDATE,UNCERTAIN,DISCLOSURE_NOT_FOUND,CONFIRMED,2026-08-23,"HISTORICAL UK RETAIL, ACCOUNT AND BROKER ELIGIBILITY REMAIN UNRESOLVED"
2026-08-21,2026-08-21,EUROPE_AEROSPACE_DEFENCE,Aerospace and defence businesses,DFEU,IE000IAXNM41,NOT_CHECKED,NOT_APPLICABLE,THEME,POOL_EUROPE_THEMES,EUROPE_INDUSTRIALS,GLOBAL_DEVELOPED_WORLD,EUROPE_INDUSTRIALS,EUROPE,INDUSTRIALS,AEROSPACE_AND_DEFENCE,DEFENCE,Aerospace,0.052465004334053544,0.11288920002713576,0.04706746519387672,-0.15470742709784124,-0.0625145480418664,0.8823529411764706,0.9411764705882353,0.8823529411764706,0.29411764705882354,0.3125,0.9019607843137255,0.6625000000000001,0.7224264705882353,0.4963235294117646,0.8666666666666667,3.0,0.052465004334053544,0.05741207113229918,-0.059144912927229454,-0.1927047673612483,0.10906623577614938,-0.039215686274509665,0.21568627450980382,0.0014220753903668537,0.3246690617818691,LEADING,LEADING->LEADING,4,ABOVE_200,LOW,HIGH,NARROW,NORMAL,DOMINANT,DEVELOPING,HISTORICAL_ELIGIBILITY_UNRESOLVED,SIGNAL_ELIGIBLE_AT_ASOF,YES,TRADE_RESEARCH_CANDIDATE,UNCERTAIN,DISCLOSURE_NOT_FOUND,CONFIRMED,2026-08-23,"HISTORICAL UK RETAIL, ACCOUNT AND BROKER ELIGIBILITY REMAIN UNRESOLVED"
2026-08-21,2026-08-21,GLOBAL_CYBERSECURITY,Global cybersecurity businesses,CYSE,IE00BLPK3577,NOT_CHECKED,NOT_APPLICABLE,THEME,POOL_GLOBAL_THEMES,GLOBAL_TECHNOLOGY,GLOBAL_DEVELOPED_WORLD,GLOBAL_TECHNOLOGY,GLOBAL,TECHNOLOGY,CYBERSECURITY,CYBERSECURITY,Cybersecurity,0.026071316125392263,0.06307086507969739,0.07692968786794041,0.31699656089539885,0.06471618378578037,0.7058823529411765,0.8235294117647058,0.9411764705882353,1.0,0.5625,0.823529411764706,0.8066176470588236,0.8621323529411765,0.8345588235294117,0.9333333333333333,2.0,0.026071316125392263,0.0360594321007055,0.013036593555034726,0.222917870806155,-0.19155735451434897,-0.05882352941176472,-0.07843137254901955,0.0016182494096348256,0.4813225909725402,LEADING,LEADING->LEADING,15,ABOVE_200,LOW,HIGH,NARROW,NORMAL,DOMINANT,MATURE,HISTORICAL_ELIGIBILITY_UNRESOLVED,SIGNAL_ELIGIBLE_AT_ASOF,YES,TRADE_RESEARCH_CANDIDATE,UNCERTAIN,DISCLOSURE_NOT_FOUND,CONFIRMED,2026-08-23,"HISTORICAL UK RETAIL, ACCOUNT AND BROKER ELIGIBILITY REMAIN UNRESOLVED"
2026-08-21,2026-08-21,GLOBAL_AEROSPACE_DEFENCE,Aerospace and defence businesses,ICBM,IE000NVDQXE1,NOT_CHECKED,NOT_APPLICABLE,THEME,POOL_GLOBAL_THEMES,GLOBAL_INDUSTRIALS,GLOBAL_DEVELOPED_WORLD,GLOBAL_INDUSTRIALS,GLOBAL,INDUSTRIALS,AEROSPACE_AND_DEFENCE,DEFENCE,Aerospace,0.02537233272025352,0.09018687413637339,-0.01317044549065327,-0.19582047558739735,-0.09425966039110967,0.6470588235294118,0.8823529411764706,0.6470588235294118,0.23529411764705882,0.1875,0.7254901960784313,0.5198529411764706,0.5775735294117648,0.35661764705882354,0.6,5.0,0.02537233272025352,0.06321073755147122,-0.09480697491327295,-0.18508771779495192,0.12629122243627244,-0.0980392156862746,0.13725490196078427,0.00059496420007153,0.07729573638994656,IMPROVING,LEADING->IMPROVING,1,ABOVE_200,LOW,HIGH,NARROW,NORMAL,DOMINANT,NEW,HISTORICAL_ELIGIBILITY_UNRESOLVED,SIGNAL_ELIGIBLE_AT_ASOF,YES,TRADE_RESEARCH_CANDIDATE,UNCERTAIN,DISCLOSURE_NOT_FOUND,CONFIRMED,2026-08-23,"HISTORICAL UK RETAIL, ACCOUNT AND BROKER ELIGIBILITY REMAIN UNRESOLVED"
2026-08-21,2026-08-21,GLOBAL_ROBOTICS_AUTOMATION,Robotics and industrial automation,RBTX,IE00BYZK4552,NOT_CHECKED,NOT_APPLICABLE,THEME,POOL_GLOBAL_THEMES,GLOBAL_INDUSTRIALS,GLOBAL_DEVELOPED_WORLD,GLOBAL_INDUSTRIALS,GLOBAL,INDUSTRIALS,INDUSTRIAL_AUTOMATION,ROBOTICS,Robotics,0.04631466214190394,-0.021366719900019593,0.0036709018055951503,0.16476864151355164,0.1730664974238536,0.8235294117647058,0.5294117647058824,0.7647058823529411,0.8235294117647058,0.75,0.7058823529411765,0.7382352941176471,0.7220588235294116,0.7794117647058822,0.8,4.0,0.04631466214190394,-0.06468549518686217,0.02558427371594907,0.16050852866028387,0.007124037868601496,-0.039215686274509776,0.17647058823529416,-0.0003263955896136342,0.04380263929600158,WEAKENING,WEAKENING->WEAKENING,6,ABOVE_200,LOW,HIGH,NARROW,NORMAL,DOMINANT,MATURE,HISTORICAL_ELIGIBILITY_UNRESOLVED,SIGNAL_ELIGIBLE_AT_ASOF,YES,TRADE_RESEARCH_CANDIDATE,UNCERTAIN,DISCLOSURE_NOT_FOUND,CONFIRMED,2026-08-23,"HISTORICAL UK RETAIL, ACCOUNT AND BROKER ELIGIBILITY REMAIN UNRESOLVED"
2026-08-21,2026-08-21,GLOBAL_URANIUM_NUCLEAR,Uranium miners and nuclear-energy value chain,NUCG,IE000M7V94E1,NOT_CHECKED,NOT_APPLICABLE,THEME,POOL_GLOBAL_THEMES,GLOBAL_ENERGY,GLOBAL_DEVELOPED_WORLD,GLOBAL_ENERGY,GLOBAL,ENERGY,URANIUM_AND_NUCLEAR,URANIUM_NUCLEAR,NOT_APPLICABLE,0.0601929866965889,0.0025119346090409778,-0.06941797582777964,-0.2639167903619851,0.10977957605479949,0.9411764705882353,0.6470588235294118,0.4117647058823529,0.058823529411764705,0.6875,0.6666666666666666,0.549264705882353,0.4805147058823529,0.38602941176470584,0.5333333333333333,8.0,0.0601929866965889,-0.05440618152669907,-0.07174967993261028,-0.20900770644824973,0.5076822314702139,0.19607843137254893,0.4117647058823529,-0.0020684298447585926,0.4609916858751197,IMPROVING,IMPROVING->IMPROVING,2,ABOVE_200,LOW,HIGH,NARROW,NORMAL,DOMINANT,DEVELOPING,HISTORICAL_ELIGIBILITY_UNRESOLVED,SIGNAL_ELIGIBLE_AT_ASOF,YES,TRADE_RESEARCH_CANDIDATE,UNCERTAIN,DISCLOSURE_NOT_FOUND,CONFIRMED,2026-08-23,"HISTORICAL UK RETAIL, ACCOUNT AND BROKER ELIGIBILITY REMAIN UNRESOLVED"
2026-08-21,2026-08-21,GLOBAL_WATER,Water infrastructure and services,IH2O,IE00B1TXK627,NOT_CHECKED,NOT_APPLICABLE,THEME,POOL_GLOBAL_THEMES,GLOBAL_INDUSTRIALS,GLOBAL_DEVELOPED_WORLD,GLOBAL_INDUSTRIALS,GLOBAL,INDUSTRIALS,WATER_INFRASTRUCTURE,WATER,NOT_APPLICABLE,-0.01325257350951936,-0.0051219465019030075,0.01611450335050324,-0.12731564719573285,-0.16334411945742744,0.47058823529411764,0.5882352941176471,0.8235294117647058,0.35294117647058826,0.125,0.6274509803921569,0.4720588235294118,0.5654411764705881,0.43382352941176466,0.3333333333333333,10.0,-0.01325257350951936,0.008239825906143139,0.021345781804852137,-0.14115549977221487,-0.04128465480780219,0.019607843137254943,-0.039215686274509776,0.0005064854270055682,0.2952721207939378,LEADING,IMPROVING->LEADING,1,ABOVE_200,LOW,HIGH,NARROW,NORMAL,DOMINANT,MATURE,HISTORICAL_ELIGIBILITY_UNRESOLVED,SIGNAL_ELIGIBLE_AT_ASOF,YES,TRADE_RESEARCH_CANDIDATE,RULES_ELIGIBLE,CURRENT_DISCLOSURE_CONFIRMED,CONFIRMED,2026-08-23,"HISTORICAL UK RETAIL, ACCOUNT AND BROKER ELIGIBILITY REMAIN UNRESOLVED"
2026-08-21,2026-08-21,GLOBAL_AGRIBUSINESS,Agricultural inputs and food value chain,SPAG,IE00B6R52143,NOT_CHECKED,NOT_APPLICABLE,THEME,POOL_GLOBAL_THEMES,NOT_APPLICABLE,GLOBAL_DEVELOPED_WORLD,NOT_APPLICABLE,GLOBAL,CONSUMER_STAPLES,AGRIBUSINESS,AGRIBUSINESS,NOT_APPLICABLE,-0.03183281684697359,0.03367660353871127,-0.010659223241453741,-0.10332832741966957,-0.052708275010465155,0.29411764705882354,0.7058823529411765,0.7058823529411765,0.5882352941176471,0.375,0.5686274509803922,0.5338235294117648,0.6080882352941177,0.5563725490196079,0.6,5.0,-0.03183281684697359,0.06766333493389087,-0.04289139042944834,-0.09366752726177408,0.056453274879908255,0.1960784313725491,-0.13725490196078427,-0.0004065869456802198,0.0971966138167321,LEADING,LAGGING->LEADING,1,ABOVE_200,LOW,HIGH,NARROW,NORMAL,DOMINANT,MATURE,HISTORICAL_ELIGIBILITY_UNRESOLVED,SIGNAL_ELIGIBLE_AT_ASOF,YES,TRADE_RESEARCH_CANDIDATE,RULES_ELIGIBLE,CURRENT_DISCLOSURE_CONFIRMED,CONFIRMED,2026-08-23,"HISTORICAL UK RETAIL, ACCOUNT AND BROKER ELIGIBILITY REMAIN UNRESOLVED"
2026-08-21,2026-08-21,CHINA_INTERNET,China internet and digital economy,KWBP,IE00BMW13836,NOT_CHECKED,NOT_APPLICABLE,THEME,POOL_CHINA_THEMES,CHINA_BROAD,GLOBAL_DEVELOPED_WORLD,CHINA_BROAD,CHINA,COMMUNICATION_SERVICES,INTERNET_SERVICES,CHINA_INTERNET,China Internet,-0.02000070322306602,0.04817428709248639,-0.04664414573984166,-0.25489571144322465,-0.3805100010483884,0.35294117647058826,0.7647058823529411,0.5294117647058824,0.11764705882352941,0.0625,0.5490196078431372,0.3654411764705883,0.4415441176470588,0.23651960784313725,0.3333333333333333,10.0,-0.02000070322306602,0.06956636656757764,-0.09046055985149515,-0.21844053799301877,-0.16858618522847513,0.17647058823529405,-0.05882352941176472,0.00041295210913322553,0.03371857136664986,IMPROVING,IMPROVING->IMPROVING,7,ABOVE_200,LOW,HIGH,NARROW,NORMAL,DOMINANT,MATURE,HISTORICAL_ELIGIBILITY_UNRESOLVED,SIGNAL_ELIGIBLE_AT_ASOF,YES,TRADE_RESEARCH_CANDIDATE,UNCERTAIN,DISCLOSURE_NOT_FOUND,CONFIRMED,2026-08-23,"HISTORICAL UK RETAIL, ACCOUNT AND BROKER ELIGIBILITY REMAIN UNRESOLVED"
2026-08-21,2026-08-21,GLOBAL_AI,Artificial-intelligence value chain,AIAA,IE000Q9W2IR3,NOT_CHECKED,NOT_APPLICABLE,THEME,POOL_GLOBAL_THEMES,GLOBAL_TECHNOLOGY,GLOBAL_DEVELOPED_WORLD,GLOBAL_TECHNOLOGY,GLOBAL,TECHNOLOGY,SOFTWARE_AND_SERVICES,AI,AI,0.03864221397386869,-0.022731058951719785,-0.07351609581372853,0.08570058276133996,-0.025810912870456004,0.7647058823529411,0.47058823529411764,0.29411764705882354,0.7058823529411765,0.4375,0.5098039215686275,0.5345588235294119,0.48198529411764707,0.47916666666666663,0.6,5.0,0.03864221397386869,-0.05908990805483705,-0.05196628556263494,0.17185045293896173,-0.10270925281091825,0.03921568627450994,-0.019607843137254832,-0.0023190868609861376,0.7220518513339784,LAGGING,WEAKENING->LAGGING,1,ABOVE_200,LOW,HIGH,NARROW,NORMAL,DOMINANT,DEVELOPING,HISTORICAL_ELIGIBILITY_UNRESOLVED,SIGNAL_ELIGIBLE_AT_ASOF,YES,TRADE_RESEARCH_CANDIDATE,UNCERTAIN,DISCLOSURE_NOT_FOUND,CONFIRMED,2026-08-23,"HISTORICAL UK RETAIL, ACCOUNT AND BROKER ELIGIBILITY REMAIN UNRESOLVED"
2026-08-21,2026-08-21,EUROPE_INFRASTRUCTURE,Europe listed infrastructure,BLDR,IE000PTMIE90,NOT_CHECKED,NOT_APPLICABLE,THEME,POOL_EUROPE_THEMES,EUROPE_INDUSTRIALS,GLOBAL_DEVELOPED_WORLD,EUROPE_INDUSTRIALS,EUROPE,INDUSTRIALS,INFRASTRUCTURE,INFRASTRUCTURE,NOT_APPLICABLE,-0.01434126909836897,-0.027030429271249212,-0.018504750123526703,-0.07821748083194324,,0.4117647058823529,0.4117647058823529,0.5882352941176471,0.6470588235294118,,0.4705882352941176,,,,,,-0.01434126909836897,-0.012873786610983262,0.008762534208893058,-0.060838532551157676,,-0.09803921568627466,-0.0784313725490196,-0.00020258016134221268,0.1198076304840558,,NOT_AVAILABLE,0,ABOVE_200,LOW,HIGH,NARROW,NORMAL,DOMINANT,NEW,HISTORICAL_ELIGIBILITY_UNRESOLVED,EXISTS_WARMUP_OR_DATA_INCOMPLETE_AT_ASOF,YES,TRADE_RESEARCH_CANDIDATE,UNCERTAIN,DISCLOSURE_NOT_FOUND,CONFIRMED,2026-08-23,"HISTORICAL UK RETAIL, ACCOUNT AND BROKER ELIGIBILITY REMAIN UNRESOLVED"
2026-08-21,2026-08-21,GLOBAL_QUANTUM_COMPUTING,Quantum-computing ecosystem,QANT,IE000C6ITGC8,NOT_CHECKED,NOT_APPLICABLE,THEME,POOL_GLOBAL_THEMES,GLOBAL_TECHNOLOGY,GLOBAL_DEVELOPED_WORLD,GLOBAL_TECHNOLOGY,GLOBAL,TECHNOLOGY,COMPUTING,QUANTUM,Quantum,0.023432581196859648,-0.12300457661846165,-0.14241025192540546,0.14553237726655932,0.2704113283256069,0.5882352941176471,0.23529411764705882,0.23529411764705882,0.7647058823529411,0.875,0.35294117647058826,0.5397058823529413,0.4404411764705883,0.625,0.4666666666666667,9.0,0.023432581196859648,-0.14308432280323669,-0.022127453336208913,0.3357580123111723,0.10901389915929771,-0.23529411764705882,0.03921568627450983,-0.0036785929061069105,0.7244951758198152,LAGGING,LEADING->LAGGING,1,ABOVE_200,LOW,HIGH,NARROW,NORMAL,DOMINANT,NEW,HISTORICAL_ELIGIBILITY_UNRESOLVED,SIGNAL_ELIGIBLE_AT_ASOF,YES,TRADE_RESEARCH_CANDIDATE,UNCERTAIN,DISCLOSURE_NOT_FOUND,CONFIRMED,2026-08-23,"HISTORICAL UK RETAIL, ACCOUNT AND BROKER ELIGIBILITY REMAIN UNRESOLVED"
2026-08-21,2026-08-21,GLOBAL_INFRASTRUCTURE,Global listed infrastructure,INFR,IE00B1FZS467,NOT_CHECKED,NOT_APPLICABLE,THEME,POOL_GLOBAL_THEMES,GLOBAL_INDUSTRIALS,GLOBAL_DEVELOPED_WORLD,GLOBAL_INDUSTRIALS,GLOBAL,INDUSTRIALS,INFRASTRUCTURE,INFRASTRUCTURE,NOT_APPLICABLE,-0.08062930206880692,-0.04530053553825697,-0.04963700797239334,-0.10773710463475827,-0.08773055922137807,0.17647058823529413,0.35294117647058826,0.47058823529411764,0.4117647058823529,0.25,0.3333333333333333,0.3323529411764706,0.3779411764705883,0.3774509803921568,0.13333333333333333,14.0,-0.08062930206880692,0.03842711825605094,-0.004542238259849896,-0.06113463713313161,0.02242225415547594,-0.019607843137254943,-0.411764705882353,-0.0004468301090584857,0.1145576964320747,LAGGING,LAGGING->LAGGING,2,ABOVE_200,LOW,HIGH,NARROW,NORMAL,DOMINANT,MATURE,HISTORICAL_ELIGIBILITY_UNRESOLVED,SIGNAL_ELIGIBLE_AT_ASOF,YES,TRADE_RESEARCH_CANDIDATE,RULES_ELIGIBLE,CURRENT_DISCLOSURE_CONFIRMED,CONFIRMED,2026-08-23,"HISTORICAL UK RETAIL, ACCOUNT AND BROKER ELIGIBILITY REMAIN UNRESOLVED"
2026-08-21,2026-08-21,GLOBAL_BATTERY_EV,Battery and electric-vehicle value chain,CHRG,IE00BKLF1R75,NOT_CHECKED,NOT_APPLICABLE,THEME,POOL_GLOBAL_THEMES,GLOBAL_INDUSTRIALS,GLOBAL_DEVELOPED_WORLD,GLOBAL_INDUSTRIALS,GLOBAL,INDUSTRIALS,BATTERY_AND_EV_VALUE_CHAIN,BATTERY_EV,NOT_APPLICABLE,0.007941333849296628,-0.12832183793107188,-0.21559344128495528,-0.10635070130536917,0.24406645994123988,0.5294117647058824,0.17647058823529413,0.11764705882352941,0.5294117647058824,0.8125,0.27450980392156865,0.43308823529411766,0.32536764705882354,0.4865196078431372,0.3333333333333333,10.0,0.007941333849296628,-0.1351895861438519,-0.10011906590242459,0.1392680093834746,0.3921193266289915,0.05882352941176472,0.15686274509803927,-0.004881917759679322,0.8362291902355831,IMPROVING,IMPROVING->IMPROVING,2,ABOVE_200,LOW,HIGH,NARROW,NORMAL,DOMINANT,MATURE,HISTORICAL_ELIGIBILITY_UNRESOLVED,SIGNAL_ELIGIBLE_AT_ASOF,YES,TRADE_RESEARCH_CANDIDATE,UNCERTAIN,DISCLOSURE_NOT_FOUND,CONFIRMED,2026-08-23,"HISTORICAL UK RETAIL, ACCOUNT AND BROKER ELIGIBILITY REMAIN UNRESOLVED"
2026-08-21,2026-08-21,GLOBAL_CLEAN_ENERGY,Clean-energy value chain,INRA,IE000U58J0M1,NOT_CHECKED,NOT_APPLICABLE,THEME,POOL_GLOBAL_THEMES,GLOBAL_UTILITIES,GLOBAL_DEVELOPED_WORLD,GLOBAL_UTILITIES,GLOBAL,UTILITIES,RENEWABLE_ENERGY,CLEAN_ENERGY,NOT_APPLICABLE,-0.03498227317227731,-0.10763305368002307,-0.21426738101731702,-0.10728927067395944,0.06915024632757216,0.23529411764705882,0.29411764705882354,0.17647058823529413,0.47058823529411764,0.625,0.23529411764705885,0.3602941176470589,0.3154411764705882,0.42401960784313725,0.13333333333333333,14.0,-0.03498227317227731,-0.07528439995249481,-0.11949605235496685,0.13615078177849615,0.19764466943814618,0.019607843137254916,0.019607843137254916,-0.004050492988213053,0.8964106400467878,LAGGING,LAGGING->LAGGING,6,ABOVE_200,LOW,HIGH,NARROW,NORMAL,DOMINANT,MATURE,HISTORICAL_ELIGIBILITY_UNRESOLVED,SIGNAL_ELIGIBLE_AT_ASOF,YES,TRADE_RESEARCH_CANDIDATE,UNCERTAIN,DISCLOSURE_NOT_FOUND,CONFIRMED,2026-08-23,"HISTORICAL UK RETAIL, ACCOUNT AND BROKER ELIGIBILITY REMAIN UNRESOLVED"
2026-08-21,2026-08-21,GLOBAL_SEMICONDUCTORS,Global semiconductor value chain,SMGB,IE00BMC38736,NOT_CHECKED,NOT_APPLICABLE,THEME,POOL_GLOBAL_THEMES,GLOBAL_TECHNOLOGY,GLOBAL_DEVELOPED_WORLD,GLOBAL_TECHNOLOGY,GLOBAL,TECHNOLOGY,SEMICONDUCTORS,SEMICONDUCTORS,Semiconductors,-0.08482112406418474,-0.13919495608200572,-0.07150938139531093,0.29187186831994905,0.7564615283169296,0.11764705882352941,0.11764705882352941,0.35294117647058826,0.9411764705882353,1.0,0.19607843137254902,0.5058823529411764,0.4529411764705882,0.7647058823529411,0.3333333333333333,10.0,-0.08482112406418474,-0.05941333814356353,0.07863055074424374,0.3913677127522728,0.3596251852756649,-0.2549019607843137,-0.3921568627450981,-0.002309586411237368,0.4559034938991322,WEAKENING,WEAKENING->WEAKENING,7,ABOVE_200,LOW,HIGH,NARROW,NORMAL,DOMINANT,MATURE,HISTORICAL_ELIGIBILITY_UNRESOLVED,SIGNAL_ELIGIBLE_AT_ASOF,YES,TRADE_RESEARCH_CANDIDATE,UNCERTAIN,DISCLOSURE_NOT_FOUND,CONFIRMED,2026-08-23,"HISTORICAL UK RETAIL, ACCOUNT AND BROKER ELIGIBILITY REMAIN UNRESOLVED"
2026-08-21,2026-08-21,GLOBAL_SOLAR,Solar-energy value chain,RAYS,IE00BM8QRZ79,NOT_CHECKED,NOT_APPLICABLE,THEME,POOL_GLOBAL_THEMES,GLOBAL_CLEAN_ENERGY,GLOBAL_DEVELOPED_WORLD,GLOBAL_CLEAN_ENERGY,GLOBAL,UTILITIES,RENEWABLE_ENERGY,SOLAR,Solar,-0.09014135527733858,-0.19425803174458778,-0.2949140002255036,-0.24200547841053277,0.009306309895102505,0.058823529411764705,0.058823529411764705,0.058823529411764705,0.17647058823529413,0.5,0.0588235294117647,0.17058823529411765,0.1264705882352941,0.24509803921568626,0.0,16.0,-0.09014135527733858,-0.1144317054864995,-0.12492332836882702,0.07503839507789456,0.3315482911125136,-0.01960784313725491,-0.11764705882352944,-0.006116781156071005,0.920858787887807,LAGGING,LAGGING->LAGGING,6,ABOVE_200,LOW,HIGH,NARROW,NORMAL,DOMINANT,DEVELOPING,HISTORICAL_ELIGIBILITY_UNRESOLVED,SIGNAL_ELIGIBLE_AT_ASOF,YES,TRADE_RESEARCH_CANDIDATE,UNCERTAIN,DISCLOSURE_NOT_FOUND,CONFIRMED,2026-08-23,"HISTORICAL UK RETAIL, ACCOUNT AND BROKER ELIGIBILITY REMAIN UNRESOLVED"
2026-08-21,2026-08-21,US_AEROSPACE_DEFENCE,United States aerospace and defence,SEAL,IE000KDY10O3,CONFIRMED_BY_USER,2026-08-23,THEME,POOL_US_THEMES,GLOBAL_INDUSTRIALS,GLOBAL_DEVELOPED_WORLD,GLOBAL_INDUSTRIALS,UNITED_STATES,INDUSTRIALS,AEROSPACE_AND_DEFENCE,DEFENCE,Aerospace,,,,,,,,,,,,,,,,,,,,,,,,,,,NOT_AVAILABLE,0,ABOVE_200,LOW,HIGH,NARROW,NORMAL,DOMINANT,NEW,HISTORICAL_ELIGIBILITY_UNRESOLVED,EXISTS_WARMUP_OR_DATA_INCOMPLETE_AT_ASOF,YES,TRADE_RESEARCH_CANDIDATE,RULES_ELIGIBLE,CURRENT_DISCLOSURE_CONFIRMED,CONFIRMED,2026-08-23,"HISTORICAL UK RETAIL, ACCOUNT AND BROKER ELIGIBILITY REMAIN UNRESOLVED"
