signal_date,execution_date,execution_lag_xlon_sessions,execution_status,complete_eligible_industry_theme_universe,family_count,rank_1_family,rank_2_family,rank_3_family,rank_4_family,rank_5_family,selected_family,previous_holding,switch_occurred,RS63,RS126,RS252,rank_RS63,rank_RS126,rank_RS252,composite_score,entry_implementation_ticker,entry_implementation_ISIN,parent_sector,geography,industry,theme,deepvue_label,research_maturity,transaction_cost_estimate_normalised,warning,global_trend_regime,global_realised_volatility_63,global_vol_q33_prior,global_vol_q67_prior,cross_sectional_dispersion_rs63,leadership_breadth_positive_rs63,rotation_intensity_rank_change_21,eligible_family_count,mature_family_count,theme_family_count,industry_family_count,recent_launch_count_252,us_technology_dominance,volatility_regime,dispersion_q33_prior,dispersion_q67_prior,rotation_q33_prior,rotation_q67_prior,dispersion_regime,rotation_intensity_regime,breadth_regime,selected_family_holding_period_return_gbp,candidate_net_holding_period_return,global_benchmark_holding_period_return,equal_weight_pool_holding_period_return,unselected_pool_holding_period_return,subsequent_endpoint_date,selected_minus_unselected
2021-08-31,2021-09-01,1.0,EXECUTED,GLOBAL_CYBERSECURITY;GLOBAL_TRANSPORTATION;GLOBAL_WATER;GLOBAL_SEMICONDUCTORS;GLOBAL_BATTERY_EV;EUROPE_BANKS;GLOBAL_ROBOTICS_AUTOMATION;US_BANKS;GLOBAL_SOFTWARE;GLOBAL_BIOTECHNOLOGY;GLOBAL_INFRASTRUCTURE;GLOBAL_OIL_GAS;GLOBAL_AGRIBUSINESS;GLOBAL_GOLD_MINERS,14,GLOBAL_CYBERSECURITY,GLOBAL_TRANSPORTATION,GLOBAL_WATER,GLOBAL_SEMICONDUCTORS,GLOBAL_BATTERY_EV,GLOBAL_CYBERSECURITY,NOT_APPLICABLE,YES,0.1040176430832962,0.05197677364533404,0.07853657464099006,1.0,1.0,0.5,0.8333333333333333,CYSE,IE00BLPK3577,GLOBAL_TECHNOLOGY,GLOBAL,CYBERSECURITY,CYBERSECURITY,Cybersecurity,NEW,0.0020159600000000002,"HISTORICAL UK RETAIL, ACCOUNT AND BROKER ELIGIBILITY REMAIN UNRESOLVED",ABOVE_200,0.07807441370035204,0.11242206195200714,0.1435737891473017,0.11662499420583398,0.4375,0.125,16,8,9,7,2,DOMINANT,LOW,0.057048320652014324,0.08816671329594508,0.1111111111111111,0.1666666666666667,HIGH,NORMAL,MEDIUM,-0.033066444837266507,-0.036966163537348606,-0.02966841186736502,-0.009498745539742615,-0.007680452808188076,2021-10-01,-0.02538599202907843
2021-09-30,2021-10-01,1.0,EXECUTED,GLOBAL_OIL_GAS;EUROPE_BANKS;GLOBAL_CYBERSECURITY;US_BANKS;GLOBAL_ROBOTICS_AUTOMATION;GLOBAL_WATER;GLOBAL_SOFTWARE;GLOBAL_BATTERY_EV;GLOBAL_TRANSPORTATION;GLOBAL_SEMICONDUCTORS;GLOBAL_AGRIBUSINESS;GLOBAL_BIOTECHNOLOGY;GLOBAL_INFRASTRUCTURE;GLOBAL_GOLD_MINERS,14,GLOBAL_OIL_GAS,EUROPE_BANKS,GLOBAL_CYBERSECURITY,US_BANKS,GLOBAL_ROBOTICS_AUTOMATION,GLOBAL_OIL_GAS,GLOBAL_CYBERSECURITY,YES,0.048679711310162466,0.12416191081597594,0.6841993130647033,0.875,1.0,1.0,0.9583333333333333,SPOG,IE00B6R51Z18,GLOBAL_ENERGY,GLOBAL,OIL_AND_GAS,OIL_AND_GAS,Oil & Gas,MATURE,0.0038918570231714707,"HISTORICAL UK RETAIL, ACCOUNT AND BROKER ELIGIBILITY REMAIN UNRESOLVED",ABOVE_200,0.08511209780778178,0.11163998035991898,0.14324326760198733,0.09757825645788003,0.4,0.13333333333333336,15,8,9,6,2,DOMINANT,LOW,0.05723113799353058,0.0886151071017084,0.1111111111111111,0.16666666666666669,HIGH,NORMAL,MEDIUM,0.09438725966207095,0.09438725966207095,0.05134074558534918,0.061596696381833294,0.05885818784873886,2021-11-01,0.03552907181333209
2021-10-29,2021-11-01,1.0,NO_SWITCH_REVIEW,GLOBAL_OIL_GAS;US_BANKS;GLOBAL_CYBERSECURITY;EUROPE_BANKS;GLOBAL_SOFTWARE;GLOBAL_SEMICONDUCTORS;GLOBAL_ROBOTICS_AUTOMATION;GLOBAL_WATER;GLOBAL_BATTERY_EV;GLOBAL_AGRIBUSINESS;GLOBAL_TRANSPORTATION;GLOBAL_INFRASTRUCTURE;GLOBAL_BIOTECHNOLOGY;GLOBAL_GOLD_MINERS;CHINA_INTERNET,15,GLOBAL_OIL_GAS,US_BANKS,GLOBAL_CYBERSECURITY,EUROPE_BANKS,GLOBAL_SOFTWARE,GLOBAL_OIL_GAS,GLOBAL_OIL_GAS,NO,0.25805607512775364,0.1948383075193736,0.7532841092036062,1.0,1.0,1.0,1.0,SPOG,IE00B6R51Z18,GLOBAL_ENERGY,GLOBAL,OIL_AND_GAS,OIL_AND_GAS,Oil & Gas,MATURE,0.0,"HISTORICAL UK RETAIL, ACCOUNT AND BROKER ELIGIBILITY REMAIN UNRESOLVED",ABOVE_200,0.09631371733481403,0.11086902296955459,0.14246992591653815,0.08261180999203586,0.4375,0.125,16,9,9,7,2,NOT_DOMINANT,LOW,0.05752435415687846,0.08864609237041071,0.1111111111111111,0.16818181818181815,NORMAL,NORMAL,MEDIUM,-0.03602484472049716,-0.039911093106563045,0.0183514774494562,-0.0010582250863288012,0.0009468116873077026,2021-12-01,-0.036971656407804865
2021-11-30,2021-12-01,1.0,EXECUTED,GLOBAL_SEMICONDUCTORS;GLOBAL_OIL_GAS;GLOBAL_CYBERSECURITY;GLOBAL_ROBOTICS_AUTOMATION;US_BANKS;GLOBAL_SOFTWARE;GLOBAL_WATER;GLOBAL_BATTERY_EV;GLOBAL_AGRIBUSINESS;GLOBAL_INFRASTRUCTURE;GLOBAL_CLEAN_ENERGY;GLOBAL_GOLD_MINERS;GLOBAL_TRANSPORTATION;EUROPE_BANKS;GLOBAL_BIOTECHNOLOGY;CHINA_INTERNET,16,GLOBAL_SEMICONDUCTORS,GLOBAL_OIL_GAS,GLOBAL_CYBERSECURITY,GLOBAL_ROBOTICS_AUTOMATION,US_BANKS,GLOBAL_SEMICONDUCTORS,GLOBAL_OIL_GAS,YES,0.13198657507867595,0.15803848902262674,0.21339246510311605,0.9375,1.0,0.9375,0.9583333333333333,SMGB,IE00BMC38736,GLOBAL_TECHNOLOGY,GLOBAL,SEMICONDUCTORS,SEMICONDUCTORS,Semiconductors,MATURE,0.004087584331028931,"HISTORICAL UK RETAIL, ACCOUNT AND BROKER ELIGIBILITY REMAIN UNRESOLVED",ABOVE_200,0.11936724454534677,0.11032779953056748,0.1420529819587359,0.07168177358380272,0.5625,0.125,16,9,9,7,3,DOMINANT,NORMAL,0.05758023981029281,0.08845628522786923,0.1111111111111111,0.16994949494949485,NORMAL,NORMAL,MEDIUM,-0.02904684860240847,-0.02904684860240847,0.012981062919975805,-0.010379744667979196,-0.008381207487652254,2022-01-04,-0.020665641114756217
2021-12-31,2022-01-04,1.0,NO_SWITCH_REVIEW,GLOBAL_SEMICONDUCTORS;GLOBAL_CYBERSECURITY;GLOBAL_OIL_GAS;GLOBAL_ROBOTICS_AUTOMATION;GLOBAL_WATER;GLOBAL_AGRIBUSINESS;GLOBAL_INFRASTRUCTURE;EUROPE_BANKS;US_BANKS;GLOBAL_GOLD_MINERS;GLOBAL_BATTERY_EV;GLOBAL_SOFTWARE;GLOBAL_TRANSPORTATION;GLOBAL_BIOTECHNOLOGY;GLOBAL_CLEAN_ENERGY,15,GLOBAL_SEMICONDUCTORS,GLOBAL_CYBERSECURITY,GLOBAL_OIL_GAS,GLOBAL_ROBOTICS_AUTOMATION,GLOBAL_WATER,GLOBAL_SEMICONDUCTORS,GLOBAL_SEMICONDUCTORS,NO,0.12426751574897144,0.11869874574241912,0.14844625817751345,1.0,1.0,0.9333333333333333,0.9777777777777777,SMGB,IE00BMC38736,GLOBAL_TECHNOLOGY,GLOBAL,SEMICONDUCTORS,SEMICONDUCTORS,Semiconductors,MATURE,0.0,"HISTORICAL UK RETAIL, ACCOUNT AND BROKER ELIGIBILITY REMAIN UNRESOLVED",ABOVE_200,0.14023938203289932,0.1105511487838257,0.14199712370616324,0.06321303937810847,0.4,0.12083333333333335,15,9,8,7,3,DOMINANT,NORMAL,0.05770910242730092,0.08835184235461008,0.1111111111111111,0.17083333333333334,NORMAL,NORMAL,MEDIUM,-0.10348779937673491,-0.10710640312559805,-0.050505050505050275,-0.051014744739376616,-0.0473613374517744,2022-02-01,-0.05612646192496051
2022-01-31,2022-02-01,1.0,EXECUTED,GLOBAL_OIL_GAS;EUROPE_BANKS;GLOBAL_AGRIBUSINESS;GLOBAL_SEMICONDUCTORS;US_BANKS;GLOBAL_INFRASTRUCTURE;GLOBAL_BATTERY_EV;GLOBAL_WATER;GLOBAL_CYBERSECURITY;GLOBAL_TRANSPORTATION;GLOBAL_GOLD_MINERS;GLOBAL_ROBOTICS_AUTOMATION;GLOBAL_SOFTWARE;GLOBAL_BIOTECHNOLOGY;CHINA_INTERNET;GLOBAL_CLEAN_ENERGY,16,GLOBAL_OIL_GAS,EUROPE_BANKS,GLOBAL_AGRIBUSINESS,GLOBAL_SEMICONDUCTORS,US_BANKS,GLOBAL_OIL_GAS,GLOBAL_SEMICONDUCTORS,YES,0.147742033468359,0.44392383788435064,0.6270111108153316,1.0,1.0,1.0,1.0,SPOG,IE00B6R51Z18,GLOBAL_ENERGY,GLOBAL,OIL_AND_GAS,OIL_AND_GAS,Oil & Gas,MATURE,0.0035480270908812084,"HISTORICAL UK RETAIL, ACCOUNT AND BROKER ELIGIBILITY REMAIN UNRESOLVED",BELOW_OR_EQUAL_200,0.16680022414630502,0.11091468342575887,0.14194639161779943,0.11095768618684007,0.3125,0.25,16,9,9,7,3,NOT_DOMINANT,HIGH,0.057880950936203296,0.08845628522786923,0.1111111111111111,0.16767676767676762,HIGH,HIGH,NARROW,0.05144745122718675,0.051447451227186525,-0.03350269926960947,-0.014711009382403661,-0.01935312013511259,2022-03-01,0.07080057136229934
2022-02-28,2022-03-01,1.0,NO_SWITCH_REVIEW,GLOBAL_OIL_GAS;GLOBAL_AGRIBUSINESS;GLOBAL_GOLD_MINERS;US_BANKS;GLOBAL_CYBERSECURITY;GLOBAL_INFRASTRUCTURE;GLOBAL_SEMICONDUCTORS;EUROPE_BANKS;GLOBAL_BATTERY_EV;GLOBAL_WATER;GLOBAL_TRANSPORTATION;GLOBAL_ROBOTICS_AUTOMATION;GLOBAL_SOFTWARE;GLOBAL_BIOTECHNOLOGY;CHINA_INTERNET;GLOBAL_CLEAN_ENERGY,16,GLOBAL_OIL_GAS,GLOBAL_AGRIBUSINESS,GLOBAL_GOLD_MINERS,US_BANKS,GLOBAL_CYBERSECURITY,GLOBAL_OIL_GAS,GLOBAL_OIL_GAS,NO,0.3015372022656313,0.5733531726730607,0.4427440735595556,1.0,1.0,1.0,1.0,SPOG,IE00B6R51Z18,GLOBAL_ENERGY,GLOBAL,OIL_AND_GAS,OIL_AND_GAS,Oil & Gas,MATURE,0.0,"HISTORICAL UK RETAIL, ACCOUNT AND BROKER ELIGIBILITY REMAIN UNRESOLVED",BELOW_OR_EQUAL_200,0.19459548753789863,0.11132468591749879,0.14261224876077055,0.12259332897391434,0.3333333333333333,0.04861111111111116,18,9,10,8,3,NOT_DOMINANT,HIGH,0.05809234774490987,0.08877645377054663,0.1111111111111111,0.1690656565656565,HIGH,LOW,MEDIUM,0.11297321562172691,0.11297321562172713,0.061770987350090234,0.06517327058959554,0.061183875198452364,2022-04-01,0.051789340423274544
2022-03-31,2022-04-01,1.0,NO_SWITCH_REVIEW,GLOBAL_OIL_GAS;GLOBAL_AGRIBUSINESS;GLOBAL_GOLD_MINERS;GLOBAL_CYBERSECURITY;GLOBAL_INFRASTRUCTURE;GLOBAL_BATTERY_EV;GLOBAL_SEMICONDUCTORS;GLOBAL_WATER;US_BANKS;GLOBAL_TRANSPORTATION;EUROPE_BANKS;GLOBAL_CLEAN_ENERGY;GLOBAL_ROBOTICS_AUTOMATION;GLOBAL_SOFTWARE;GLOBAL_BIOTECHNOLOGY;CHINA_INTERNET,16,GLOBAL_OIL_GAS,GLOBAL_AGRIBUSINESS,GLOBAL_GOLD_MINERS,GLOBAL_CYBERSECURITY,GLOBAL_INFRASTRUCTURE,GLOBAL_OIL_GAS,GLOBAL_OIL_GAS,NO,0.41039842471771815,0.3550920102076238,0.554316381236704,1.0,1.0,1.0,1.0,SPOG,IE00B6R51Z18,GLOBAL_ENERGY,GLOBAL,OIL_AND_GAS,OIL_AND_GAS,Oil & Gas,MATURE,0.0,"HISTORICAL UK RETAIL, ACCOUNT AND BROKER ELIGIBILITY REMAIN UNRESOLVED",ABOVE_200,0.19034259526703942,0.11146358818101582,0.1436501831786346,0.1674267505474887,0.3888888888888889,0.055555555555555566,18,9,10,8,3,NOT_DOMINANT,HIGH,0.05823322814092668,0.08967715382521879,0.1111111111111111,0.1666666666666667,HIGH,LOW,MEDIUM,0.043022317827372314,0.043022317827372314,-0.029862293052761557,-0.04509706165695648,-0.05090125367967435,2022-05-03,0.09392357150704667
2022-04-29,2022-05-03,1.0,NO_SWITCH_REVIEW,GLOBAL_OIL_GAS;GLOBAL_AGRIBUSINESS;GLOBAL_GOLD_MINERS;GLOBAL_CYBERSECURITY;GLOBAL_INFRASTRUCTURE;GLOBAL_SEMICONDUCTORS;GLOBAL_WATER;GLOBAL_BATTERY_EV;GLOBAL_TRANSPORTATION;GLOBAL_CLEAN_ENERGY;GLOBAL_ROBOTICS_AUTOMATION;US_BANKS;EUROPE_BANKS;GLOBAL_SOFTWARE;CHINA_INTERNET,15,GLOBAL_OIL_GAS,GLOBAL_AGRIBUSINESS,GLOBAL_GOLD_MINERS,GLOBAL_CYBERSECURITY,GLOBAL_INFRASTRUCTURE,GLOBAL_OIL_GAS,GLOBAL_OIL_GAS,NO,0.1930718546870276,0.4090180749087724,0.71627159410907,0.8823529411764706,1.0,1.0,0.9607843137254901,SPOG,IE00B6R51Z18,GLOBAL_ENERGY,GLOBAL,OIL_AND_GAS,OIL_AND_GAS,Oil & Gas,MATURE,0.0,"HISTORICAL UK RETAIL, ACCOUNT AND BROKER ELIGIBILITY REMAIN UNRESOLVED",BELOW_OR_EQUAL_200,0.17506181902683982,0.11198665341809566,0.14480247111966565,0.12504408381304585,0.4117647058823529,0.12745098039215685,17,8,10,7,3,NOT_DOMINANT,HIGH,0.05860332491426542,0.09036083891976461,0.1111111111111111,0.16666666666666669,HIGH,NORMAL,MEDIUM,0.13392626965712773,0.13392626965712773,-0.014673046251993838,-0.008842124863598255,-0.01857542915101773,2022-06-01,0.15250169880814546
2022-05-31,2022-06-01,1.0,NO_SWITCH_REVIEW,GLOBAL_OIL_GAS;GLOBAL_AGRIBUSINESS;GLOBAL_INFRASTRUCTURE;EUROPE_BANKS;GLOBAL_BATTERY_EV;GLOBAL_SEMICONDUCTORS;GLOBAL_WATER;GLOBAL_TRANSPORTATION;GLOBAL_GOLD_MINERS;GLOBAL_CYBERSECURITY;US_BANKS;GLOBAL_CLEAN_ENERGY;GLOBAL_ROBOTICS_AUTOMATION;CHINA_INTERNET;GLOBAL_BIOTECHNOLOGY;GLOBAL_SOFTWARE,16,GLOBAL_OIL_GAS,GLOBAL_AGRIBUSINESS,GLOBAL_INFRASTRUCTURE,EUROPE_BANKS,GLOBAL_BATTERY_EV,GLOBAL_OIL_GAS,GLOBAL_OIL_GAS,NO,0.35266269640156933,0.7605408214835836,0.793539770654289,1.0,1.0,1.0,1.0,SPOG,IE00B6R51Z18,GLOBAL_ENERGY,GLOBAL,OIL_AND_GAS,OIL_AND_GAS,Oil & Gas,MATURE,0.0,"HISTORICAL UK RETAIL, ACCOUNT AND BROKER ELIGIBILITY REMAIN UNRESOLVED",BELOW_OR_EQUAL_200,0.19028902625603,0.11240679713184114,0.14565869574915755,0.11948937118447298,0.3157894736842105,0.10526315789473684,19,9,11,8,5,NOT_DOMINANT,HIGH,0.05945438410103875,0.09140363082072069,0.1111111111111111,0.16666666666666669,HIGH,LOW,NARROW,-0.18324428782539515,-0.18324428782539526,-0.04532211071544212,-0.054223464061141424,-0.04526107649016953,2022-07-01,-0.13798321133522562
2022-06-30,2022-07-01,1.0,NO_SWITCH_REVIEW,GLOBAL_OIL_GAS;GLOBAL_INFRASTRUCTURE;GLOBAL_AGRIBUSINESS;EUROPE_BANKS;GLOBAL_BATTERY_EV;CHINA_INTERNET;GLOBAL_WATER;GLOBAL_CYBERSECURITY;GLOBAL_TRANSPORTATION;GLOBAL_GOLD_MINERS;GLOBAL_BIOTECHNOLOGY;US_BANKS;GLOBAL_SEMICONDUCTORS;GLOBAL_CLEAN_ENERGY;GLOBAL_ROBOTICS_AUTOMATION;GLOBAL_SOFTWARE,16,GLOBAL_OIL_GAS,GLOBAL_INFRASTRUCTURE,GLOBAL_AGRIBUSINESS,EUROPE_BANKS,GLOBAL_BATTERY_EV,GLOBAL_OIL_GAS,GLOBAL_OIL_GAS,NO,0.09334246780970057,0.570416374748884,0.6116190378496604,0.9473684210526315,1.0,1.0,0.9824561403508771,SPOG,IE00B6R51Z18,GLOBAL_ENERGY,GLOBAL,OIL_AND_GAS,OIL_AND_GAS,Oil & Gas,MATURE,0.0,"HISTORICAL UK RETAIL, ACCOUNT AND BROKER ELIGIBILITY REMAIN UNRESOLVED",BELOW_OR_EQUAL_200,0.1961187119409569,0.1124861078137191,0.14694606951926248,0.08780343079363238,0.3157894736842105,0.1578947368421052,19,9,11,8,5,NOT_DOMINANT,HIGH,0.05955047378030931,0.09216754628095736,0.1111111111111111,0.16666666666666666,NORMAL,NORMAL,NARROW,0.05956854558107172,0.0595685455810715,0.06324177687351629,0.04159866438635773,0.0401468992106957,2022-08-01,0.019421646370376022
2022-07-29,2022-08-01,1.0,NO_SWITCH_REVIEW,GLOBAL_OIL_GAS;GLOBAL_INFRASTRUCTURE;GLOBAL_BATTERY_EV;GLOBAL_CLEAN_ENERGY;GLOBAL_AGRIBUSINESS;GLOBAL_SEMICONDUCTORS;GLOBAL_TRANSPORTATION;GLOBAL_CYBERSECURITY;GLOBAL_WATER;GLOBAL_BIOTECHNOLOGY;CHINA_INTERNET;GLOBAL_ROBOTICS_AUTOMATION;US_BANKS;EUROPE_BANKS;GLOBAL_GOLD_MINERS;GLOBAL_SOFTWARE,16,GLOBAL_OIL_GAS,GLOBAL_INFRASTRUCTURE,GLOBAL_BATTERY_EV,GLOBAL_CLEAN_ENERGY,GLOBAL_AGRIBUSINESS,GLOBAL_OIL_GAS,GLOBAL_OIL_GAS,NO,0.06825291169635328,0.2575215600511189,0.7807538558402478,0.7894736842105263,1.0,1.0,0.9298245614035088,SPOG,IE00B6R51Z18,GLOBAL_ENERGY,GLOBAL,OIL_AND_GAS,OIL_AND_GAS,Oil & Gas,MATURE,0.0,"HISTORICAL UK RETAIL, ACCOUNT AND BROKER ELIGIBILITY REMAIN UNRESOLVED",ABOVE_200,0.2000827608105713,0.11270471623010905,0.14845359372474623,0.10594648689582196,0.5263157894736842,0.15789473684210525,19,9,11,8,5,NOT_DOMINANT,HIGH,0.05961881400045162,0.09279769528980877,0.1111111111111111,0.16666666666666669,HIGH,NORMAL,MEDIUM,0.12741363457244126,0.12287353998604633,0.0022324988040187677,0.032265360442313096,0.024904515206251476,2022-09-01,0.10250911936618978
2022-08-31,2022-09-01,1.0,EXECUTED,GLOBAL_INFRASTRUCTURE;GLOBAL_OIL_GAS;GLOBAL_AGRIBUSINESS;GLOBAL_CLEAN_ENERGY;GLOBAL_BATTERY_EV;GLOBAL_CYBERSECURITY;CHINA_INTERNET;GLOBAL_TRANSPORTATION;GLOBAL_WATER;US_BANKS;GLOBAL_SOFTWARE;GLOBAL_ROBOTICS_AUTOMATION;GLOBAL_SEMICONDUCTORS;EUROPE_BANKS;GLOBAL_GOLD_MINERS,15,GLOBAL_INFRASTRUCTURE,GLOBAL_OIL_GAS,GLOBAL_AGRIBUSINESS,GLOBAL_CLEAN_ENERGY,GLOBAL_BATTERY_EV,GLOBAL_INFRASTRUCTURE,GLOBAL_OIL_GAS,YES,0.03204046043344855,0.13895960530895568,0.17967453898155372,0.7,0.8888888888888888,0.8666666666666667,0.8185185185185184,INFR,IE00B1FZS467,GLOBAL_INDUSTRIALS,GLOBAL,INFRASTRUCTURE,INFRASTRUCTURE,NOT_APPLICABLE,MATURE,0.004760827535391633,"HISTORICAL UK RETAIL, ACCOUNT AND BROKER ELIGIBILITY REMAIN UNRESOLVED",ABOVE_200,0.1735996340019579,0.1129555293059891,0.14977589726502413,0.10931063033457167,0.5238095238095238,0.18295739348370926,21,9,12,9,5,NOT_DOMINANT,HIGH,0.05972723438091424,0.09316728585658327,0.1111111111111111,0.16666666666666669,HIGH,HIGH,MEDIUM,-0.07661078372924779,-0.0803314496560561,-0.04184566428003178,-0.03678613213451476,-0.03422421502957951,2022-10-03,-0.04238656869966828
2022-09-30,2022-10-03,1.0,EXECUTED,GLOBAL_OIL_GAS;GLOBAL_BATTERY_EV;GLOBAL_AGRIBUSINESS;GLOBAL_INFRASTRUCTURE;GLOBAL_CYBERSECURITY;GLOBAL_CLEAN_ENERGY;US_BANKS;EUROPE_BANKS;GLOBAL_SEMICONDUCTORS;GLOBAL_WATER;GLOBAL_ROBOTICS_AUTOMATION;CHINA_INTERNET;GLOBAL_GOLD_MINERS;GLOBAL_TRANSPORTATION;GLOBAL_SOFTWARE,15,GLOBAL_OIL_GAS,GLOBAL_BATTERY_EV,GLOBAL_AGRIBUSINESS,GLOBAL_INFRASTRUCTURE,GLOBAL_CYBERSECURITY,GLOBAL_OIL_GAS,GLOBAL_INFRASTRUCTURE,YES,0.094502435629783,0.20633167678998499,0.620904836193445,0.95,1.0,1.0,0.9833333333333332,SPOG,IE00B6R51Z18,GLOBAL_ENERGY,GLOBAL,OIL_AND_GAS,OIL_AND_GAS,Oil & Gas,MATURE,0.004380957835695313,"HISTORICAL UK RETAIL, ACCOUNT AND BROKER ELIGIBILITY REMAIN UNRESOLVED",BELOW_OR_EQUAL_200,0.1640157240939533,0.11308618392292101,0.15041826169244338,0.07516647539061197,0.45,0.22499999999999998,20,8,12,8,6,NOT_DOMINANT,HIGH,0.06009887149740734,0.09359909494328705,0.1111111111111111,0.16666666666666669,NORMAL,HIGH,MEDIUM,0.13851271085768646,0.13851271085768646,0.035868482231816934,0.02654183379633701,0.018619917623213356,2022-11-01,0.1198927932344731
2022-10-31,2022-11-01,1.0,NO_SWITCH_REVIEW,GLOBAL_OIL_GAS;EUROPE_BANKS;GLOBAL_AGRIBUSINESS;US_BANKS;GLOBAL_BATTERY_EV;GLOBAL_BIOTECHNOLOGY;GLOBAL_CYBERSECURITY;GLOBAL_INFRASTRUCTURE;GLOBAL_WATER;GLOBAL_ROBOTICS_AUTOMATION;GLOBAL_CLEAN_ENERGY;GLOBAL_GOLD_MINERS;GLOBAL_TRANSPORTATION;GLOBAL_SOFTWARE;GLOBAL_SEMICONDUCTORS;CHINA_INTERNET,16,GLOBAL_OIL_GAS,EUROPE_BANKS,GLOBAL_AGRIBUSINESS,US_BANKS,GLOBAL_BATTERY_EV,GLOBAL_OIL_GAS,GLOBAL_OIL_GAS,NO,0.24193648599321094,0.24622476803462856,0.7559532235597837,1.0,1.0,1.0,1.0,SPOG,IE00B6R51Z18,GLOBAL_ENERGY,GLOBAL,OIL_AND_GAS,OIL_AND_GAS,Oil & Gas,MATURE,0.0,"HISTORICAL UK RETAIL, ACCOUNT AND BROKER ELIGIBILITY REMAIN UNRESOLVED",BELOW_OR_EQUAL_200,0.16948125469127157,0.1133437012389501,0.15126184673658544,0.10254413496284015,0.42857142857142855,0.19047619047619047,21,9,12,9,5,NOT_DOMINANT,HIGH,0.06041481944191829,0.0939553403475983,0.11111111111111116,0.1666666666666667,HIGH,HIGH,MEDIUM,-0.06782136894824697,-0.07157597426038764,0.007053542802179846,0.03501048148764818,0.04200879985115047,2022-12-01,-0.10983016879939744
2022-11-30,2022-12-01,1.0,EXECUTED,EUROPE_BANKS;GLOBAL_BIOTECHNOLOGY;GLOBAL_OIL_GAS;GLOBAL_BATTERY_EV;US_BANKS;GLOBAL_AGRIBUSINESS;GLOBAL_WATER;GLOBAL_GOLD_MINERS;GLOBAL_TRANSPORTATION;GLOBAL_INFRASTRUCTURE;CHINA_INTERNET;GLOBAL_GENOMICS;GLOBAL_ROBOTICS_AUTOMATION;GLOBAL_SEMICONDUCTORS;GLOBAL_CYBERSECURITY;GLOBAL_CLEAN_ENERGY;GLOBAL_RETAIL;GLOBAL_SOFTWARE,18,EUROPE_BANKS,GLOBAL_BIOTECHNOLOGY,GLOBAL_OIL_GAS,GLOBAL_BATTERY_EV,US_BANKS,EUROPE_BANKS,GLOBAL_OIL_GAS,YES,0.2427462171635275,0.05219619320488733,0.1276506193488387,1.0,0.8095238095238095,0.8888888888888888,0.8994708994708994,S7XP,IE00B3Q19T94,EUROPE_FINANCIALS,EUROPE,BANKS,NOT_APPLICABLE,Banks,MATURE,0.004628943772260102,"HISTORICAL UK RETAIL, ACCOUNT AND BROKER ELIGIBILITY REMAIN UNRESOLVED",ABOVE_200,0.16539826326993723,0.11342617413381127,0.15296308003339823,0.11333541315639185,0.38095238095238093,0.19523809523809524,21,9,12,9,3,NOT_DOMINANT,HIGH,0.06051605266843613,0.09405558844518445,0.11111111111111116,0.16717171717171717,HIGH,HIGH,MEDIUM,0.10234172353233029,0.10234172353233029,-0.029608404966571245,-0.025266832254031257,-0.04768508344970046,2023-01-03,0.15002680698203075
2022-12-30,2023-01-03,1.0,NO_SWITCH_REVIEW,EUROPE_BANKS;GLOBAL_OIL_GAS;GLOBAL_GOLD_MINERS;GLOBAL_BIOTECHNOLOGY;GLOBAL_WATER;GLOBAL_BATTERY_EV;GLOBAL_AGRIBUSINESS;GLOBAL_TRANSPORTATION;CHINA_INTERNET;US_BANKS;GLOBAL_INFRASTRUCTURE;GLOBAL_ROBOTICS_AUTOMATION;GLOBAL_SEMICONDUCTORS;GLOBAL_GENOMICS;GLOBAL_CYBERSECURITY;GLOBAL_CLEAN_ENERGY;GLOBAL_RETAIL;GLOBAL_SOFTWARE,18,EUROPE_BANKS,GLOBAL_OIL_GAS,GLOBAL_GOLD_MINERS,GLOBAL_BIOTECHNOLOGY,GLOBAL_WATER,EUROPE_BANKS,EUROPE_BANKS,NO,0.25617640901316086,0.21731947298445564,0.16368835296550754,1.0,1.0,0.8888888888888888,0.9629629629629629,S7XP,IE00B3Q19T94,EUROPE_FINANCIALS,EUROPE,BANKS,NOT_APPLICABLE,Banks,MATURE,0.0,"HISTORICAL UK RETAIL, ACCOUNT AND BROKER ELIGIBILITY REMAIN UNRESOLVED",BELOW_OR_EQUAL_200,0.13710556497525903,0.11361001295645547,0.15402622837361088,0.1024127201933206,0.5,0.08181818181818179,22,9,13,9,3,NOT_DOMINANT,NORMAL,0.0606878623541168,0.09466025049759284,0.11111111111111116,0.17202380952380947,HIGH,LOW,MEDIUM,0.13579712653626452,0.13579712653626452,0.04412729658792669,0.06837052071531202,0.0642428369396768,2023-02-01,0.07155428959658772
2023-01-31,2023-02-01,1.0,NO_SWITCH_REVIEW,EUROPE_BANKS;GLOBAL_GOLD_MINERS;CHINA_INTERNET;GLOBAL_BATTERY_EV;GLOBAL_TRANSPORTATION;GLOBAL_OIL_GAS;GLOBAL_RETAIL;GLOBAL_WATER;GLOBAL_AGRIBUSINESS;GLOBAL_ROBOTICS_AUTOMATION;GLOBAL_SEMICONDUCTORS;GLOBAL_CLEAN_ENERGY;US_BANKS;GLOBAL_INFRASTRUCTURE;GLOBAL_GENOMICS;GLOBAL_CYBERSECURITY;GLOBAL_SOFTWARE,17,EUROPE_BANKS,GLOBAL_GOLD_MINERS,CHINA_INTERNET,GLOBAL_BATTERY_EV,GLOBAL_TRANSPORTATION,EUROPE_BANKS,EUROPE_BANKS,NO,0.2914200853963642,0.4853394282991397,0.12676242374009927,0.9523809523809523,1.0,0.8823529411764706,0.9449112978524742,S7XP,IE00B3Q19T94,EUROPE_FINANCIALS,EUROPE,BANKS,NOT_APPLICABLE,Banks,MATURE,0.0,"HISTORICAL UK RETAIL, ACCOUNT AND BROKER ELIGIBILITY REMAIN UNRESOLVED",ABOVE_200,0.12689714032258204,0.11385088716541072,0.1536645855613483,0.15728023085205783,0.5,0.18181818181818188,22,10,13,9,3,NOT_DOMINANT,NORMAL,0.060768239967946135,0.09495927639888191,0.11111111111111116,0.1714285714285714,HIGH,HIGH,MEDIUM,0.03086184561456995,0.030861845614569727,-0.002670856245090225,-0.0238107059340672,-0.027397868287118543,2023-03-01,0.05825971390168849
2023-02-28,2023-03-01,1.0,NO_SWITCH_REVIEW,EUROPE_BANKS;GLOBAL_WATER;GLOBAL_BATTERY_EV;GLOBAL_ROBOTICS_AUTOMATION;GLOBAL_SEMICONDUCTORS;GLOBAL_TRANSPORTATION;CHINA_INTERNET;GLOBAL_RETAIL;GLOBAL_AGRIBUSINESS;GLOBAL_GOLD_MINERS;US_BANKS;GLOBAL_OIL_GAS;GLOBAL_CYBERSECURITY;GLOBAL_CLEAN_ENERGY;GLOBAL_SOLAR;GLOBAL_INFRASTRUCTURE;GLOBAL_BIOTECHNOLOGY;GLOBAL_SOFTWARE;GLOBAL_GENOMICS,19,EUROPE_BANKS,GLOBAL_WATER,GLOBAL_BATTERY_EV,GLOBAL_ROBOTICS_AUTOMATION,GLOBAL_SEMICONDUCTORS,EUROPE_BANKS,EUROPE_BANKS,NO,0.2609286339587371,0.55905654612321,0.2577370180517544,1.0,1.0,1.0,1.0,S7XP,IE00B3Q19T94,EUROPE_FINANCIALS,EUROPE,BANKS,NOT_APPLICABLE,Banks,MATURE,0.0,"HISTORICAL UK RETAIL, ACCOUNT AND BROKER ELIGIBILITY REMAIN UNRESOLVED",ABOVE_200,0.14432245890881515,0.11411658303751829,0.1528042015552057,0.08769059660114735,0.45454545454545453,0.15909090909090914,22,11,13,9,3,NOT_DOMINANT,NORMAL,0.06093712231342606,0.09543318325866289,0.11111111111111116,0.17083333333333334,NORMAL,NORMAL,MEDIUM,-0.12337374334713191,-0.12690185472438387,0.0045683679899175544,-0.023635583831896234,-0.0180724402900746,2023-04-03,-0.10530130305705732
2023-03-31,2023-04-03,1.0,EXECUTED,GLOBAL_SEMICONDUCTORS;GLOBAL_BATTERY_EV;EUROPE_BANKS;GLOBAL_ROBOTICS_AUTOMATION;GLOBAL_WATER;GLOBAL_TRANSPORTATION;GLOBAL_GOLD_MINERS;CHINA_INTERNET;GLOBAL_CYBERSECURITY;GLOBAL_RETAIL;GLOBAL_SOFTWARE;GLOBAL_SOLAR;GLOBAL_AGRIBUSINESS;GLOBAL_CLEAN_ENERGY;GLOBAL_BIOTECHNOLOGY;GLOBAL_OIL_GAS;GLOBAL_INFRASTRUCTURE;GLOBAL_GENOMICS;US_BANKS,19,GLOBAL_SEMICONDUCTORS,GLOBAL_BATTERY_EV,EUROPE_BANKS,GLOBAL_ROBOTICS_AUTOMATION,GLOBAL_WATER,GLOBAL_SEMICONDUCTORS,EUROPE_BANKS,YES,0.20652272359495294,0.20920172199023668,0.0144146044797413,1.0,0.9545454545454546,0.6842105263157895,0.8795853269537479,SMGB,IE00BMC38736,GLOBAL_TECHNOLOGY,GLOBAL,SEMICONDUCTORS,SEMICONDUCTORS,Semiconductors,MATURE,0.005212232136554208,"HISTORICAL UK RETAIL, ACCOUNT AND BROKER ELIGIBILITY REMAIN UNRESOLVED",ABOVE_200,0.16002244698012236,0.11439433233790897,0.15348657939272167,0.09551372673114965,0.5454545454545454,0.20346320346320346,22,11,13,9,3,DOMINANT,HIGH,0.06123892206889534,0.0953818463063967,0.11111111111111116,0.1714285714285714,HIGH,HIGH,MEDIUM,-0.0645468202303453,-0.06454682023034519,-0.0061157283989341504,-0.04452610239934496,-0.04337231668255659,2023-05-02,-0.021174503547788714
2023-04-28,2023-05-02,1.0,NO_SWITCH_REVIEW,GLOBAL_SEMICONDUCTORS;GLOBAL_WATER;GLOBAL_GOLD_MINERS;EUROPE_BANKS;GLOBAL_ROBOTICS_AUTOMATION;GLOBAL_TRANSPORTATION;GLOBAL_BATTERY_EV;CHINA_INTERNET;GLOBAL_INFRASTRUCTURE;GLOBAL_SOFTWARE;GLOBAL_RETAIL;GLOBAL_SOLAR;GLOBAL_OIL_GAS;GLOBAL_CYBERSECURITY;GLOBAL_CLEAN_ENERGY;GLOBAL_GENOMICS;GLOBAL_AGRIBUSINESS;US_BANKS,18,GLOBAL_SEMICONDUCTORS,GLOBAL_WATER,GLOBAL_GOLD_MINERS,EUROPE_BANKS,GLOBAL_ROBOTICS_AUTOMATION,GLOBAL_SEMICONDUCTORS,GLOBAL_SEMICONDUCTORS,NO,0.005192982945477764,0.16472796313318105,0.03832273791261276,0.9047619047619048,0.8571428571428571,0.8333333333333334,0.865079365079365,SMGB,IE00BMC38736,GLOBAL_TECHNOLOGY,GLOBAL,SEMICONDUCTORS,SEMICONDUCTORS,Semiconductors,MATURE,0.0,"HISTORICAL UK RETAIL, ACCOUNT AND BROKER ELIGIBILITY REMAIN UNRESOLVED",ABOVE_200,0.14590559134689082,0.11452156525258166,0.1539268073895533,0.07354062427088212,0.14285714285714285,0.11038961038961037,21,10,13,8,3,NOT_DOMINANT,NORMAL,0.06174356875598542,0.09524098967055843,0.11217948717948717,0.17083333333333334,NORMAL,LOW,NARROW,0.18007601306139942,0.18007601306139942,0.010807825812559013,0.006714605588179712,0.00012120818036875924,2023-06-01,0.17995480488103066
2023-05-31,2023-06-01,1.0,NO_SWITCH_REVIEW,GLOBAL_SEMICONDUCTORS;GLOBAL_ROBOTICS_AUTOMATION;GLOBAL_SOFTWARE;GLOBAL_GOLD_MINERS;GLOBAL_WATER;GLOBAL_CYBERSECURITY;GLOBAL_BATTERY_EV;EUROPE_BANKS;GLOBAL_TRANSPORTATION;GLOBAL_GENOMICS;GLOBAL_SILVER_MINERS;GLOBAL_RETAIL;GLOBAL_BIOTECHNOLOGY;GLOBAL_INFRASTRUCTURE;CHINA_INTERNET;GLOBAL_CLEAN_ENERGY;GLOBAL_URANIUM_NUCLEAR;GLOBAL_SOLAR;GLOBAL_OIL_GAS;GLOBAL_AGRIBUSINESS;US_BANKS,21,GLOBAL_SEMICONDUCTORS,GLOBAL_ROBOTICS_AUTOMATION,GLOBAL_SOFTWARE,GLOBAL_GOLD_MINERS,GLOBAL_WATER,GLOBAL_SEMICONDUCTORS,GLOBAL_SEMICONDUCTORS,NO,0.1736716028555676,0.24184749340855638,0.18567248855888785,1.0,1.0,1.0,1.0,SMGB,IE00BMC38736,GLOBAL_TECHNOLOGY,GLOBAL,SEMICONDUCTORS,SEMICONDUCTORS,Semiconductors,MATURE,0.0,"HISTORICAL UK RETAIL, ACCOUNT AND BROKER ELIGIBILITY REMAIN UNRESOLVED",ABOVE_200,0.13281568348159184,0.11467432699276454,0.15348657939272167,0.09204580993610822,0.2727272727272727,0.09090909090909094,22,11,13,9,1,DOMINANT,NORMAL,0.06188625104468884,0.09490734220522026,0.11266511266511263,0.16994949494949485,NORMAL,LOW,NARROW,0.0277840780222276,0.027784078022227376,0.03941309607429977,0.02543717378976562,0.02528794427425196,2023-07-03,0.0024961337479756374
2023-06-30,2023-07-03,1.0,NO_SWITCH_REVIEW,GLOBAL_SEMICONDUCTORS;GLOBAL_SOFTWARE;GLOBAL_BATTERY_EV;EUROPE_BANKS;GLOBAL_ROBOTICS_AUTOMATION;GLOBAL_WATER;GLOBAL_CYBERSECURITY;GLOBAL_TRANSPORTATION;GLOBAL_URANIUM_NUCLEAR;GLOBAL_RETAIL;GLOBAL_GOLD_MINERS;GLOBAL_OIL_GAS;GLOBAL_GENOMICS;GLOBAL_CLEAN_ENERGY;GLOBAL_INFRASTRUCTURE;US_BANKS;GLOBAL_AGRIBUSINESS;GLOBAL_SOLAR;GLOBAL_SILVER_MINERS;GLOBAL_BIOTECHNOLOGY;CHINA_INTERNET,21,GLOBAL_SEMICONDUCTORS,GLOBAL_SOFTWARE,GLOBAL_BATTERY_EV,EUROPE_BANKS,GLOBAL_ROBOTICS_AUTOMATION,GLOBAL_SEMICONDUCTORS,GLOBAL_SEMICONDUCTORS,NO,0.1027474108043116,0.314281184987643,0.25004250265838257,1.0,1.0,1.0,1.0,SMGB,IE00BMC38736,GLOBAL_TECHNOLOGY,GLOBAL,SEMICONDUCTORS,SEMICONDUCTORS,Semiconductors,MATURE,0.0,"HISTORICAL UK RETAIL, ACCOUNT AND BROKER ELIGIBILITY REMAIN UNRESOLVED",ABOVE_200,0.10227323314842704,0.11461550794857284,0.15274959352160436,0.09229281097391553,0.4090909090909091,0.11363636363636362,22,11,13,9,1,DOMINANT,LOW,0.06235069048056746,0.09481722968837634,0.11217948717948717,0.16818181818181815,NORMAL,NORMAL,MEDIUM,0.03696347787708332,0.03696347787708332,0.0199729689142516,0.027395261471183874,0.026745645866562695,2023-08-01,0.010217832010520622
2023-07-31,2023-08-01,1.0,NO_SWITCH_REVIEW,GLOBAL_SEMICONDUCTORS;GLOBAL_SOFTWARE;EUROPE_BANKS;GLOBAL_ROBOTICS_AUTOMATION;GLOBAL_CYBERSECURITY;GLOBAL_RETAIL;GLOBAL_BATTERY_EV;GLOBAL_WATER;GLOBAL_TRANSPORTATION;GLOBAL_OIL_GAS;GLOBAL_GOLD_MINERS;CHINA_INTERNET;GLOBAL_URANIUM_NUCLEAR;US_BANKS;GLOBAL_CLEAN_ENERGY;GLOBAL_AGRIBUSINESS;GLOBAL_INFRASTRUCTURE;GLOBAL_SILVER_MINERS;GLOBAL_GENOMICS;GLOBAL_SOLAR;GLOBAL_BIOTECHNOLOGY,21,GLOBAL_SEMICONDUCTORS,GLOBAL_SOFTWARE,EUROPE_BANKS,GLOBAL_ROBOTICS_AUTOMATION,GLOBAL_CYBERSECURITY,GLOBAL_SEMICONDUCTORS,GLOBAL_SEMICONDUCTORS,NO,0.18846676587404865,0.1946384535204997,0.1798335635151247,0.9545454545454546,1.0,0.9523809523809523,0.9689754689754689,SMGB,IE00BMC38736,GLOBAL_TECHNOLOGY,GLOBAL,SEMICONDUCTORS,SEMICONDUCTORS,Semiconductors,MATURE,0.0,"HISTORICAL UK RETAIL, ACCOUNT AND BROKER ELIGIBILITY REMAIN UNRESOLVED",ABOVE_200,0.10966980554116659,0.11435319570926411,0.15188336561659235,0.104153043837936,0.5909090909090909,0.13636363636363635,22,11,13,9,1,NOT_DOMINANT,LOW,0.06276039469023342,0.09475308426836328,0.11146723646723648,0.1666666666666667,HIGH,NORMAL,MEDIUM,-0.01751528260773083,-0.017515282607731053,-0.004858657243816622,-0.020687095054022664,-0.011848469825060715,2023-09-01,-0.0056668127826701165
2023-08-31,2023-09-01,1.0,NO_SWITCH_REVIEW,GLOBAL_SEMICONDUCTORS;GLOBAL_SOFTWARE;EUROPE_BANKS;GLOBAL_OIL_GAS;GLOBAL_URANIUM_NUCLEAR;GLOBAL_CYBERSECURITY;GLOBAL_TRANSPORTATION;GLOBAL_RETAIL;GLOBAL_WATER;GLOBAL_ROBOTICS_AUTOMATION;GLOBAL_GOLD_MINERS;GLOBAL_BATTERY_EV;CHINA_INTERNET;GLOBAL_SILVER_MINERS;GLOBAL_AGRIBUSINESS;GLOBAL_INFRASTRUCTURE;US_BANKS;GLOBAL_BIOTECHNOLOGY;GLOBAL_CLEAN_ENERGY;GLOBAL_GENOMICS;GLOBAL_SOLAR,21,GLOBAL_SEMICONDUCTORS,GLOBAL_SOFTWARE,EUROPE_BANKS,GLOBAL_OIL_GAS,GLOBAL_URANIUM_NUCLEAR,GLOBAL_SEMICONDUCTORS,GLOBAL_SEMICONDUCTORS,NO,0.012000905995275035,0.16561192464493835,0.2624006053608041,0.6363636363636364,1.0,0.9523809523809523,0.8629148629148629,SMGB,IE00BMC38736,GLOBAL_TECHNOLOGY,GLOBAL,SEMICONDUCTORS,SEMICONDUCTORS,Semiconductors,MATURE,0.0,"HISTORICAL UK RETAIL, ACCOUNT AND BROKER ELIGIBILITY REMAIN UNRESOLVED",ABOVE_200,0.10547847467605113,0.11383354495377508,0.15127940003004126,0.0915643637953201,0.38095238095238093,0.23809523809523814,21,10,13,8,1,NOT_DOMINANT,LOW,0.06284653630042042,0.09495927639888191,0.11182336182336182,0.16666666666666669,NORMAL,HIGH,MEDIUM,-0.021848372296263685,-0.025782387747128266,-0.011688119544311482,-0.028433880145626422,-0.02875787099985827,2023-10-02,0.006909498703594585
2023-09-29,2023-10-02,1.0,EXECUTED,GLOBAL_URANIUM_NUCLEAR;EUROPE_BANKS;GLOBAL_SOFTWARE;GLOBAL_OIL_GAS;GLOBAL_SEMICONDUCTORS;GLOBAL_CYBERSECURITY;GLOBAL_RETAIL;GLOBAL_TRANSPORTATION;GLOBAL_ROBOTICS_AUTOMATION;GLOBAL_WATER;GLOBAL_AI;CHINA_INTERNET;US_BANKS;GLOBAL_AGRIBUSINESS;GLOBAL_BATTERY_EV;GLOBAL_INFRASTRUCTURE;GLOBAL_BIOTECHNOLOGY;GLOBAL_GOLD_MINERS;GLOBAL_SILVER_MINERS;GLOBAL_GENOMICS;GLOBAL_CLEAN_ENERGY;GLOBAL_SOLAR,22,GLOBAL_URANIUM_NUCLEAR,EUROPE_BANKS,GLOBAL_SOFTWARE,GLOBAL_OIL_GAS,GLOBAL_SEMICONDUCTORS,GLOBAL_URANIUM_NUCLEAR,GLOBAL_SEMICONDUCTORS,YES,0.4924383441591138,0.5196902677347239,0.20045012607066193,1.0,1.0,0.9090909090909091,0.9696969696969696,NUCG,IE000M7V94E1,GLOBAL_ENERGY,GLOBAL,URANIUM_AND_NUCLEAR,URANIUM_NUCLEAR,NOT_APPLICABLE,NEW,0.005865482966451028,"HISTORICAL UK RETAIL, ACCOUNT AND BROKER ELIGIBILITY REMAIN UNRESOLVED",ABOVE_200,0.10192265616980062,0.1133809948089787,0.15102761037952533,0.13716132308291748,0.4090909090909091,0.09090909090909088,22,12,13,9,0,NOT_DOMINANT,LOW,0.06315132481800112,0.09510013303472016,0.11266511266511263,0.16666666666666669,HIGH,LOW,MEDIUM,0.02372136805773528,0.02372136805773528,-0.0179640718562879,-0.039916167293267746,-0.0432778694694651,2023-11-01,0.06699923752720038
2023-10-31,2023-11-01,1.0,NO_SWITCH_REVIEW,GLOBAL_URANIUM_NUCLEAR;EUROPE_BANKS;GLOBAL_SEMICONDUCTORS;GLOBAL_SOFTWARE;GLOBAL_OIL_GAS;GLOBAL_CYBERSECURITY;GLOBAL_GOLD_MINERS;GLOBAL_WATER;GLOBAL_ROBOTICS_AUTOMATION;CHINA_INTERNET;GLOBAL_TRANSPORTATION;GLOBAL_AI;GLOBAL_RETAIL;GLOBAL_INFRASTRUCTURE;GLOBAL_SILVER_MINERS;US_BANKS;GLOBAL_AGRIBUSINESS;GLOBAL_BIOTECHNOLOGY;GLOBAL_BATTERY_EV;GLOBAL_CLEAN_ENERGY;GLOBAL_GENOMICS;GLOBAL_SOLAR,22,GLOBAL_URANIUM_NUCLEAR,EUROPE_BANKS,GLOBAL_SEMICONDUCTORS,GLOBAL_SOFTWARE,GLOBAL_OIL_GAS,GLOBAL_URANIUM_NUCLEAR,GLOBAL_URANIUM_NUCLEAR,NO,0.48755229554913937,0.5730995996466481,0.27032645515559883,1.0,1.0,0.9545454545454546,0.9848484848484849,NUCG,IE000M7V94E1,GLOBAL_ENERGY,GLOBAL,URANIUM_AND_NUCLEAR,URANIUM_NUCLEAR,NOT_APPLICABLE,NEW,0.0,"HISTORICAL UK RETAIL, ACCOUNT AND BROKER ELIGIBILITY REMAIN UNRESOLVED",BELOW_OR_EQUAL_200,0.10547872884761345,0.11307511728940892,0.1504925504779092,0.14242424705926346,0.22727272727272727,0.11363636363636359,22,12,13,9,0,NOT_DOMINANT,LOW,0.06321303937810847,0.09551372673114965,0.11111111111111116,0.16666666666666666,HIGH,NORMAL,NARROW,0.012076258198982615,0.012076258198982615,0.043749999999999956,0.07066392883521622,0.07318406588229931,2023-12-01,-0.061107807683316695
2023-11-30,2023-12-01,1.0,NO_SWITCH_REVIEW,GLOBAL_URANIUM_NUCLEAR;EUROPE_BANKS;GLOBAL_AI;GLOBAL_CYBERSECURITY;GLOBAL_SEMICONDUCTORS;GLOBAL_RETAIL;GLOBAL_SOFTWARE;GLOBAL_GOLD_MINERS;US_BANKS;GLOBAL_ROBOTICS_AUTOMATION;GLOBAL_WATER;GLOBAL_SILVER_MINERS;GLOBAL_TRANSPORTATION;GLOBAL_OIL_GAS;CHINA_INTERNET;GLOBAL_INFRASTRUCTURE;GLOBAL_BATTERY_EV;GLOBAL_BIOTECHNOLOGY;GLOBAL_AGRIBUSINESS;GLOBAL_GENOMICS;GLOBAL_CLEAN_ENERGY;GLOBAL_SOLAR,22,GLOBAL_URANIUM_NUCLEAR,EUROPE_BANKS,GLOBAL_AI,GLOBAL_CYBERSECURITY,GLOBAL_SEMICONDUCTORS,GLOBAL_URANIUM_NUCLEAR,GLOBAL_URANIUM_NUCLEAR,NO,0.18255643692437196,0.37471706397223215,0.27849206050899955,1.0,1.0,0.9545454545454546,0.9848484848484849,NUCG,IE000M7V94E1,GLOBAL_ENERGY,GLOBAL,URANIUM_AND_NUCLEAR,URANIUM_NUCLEAR,NOT_APPLICABLE,NEW,0.0,"HISTORICAL UK RETAIL, ACCOUNT AND BROKER ELIGIBILITY REMAIN UNRESOLVED",ABOVE_200,0.10102346298933279,0.11268671734907446,0.14987548728385844,0.09805036006296378,0.4090909090909091,0.18181818181818182,22,12,13,9,0,DOMINANT,LOW,0.06370932296578581,0.09585222266448826,0.11111111111111116,0.16666666666666666,HIGH,HIGH,MEDIUM,0.004360993337370722,0.0003223391923345975,0.042062217029355864,0.05792473090984673,0.06044027114295303,2024-01-02,-0.056079277805582306
2023-12-29,2024-01-02,1.0,EXECUTED,GLOBAL_AI;GLOBAL_SEMICONDUCTORS;GLOBAL_CYBERSECURITY;GLOBAL_SOFTWARE;GLOBAL_ROBOTICS_AUTOMATION;GLOBAL_URANIUM_NUCLEAR;GLOBAL_RETAIL;US_BANKS;EUROPE_BANKS;GLOBAL_GOLD_MINERS;GLOBAL_SILVER_MINERS;GLOBAL_WATER;GLOBAL_TRANSPORTATION;GLOBAL_GENOMICS;GLOBAL_INFRASTRUCTURE;GLOBAL_OIL_GAS;GLOBAL_BATTERY_EV;GLOBAL_CLEAN_ENERGY;GLOBAL_AGRIBUSINESS;CHINA_INTERNET;GLOBAL_SOLAR,21,GLOBAL_AI,GLOBAL_SEMICONDUCTORS,GLOBAL_CYBERSECURITY,GLOBAL_SOFTWARE,GLOBAL_ROBOTICS_AUTOMATION,GLOBAL_AI,GLOBAL_URANIUM_NUCLEAR,YES,0.2295287884222983,0.14526197850781264,0.42302578121532,1.0,0.9523809523809523,1.0,0.984126984126984,AIAA,IE000Q9W2IR3,GLOBAL_TECHNOLOGY,GLOBAL,SOFTWARE_AND_SERVICES,AI,AI,NEW,0.006077925356478958,"HISTORICAL UK RETAIL, ACCOUNT AND BROKER ELIGIBILITY REMAIN UNRESOLVED",ABOVE_200,0.09618471680868271,0.11223013384139133,0.14912811070853896,0.09045157400864111,0.5714285714285714,0.11904761904761907,21,12,13,8,0,DOMINANT,LOW,0.06425445172418903,0.09575672273212449,0.11111111111111116,0.16666666666666666,NORMAL,NORMAL,MEDIUM,-0.06525556890655348,-0.06901574996794746,0.013454800280307877,-0.03550746145264583,-0.03403633501832959,2024-02-01,-0.031219233888223896
2024-01-31,2024-02-01,1.0,EXECUTED,GLOBAL_SEMICONDUCTORS;GLOBAL_URANIUM_NUCLEAR;GLOBAL_CYBERSECURITY;GLOBAL_SOFTWARE;GLOBAL_AI;GLOBAL_ROBOTICS_AUTOMATION;US_BANKS;GLOBAL_WATER;EUROPE_BANKS;GLOBAL_RETAIL;GLOBAL_TRANSPORTATION;GLOBAL_INFRASTRUCTURE;GLOBAL_GENOMICS;GLOBAL_BIOTECHNOLOGY;GLOBAL_GOLD_MINERS;GLOBAL_SILVER_MINERS;GLOBAL_OIL_GAS;GLOBAL_BATTERY_EV;GLOBAL_AGRIBUSINESS;GLOBAL_CLEAN_ENERGY;GLOBAL_SOLAR;CHINA_INTERNET,22,GLOBAL_SEMICONDUCTORS,GLOBAL_URANIUM_NUCLEAR,GLOBAL_CYBERSECURITY,GLOBAL_SOFTWARE,GLOBAL_AI,GLOBAL_SEMICONDUCTORS,GLOBAL_AI,YES,0.15719535498473713,0.12418209706053074,0.3372535505119205,1.0,0.9545454545454546,1.0,0.9848484848484849,SMGB,IE00BMC38736,GLOBAL_TECHNOLOGY,GLOBAL,SEMICONDUCTORS,SEMICONDUCTORS,Semiconductors,MATURE,0.005660664609811573,"HISTORICAL UK RETAIL, ACCOUNT AND BROKER ELIGIBILITY REMAIN UNRESOLVED",ABOVE_200,0.07667446990348653,0.11160523650438765,0.14852177512087272,0.11019746827088595,0.45454545454545453,0.07792207792207795,22,13,13,9,0,DOMINANT,LOW,0.06467468930299336,0.09568491121086317,0.11111111111111116,0.16666666666666663,HIGH,LOW,MEDIUM,0.16457993104699686,0.16457993104699686,0.051860047019775646,0.04885655182096893,0.04341481447140949,2024-03-01,0.12116511657558737
2024-02-29,2024-03-01,1.0,NO_SWITCH_REVIEW,GLOBAL_SEMICONDUCTORS;GLOBAL_AI;GLOBAL_CYBERSECURITY;GLOBAL_RETAIL;GLOBAL_URANIUM_NUCLEAR;US_BANKS;GLOBAL_SOFTWARE;GLOBAL_ROBOTICS_AUTOMATION;GLOBAL_WATER;GLOBAL_GENOMICS;EUROPE_BANKS;GLOBAL_BIOTECHNOLOGY;GLOBAL_TRANSPORTATION;GLOBAL_INFRASTRUCTURE;GLOBAL_BATTERY_EV;GLOBAL_OIL_GAS;GLOBAL_GOLD_MINERS;GLOBAL_AGRIBUSINESS;CHINA_INTERNET;GLOBAL_CLEAN_ENERGY;GLOBAL_SILVER_MINERS;GLOBAL_SOLAR,22,GLOBAL_SEMICONDUCTORS,GLOBAL_AI,GLOBAL_CYBERSECURITY,GLOBAL_RETAIL,GLOBAL_URANIUM_NUCLEAR,GLOBAL_SEMICONDUCTORS,GLOBAL_SEMICONDUCTORS,NO,0.15358596411304526,0.20326994023091793,0.39121534165237204,1.0,1.0,1.0,1.0,SMGB,IE00BMC38736,GLOBAL_TECHNOLOGY,GLOBAL,SEMICONDUCTORS,SEMICONDUCTORS,Semiconductors,MATURE,0.0,"HISTORICAL UK RETAIL, ACCOUNT AND BROKER ELIGIBILITY REMAIN UNRESOLVED",ABOVE_200,0.08633454834586306,0.11117328465162742,0.1483451408133042,0.08879559603260044,0.36363636363636365,0.09090909090909094,22,13,13,9,0,DOMINANT,LOW,0.06550952350602239,0.095924090485865,0.11111111111111116,0.16666666666666663,NORMAL,LOW,MEDIUM,0.010361483328139576,0.010361483328139576,0.021167499342624296,0.03195283001368909,0.03289853884075655,2024-04-02,-0.022537055512616977
2024-03-28,2024-04-02,1.0,NO_SWITCH_REVIEW,GLOBAL_SEMICONDUCTORS;EUROPE_BANKS;GLOBAL_AI;US_BANKS;GLOBAL_RETAIL;GLOBAL_SOFTWARE;GLOBAL_WATER;GLOBAL_GOLD_MINERS;GLOBAL_ROBOTICS_AUTOMATION;GLOBAL_CYBERSECURITY;GLOBAL_URANIUM_NUCLEAR;GLOBAL_OIL_GAS;GLOBAL_INFRASTRUCTURE;GLOBAL_BIOTECHNOLOGY;GLOBAL_TRANSPORTATION;GLOBAL_BATTERY_EV;GLOBAL_AGRIBUSINESS;GLOBAL_GENOMICS;GLOBAL_SILVER_MINERS;CHINA_INTERNET;GLOBAL_CLEAN_ENERGY;GLOBAL_SOLAR,22,GLOBAL_SEMICONDUCTORS,EUROPE_BANKS,GLOBAL_AI,US_BANKS,GLOBAL_RETAIL,GLOBAL_SEMICONDUCTORS,GLOBAL_SEMICONDUCTORS,NO,0.12301623224372848,0.2507050318071473,0.33109198623318914,1.0,1.0,1.0,1.0,SMGB,IE00BMC38736,GLOBAL_TECHNOLOGY,GLOBAL,SEMICONDUCTORS,SEMICONDUCTORS,Semiconductors,MATURE,0.0,"HISTORICAL UK RETAIL, ACCOUNT AND BROKER ELIGIBILITY REMAIN UNRESOLVED",ABOVE_200,0.09629199599788132,0.11048732458202783,0.14757903221711388,0.07747603630848066,0.22727272727272727,0.13636363636363635,22,13,13,9,0,NOT_DOMINANT,LOW,0.06562575035795198,0.09585222266448826,0.11111111111111116,0.16666666666666663,NORMAL,NORMAL,NARROW,-0.07471663196854028,-0.07843712144893478,-0.023947470065662002,-0.012462016231989503,-0.00950075784186133,2024-05-01,-0.06521587412667895
2024-04-30,2024-05-01,1.0,EXECUTED,EUROPE_BANKS;GLOBAL_SEMICONDUCTORS;US_BANKS;GLOBAL_RETAIL;GLOBAL_GOLD_MINERS;GLOBAL_SOFTWARE;GLOBAL_AI;GLOBAL_SILVER_MINERS;GLOBAL_WATER;GLOBAL_OIL_GAS;CHINA_INTERNET;GLOBAL_BATTERY_EV;GLOBAL_URANIUM_NUCLEAR;GLOBAL_CYBERSECURITY;GLOBAL_ROBOTICS_AUTOMATION;GLOBAL_TRANSPORTATION;GLOBAL_INFRASTRUCTURE;GLOBAL_BIOTECHNOLOGY;GLOBAL_AGRIBUSINESS;GLOBAL_CLEAN_ENERGY;GLOBAL_GENOMICS;GLOBAL_SOLAR,22,EUROPE_BANKS,GLOBAL_SEMICONDUCTORS,US_BANKS,GLOBAL_RETAIL,GLOBAL_GOLD_MINERS,EUROPE_BANKS,GLOBAL_SEMICONDUCTORS,YES,0.1505774472082393,0.12726328511729035,0.19339640416509107,0.8636363636363636,0.9090909090909091,0.8636363636363636,0.8787878787878787,S7XP,IE00B3Q19T94,EUROPE_FINANCIALS,EUROPE,BANKS,NOT_APPLICABLE,Banks,MATURE,0.006135460502310643,"HISTORICAL UK RETAIL, ACCOUNT AND BROKER ELIGIBILITY REMAIN UNRESOLVED",ABOVE_200,0.10891545995449524,0.11024639692269808,0.14727085176121069,0.09888314815740204,0.5454545454545454,0.1818181818181818,22,13,13,9,0,NOT_DOMINANT,LOW,0.06583404821759518,0.09580447269830637,0.11111111111111116,0.16666666666666666,HIGH,HIGH,MEDIUM,0.06304821333961308,0.06304821333961308,0.025854108956602007,0.026410599387958644,0.025853474087548456,2024-06-03,0.037194739252064624
2024-05-31,2024-06-03,1.0,NO_SWITCH_REVIEW,EUROPE_BANKS;GLOBAL_SEMICONDUCTORS;GLOBAL_URANIUM_NUCLEAR;GLOBAL_SILVER_MINERS;GLOBAL_GOLD_MINERS;US_BANKS;GLOBAL_RETAIL;GLOBAL_OIL_GAS;GLOBAL_AI;GLOBAL_WATER;CHINA_INTERNET;GLOBAL_BATTERY_EV;GLOBAL_SOFTWARE;GLOBAL_INFRASTRUCTURE;GLOBAL_SOLAR;GLOBAL_CYBERSECURITY;GLOBAL_BIOTECHNOLOGY;GLOBAL_ROBOTICS_AUTOMATION;GLOBAL_TRANSPORTATION;GLOBAL_CLEAN_ENERGY;GLOBAL_AGRIBUSINESS;GLOBAL_GENOMICS,22,EUROPE_BANKS,GLOBAL_SEMICONDUCTORS,GLOBAL_URANIUM_NUCLEAR,GLOBAL_SILVER_MINERS,GLOBAL_GOLD_MINERS,EUROPE_BANKS,EUROPE_BANKS,NO,0.20870069206350972,0.1574297370211668,0.26128838402100696,0.9090909090909091,0.9545454545454546,0.9090909090909091,0.9242424242424241,S7XP,IE00B3Q19T94,EUROPE_FINANCIALS,EUROPE,BANKS,NOT_APPLICABLE,Banks,MATURE,0.0,"HISTORICAL UK RETAIL, ACCOUNT AND BROKER ELIGIBILITY REMAIN UNRESOLVED",ABOVE_200,0.100429520491639,0.10980086759456474,0.14688212623005203,0.14779061367960364,0.5454545454545454,0.11363636363636365,22,13,13,9,0,NOT_DOMINANT,LOW,0.06621774894331652,0.09616934662392287,0.11111111111111116,0.16666666666666666,HIGH,NORMAL,MEDIUM,-0.04884261823014735,-0.05266700552444825,0.03266040889803268,-0.016265465309075577,-0.014801007142542288,2024-07-01,-0.03404161108760506
2024-06-28,2024-07-01,1.0,EXECUTED,GLOBAL_SEMICONDUCTORS;US_BANKS;EUROPE_BANKS;GLOBAL_GOLD_MINERS;GLOBAL_SILVER_MINERS;GLOBAL_URANIUM_NUCLEAR;GLOBAL_AI;GLOBAL_SOFTWARE;GLOBAL_RETAIL;GLOBAL_CYBERSECURITY;CHINA_INTERNET;GLOBAL_OIL_GAS;GLOBAL_WATER;GLOBAL_BIOTECHNOLOGY;GLOBAL_INFRASTRUCTURE;GLOBAL_ROBOTICS_AUTOMATION;GLOBAL_TRANSPORTATION;GLOBAL_BATTERY_EV;GLOBAL_AGRIBUSINESS;GLOBAL_CLEAN_ENERGY;GLOBAL_GENOMICS;GLOBAL_SOLAR,22,GLOBAL_SEMICONDUCTORS,US_BANKS,EUROPE_BANKS,GLOBAL_GOLD_MINERS,GLOBAL_SILVER_MINERS,GLOBAL_SEMICONDUCTORS,EUROPE_BANKS,YES,0.105674627420554,0.2362885275367077,0.3563890259533413,0.9545454545454546,1.0,1.0,0.9848484848484849,SMGB,IE00BMC38736,GLOBAL_TECHNOLOGY,GLOBAL,SEMICONDUCTORS,SEMICONDUCTORS,Semiconductors,MATURE,0.0061785545434353845,"HISTORICAL UK RETAIL, ACCOUNT AND BROKER ELIGIBILITY REMAIN UNRESOLVED",ABOVE_200,0.09253775034371367,0.10961346159010171,0.14638340993877022,0.06325543402921595,0.18181818181818182,0.16450216450216448,22,13,13,9,0,DOMINANT,LOW,0.06621993166368052,0.09607209229395558,0.11111111111111116,0.16666666666666663,LOW,NORMAL,NARROW,-0.09733835005574121,-0.10096985285638604,-0.006599427219524112,-0.0007100885995267037,0.003955231447941854,2024-08-01,-0.10129358150368306
2024-07-31,2024-08-01,1.0,EXECUTED,GLOBAL_GOLD_MINERS;GLOBAL_SEMICONDUCTORS;GLOBAL_SILVER_MINERS;US_BANKS;EUROPE_BANKS;GLOBAL_AI;GLOBAL_RETAIL;GLOBAL_GENOMICS;GLOBAL_BIOTECHNOLOGY;GLOBAL_WATER;GLOBAL_INFRASTRUCTURE;GLOBAL_SOFTWARE;GLOBAL_TRANSPORTATION;GLOBAL_ROBOTICS_AUTOMATION;GLOBAL_CYBERSECURITY;GLOBAL_OIL_GAS;CHINA_INTERNET;GLOBAL_URANIUM_NUCLEAR;GLOBAL_BATTERY_EV;GLOBAL_AGRIBUSINESS;GLOBAL_SOLAR;GLOBAL_CLEAN_ENERGY,22,GLOBAL_GOLD_MINERS,GLOBAL_SEMICONDUCTORS,GLOBAL_SILVER_MINERS,US_BANKS,EUROPE_BANKS,GLOBAL_GOLD_MINERS,GLOBAL_SEMICONDUCTORS,YES,0.05770878586720496,0.24230226930930354,0.1852815233276206,0.9090909090909091,1.0,0.9545454545454546,0.9545454545454544,SPGP,IE00B6R52036,GLOBAL_MATERIALS,GLOBAL,GOLD_MINERS,GOLD_MINERS,Gold Miners,MATURE,0.005557942701627968,"HISTORICAL UK RETAIL, ACCOUNT AND BROKER ELIGIBILITY REMAIN UNRESOLVED",ABOVE_200,0.08282439995476741,0.10937442709073306,0.14594720444765888,0.06078692824779474,0.2727272727272727,0.2272727272727273,22,13,13,9,0,NOT_DOMINANT,LOW,0.06564516668592131,0.09597232619625469,0.11182336182336182,0.16666666666666666,LOW,HIGH,NARROW,0.012059369202226167,0.012059369202226167,0.009776886437703691,-0.0012765167462140958,-0.002732077805352895,2024-09-02,0.014791447007579062
2024-08-30,2024-09-02,1.0,NO_SWITCH_REVIEW,GLOBAL_GOLD_MINERS;US_BANKS;EUROPE_BANKS;GLOBAL_CYBERSECURITY;GLOBAL_SEMICONDUCTORS;GLOBAL_INFRASTRUCTURE;GLOBAL_WATER;GLOBAL_SOFTWARE;GLOBAL_RETAIL;GLOBAL_BIOTECHNOLOGY;GLOBAL_SILVER_MINERS;GLOBAL_TRANSPORTATION;GLOBAL_AI;GLOBAL_AGRIBUSINESS;GLOBAL_GENOMICS;GLOBAL_ROBOTICS_AUTOMATION;GLOBAL_OIL_GAS;GLOBAL_BATTERY_EV;CHINA_INTERNET;GLOBAL_CLEAN_ENERGY;GLOBAL_URANIUM_NUCLEAR;GLOBAL_SOLAR,22,GLOBAL_GOLD_MINERS,US_BANKS,EUROPE_BANKS,GLOBAL_CYBERSECURITY,GLOBAL_SEMICONDUCTORS,GLOBAL_GOLD_MINERS,GLOBAL_GOLD_MINERS,NO,0.05386820330583042,0.4085201764245754,0.21229786214486102,0.9545454545454546,1.0,1.0,0.9848484848484849,SPGP,IE00B6R52036,GLOBAL_MATERIALS,GLOBAL,GOLD_MINERS,GOLD_MINERS,Gold Miners,MATURE,0.0,"HISTORICAL UK RETAIL, ACCOUNT AND BROKER ELIGIBILITY REMAIN UNRESOLVED",ABOVE_200,0.114093986003601,0.10937442709073306,0.14561479579249073,0.08944740420539642,0.3181818181818182,0.13636363636363635,22,13,13,9,0,NOT_DOMINANT,NORMAL,0.06583404821759518,0.09580447269830637,0.1136363636363636,0.16666666666666669,NORMAL,NORMAL,NARROW,0.031164069660861493,0.031164069660861493,-0.0007447864945390181,0.025662182037389458,0.025251690269648908,2024-10-01,0.0059123793912125855
2024-09-30,2024-10-01,1.0,NO_SWITCH_REVIEW,GLOBAL_GOLD_MINERS;GLOBAL_RETAIL;GLOBAL_SILVER_MINERS;CHINA_INTERNET;EUROPE_BANKS;GLOBAL_INFRASTRUCTURE;GLOBAL_WATER;GLOBAL_TRANSPORTATION;GLOBAL_SOFTWARE;GLOBAL_BIOTECHNOLOGY;GLOBAL_SEMICONDUCTORS;US_BANKS;GLOBAL_CYBERSECURITY;GLOBAL_AI;GLOBAL_GENOMICS;GLOBAL_SOLAR;GLOBAL_AGRIBUSINESS;GLOBAL_ROBOTICS_AUTOMATION;GLOBAL_BATTERY_EV;GLOBAL_CLEAN_ENERGY;GLOBAL_URANIUM_NUCLEAR;GLOBAL_OIL_GAS,22,GLOBAL_GOLD_MINERS,GLOBAL_RETAIL,GLOBAL_SILVER_MINERS,CHINA_INTERNET,EUROPE_BANKS,GLOBAL_GOLD_MINERS,GLOBAL_GOLD_MINERS,NO,0.13509587966923298,0.16293695947527742,0.31326457183977285,0.9545454545454546,0.9090909090909091,1.0,0.9545454545454544,SPGP,IE00B6R52036,GLOBAL_MATERIALS,GLOBAL,GOLD_MINERS,GOLD_MINERS,Gold Miners,MATURE,0.0,"HISTORICAL UK RETAIL, ACCOUNT AND BROKER ELIGIBILITY REMAIN UNRESOLVED",ABOVE_200,0.12949584149959795,0.1095320167519554,0.14502610659819462,0.0789588018508072,0.5714285714285714,0.2857142857142857,21,12,13,8,1,NOT_DOMINANT,NORMAL,0.06621556622295252,0.09575672273212449,0.1131507381507381,0.16666666666666666,NORMAL,HIGH,MEDIUM,0.03674074074074074,0.03674074074074074,0.02285714285714291,0.02701446477335523,0.02633276824480535,2024-11-01,0.010407972495935391
2024-10-31,2024-11-01,1.0,NO_SWITCH_REVIEW,GLOBAL_GOLD_MINERS;GLOBAL_SOFTWARE;US_BANKS;GLOBAL_SILVER_MINERS;GLOBAL_CYBERSECURITY;GLOBAL_RETAIL;CHINA_INTERNET;EUROPE_BANKS;GLOBAL_SEMICONDUCTORS;GLOBAL_TRANSPORTATION;GLOBAL_ROBOTICS_AUTOMATION;GLOBAL_AI;GLOBAL_INFRASTRUCTURE;GLOBAL_WATER;GLOBAL_URANIUM_NUCLEAR;GLOBAL_BIOTECHNOLOGY;GLOBAL_AGRIBUSINESS;GLOBAL_BATTERY_EV;GLOBAL_GENOMICS;GLOBAL_OIL_GAS;GLOBAL_SOLAR;GLOBAL_CLEAN_ENERGY,22,GLOBAL_GOLD_MINERS,GLOBAL_SOFTWARE,US_BANKS,GLOBAL_SILVER_MINERS,GLOBAL_CYBERSECURITY,GLOBAL_GOLD_MINERS,GLOBAL_GOLD_MINERS,NO,0.0496187297662356,0.14885459642333787,0.2291832495588666,0.7727272727272727,1.0,0.9545454545454546,0.909090909090909,SPGP,IE00B6R52036,GLOBAL_MATERIALS,GLOBAL,GOLD_MINERS,GOLD_MINERS,Gold Miners,MATURE,0.0,"HISTORICAL UK RETAIL, ACCOUNT AND BROKER ELIGIBILITY REMAIN UNRESOLVED",ABOVE_200,0.12493068435327509,0.10961346159010171,0.1447935257169466,0.08266774742955732,0.3181818181818182,0.1363636363636364,22,13,13,9,1,NOT_DOMINANT,NORMAL,0.0662664678780749,0.0955672520072804,0.11363636363636359,0.16666666666666666,NORMAL,NORMAL,NARROW,-0.06116033152329248,-0.06493713178875615,0.06509594364828764,0.045310982162306335,0.05070803113318778,2024-12-02,-0.11186836265648026
2024-11-29,2024-12-02,1.0,EXECUTED,GLOBAL_SOFTWARE;US_BANKS;GLOBAL_AI;GLOBAL_RETAIL;GLOBAL_SILVER_MINERS;GLOBAL_CYBERSECURITY;GLOBAL_GOLD_MINERS;GLOBAL_ROBOTICS_AUTOMATION;CHINA_INTERNET;GLOBAL_TRANSPORTATION;GLOBAL_WATER;GLOBAL_INFRASTRUCTURE;GLOBAL_SEMICONDUCTORS;GLOBAL_BIOTECHNOLOGY;GLOBAL_OIL_GAS;GLOBAL_URANIUM_NUCLEAR;GLOBAL_AGRIBUSINESS;EUROPE_BANKS;GLOBAL_BATTERY_EV;GLOBAL_GENOMICS;GLOBAL_CLEAN_ENERGY;GLOBAL_SOLAR,22,GLOBAL_SOFTWARE,US_BANKS,GLOBAL_AI,GLOBAL_RETAIL,GLOBAL_SILVER_MINERS,GLOBAL_SOFTWARE,GLOBAL_GOLD_MINERS,YES,0.19640373865513783,0.2237576809706201,0.15611895501935713,1.0,1.0,0.9545454545454546,0.9848484848484849,KLWD,IE00BJGWQN72,GLOBAL_TECHNOLOGY,GLOBAL,SOFTWARE,SOFTWARE,Software,MATURE,0.005622505407467061,"HISTORICAL UK RETAIL, ACCOUNT AND BROKER ELIGIBILITY REMAIN UNRESOLVED",ABOVE_200,0.104590167255102,0.10939839682892194,0.14431442065472277,0.09700653731158278,0.5,0.09090909090909094,22,13,13,9,1,DOMINANT,LOW,0.06658459883189884,0.09554128816834058,0.1136363636363636,0.16666666666666666,HIGH,LOW,MEDIUM,-0.0007339449541287069,-0.0007339449541285958,-0.00478905359179016,-0.014306728186898376,-0.014976750547244011,2025-01-02,0.014242805593115304
2024-12-31,2025-01-02,1.0,NO_SWITCH_REVIEW,GLOBAL_SOFTWARE;US_BANKS;GLOBAL_RETAIL;GLOBAL_AI;GLOBAL_CYBERSECURITY;GLOBAL_ROBOTICS_AUTOMATION;GLOBAL_BIOTECHNOLOGY;EUROPE_BANKS;GLOBAL_SEMICONDUCTORS;CHINA_INTERNET;GLOBAL_INFRASTRUCTURE;GLOBAL_TRANSPORTATION;GLOBAL_WATER;GLOBAL_SILVER_MINERS;GLOBAL_GOLD_MINERS;GLOBAL_BATTERY_EV;GLOBAL_OIL_GAS;GLOBAL_AGRIBUSINESS;GLOBAL_GENOMICS;GLOBAL_URANIUM_NUCLEAR;GLOBAL_CLEAN_ENERGY;GLOBAL_SOLAR,22,GLOBAL_SOFTWARE,US_BANKS,GLOBAL_RETAIL,GLOBAL_AI,GLOBAL_CYBERSECURITY,GLOBAL_SOFTWARE,GLOBAL_SOFTWARE,NO,0.18946449121491704,0.17891966113787028,0.18125936224176264,0.9565217391304348,1.0,1.0,0.9855072463768115,KLWD,IE00BJGWQN72,GLOBAL_TECHNOLOGY,GLOBAL,SOFTWARE,SOFTWARE,Software,MATURE,0.0,"HISTORICAL UK RETAIL, ACCOUNT AND BROKER ELIGIBILITY REMAIN UNRESOLVED",ABOVE_200,0.0882881546592042,0.10905971606351793,0.1440556960867471,0.09937428904545358,0.30434782608695654,0.12549407114624503,23,13,14,9,1,DOMINANT,LOW,0.06694377007036836,0.09585222266448826,0.11217948717948717,0.16666666666666666,HIGH,NORMAL,NARROW,0.05141388174807204,0.05141388174807182,0.01970669110907397,0.029882908772954853,0.028844979015791194,2025-02-03,0.02256890273228085
2025-01-31,2025-02-03,1.0,NO_SWITCH_REVIEW,GLOBAL_SOFTWARE;US_BANKS;GLOBAL_RETAIL;GLOBAL_CYBERSECURITY;GLOBAL_AI;CHINA_INTERNET;GLOBAL_GOLD_MINERS;EUROPE_BANKS;GLOBAL_ROBOTICS_AUTOMATION;GLOBAL_SEMICONDUCTORS;GLOBAL_BIOTECHNOLOGY;GLOBAL_TRANSPORTATION;GLOBAL_BATTERY_EV;GLOBAL_SILVER_MINERS;GLOBAL_AGRIBUSINESS;GLOBAL_OIL_GAS;GLOBAL_WATER;GLOBAL_INFRASTRUCTURE;GLOBAL_GENOMICS;GLOBAL_URANIUM_NUCLEAR;GLOBAL_CLEAN_ENERGY;GLOBAL_SOLAR,22,GLOBAL_SOFTWARE,US_BANKS,GLOBAL_RETAIL,GLOBAL_CYBERSECURITY,GLOBAL_AI,GLOBAL_SOFTWARE,GLOBAL_SOFTWARE,NO,0.15924840793672201,0.2984368433392057,0.16956886005895466,1.0,1.0,0.8181818181818182,0.9393939393939393,KLWD,IE00BJGWQN72,GLOBAL_TECHNOLOGY,GLOBAL,SOFTWARE,SOFTWARE,Software,MATURE,0.0,"HISTORICAL UK RETAIL, ACCOUNT AND BROKER ELIGIBILITY REMAIN UNRESOLVED",ABOVE_200,0.10515585681293725,0.1088583468208615,0.14342098011815346,0.0883036428165703,0.391304347826087,0.0434782608695653,23,13,14,9,1,DOMINANT,LOW,0.06713834135169092,0.09589997263067015,0.11111111111111116,0.16666666666666663,NORMAL,LOW,MEDIUM,-0.09302596344161129,-0.09667568494534151,-0.018707865168539062,-0.03407893775737991,-0.03119063324293292,2025-03-03,-0.06183533019867837
2025-02-28,2025-03-03,1.0,EXECUTED,EUROPE_BANKS;CHINA_INTERNET;GLOBAL_GOLD_MINERS;GLOBAL_RETAIL;US_BANKS;GLOBAL_CYBERSECURITY;GLOBAL_SOFTWARE;GLOBAL_SILVER_MINERS;GLOBAL_TRANSPORTATION;GLOBAL_BIOTECHNOLOGY;GLOBAL_AI;GLOBAL_ROBOTICS_AUTOMATION;GLOBAL_INFRASTRUCTURE;GLOBAL_BATTERY_EV;GLOBAL_WATER;GLOBAL_SEMICONDUCTORS;GLOBAL_AGRIBUSINESS;GLOBAL_OIL_GAS;GLOBAL_CLEAN_ENERGY;GLOBAL_GENOMICS;GLOBAL_URANIUM_NUCLEAR;GLOBAL_SOLAR,22,EUROPE_BANKS,CHINA_INTERNET,GLOBAL_GOLD_MINERS,GLOBAL_RETAIL,US_BANKS,EUROPE_BANKS,GLOBAL_SOFTWARE,YES,0.3099519133076889,0.1714084293956557,0.3236169665132005,1.0,0.9545454545454546,0.9545454545454546,0.9696969696969697,S7XP,IE00B3Q19T94,EUROPE_FINANCIALS,EUROPE,BANKS,NOT_APPLICABLE,Banks,MATURE,0.005337787040449141,"HISTORICAL UK RETAIL, ACCOUNT AND BROKER ELIGIBILITY REMAIN UNRESOLVED",ABOVE_200,0.10439400239395516,0.10859860641235283,0.1431794207258334,0.10323493944475522,0.34782608695652173,0.13043478260869565,23,13,14,9,1,NOT_DOMINANT,LOW,0.06749148971843126,0.0956978931303331,0.11111111111111116,0.16666666666666663,HIGH,NORMAL,MEDIUM,0.03261254874158026,0.02845793739304714,-0.05788057479819064,-0.04174521010945065,-0.04535287523577869,2025-04-01,0.07796542397735895
2025-03-31,2025-04-01,1.0,EXECUTED,GLOBAL_GOLD_MINERS;EUROPE_BANKS;GLOBAL_SILVER_MINERS;CHINA_INTERNET;US_BANKS;GLOBAL_RETAIL;GLOBAL_INFRASTRUCTURE;GLOBAL_CYBERSECURITY;GLOBAL_OIL_GAS;GLOBAL_WATER;GLOBAL_AGRIBUSINESS;GLOBAL_TRANSPORTATION;GLOBAL_SOFTWARE;GLOBAL_BIOTECHNOLOGY;GLOBAL_AI;GLOBAL_ROBOTICS_AUTOMATION;GLOBAL_BATTERY_EV;GLOBAL_SEMICONDUCTORS;GLOBAL_CLEAN_ENERGY;GLOBAL_SOLAR;GLOBAL_GENOMICS;GLOBAL_URANIUM_NUCLEAR,22,GLOBAL_GOLD_MINERS,EUROPE_BANKS,GLOBAL_SILVER_MINERS,CHINA_INTERNET,US_BANKS,GLOBAL_GOLD_MINERS,EUROPE_BANKS,YES,0.46410124166182287,0.2366105278506847,0.45268138661502455,1.0,0.9130434782608695,1.0,0.9710144927536231,SPGP,IE00B6R52036,GLOBAL_MATERIALS,GLOBAL,GOLD_MINERS,GOLD_MINERS,Gold Miners,MATURE,0.005488777424400221,"HISTORICAL UK RETAIL, ACCOUNT AND BROKER ELIGIBILITY REMAIN UNRESOLVED",BELOW_OR_EQUAL_200,0.14250587438210913,0.10865284650550244,0.142673721854119,0.17010528682292,0.5,0.21837944664031622,22,12,14,8,1,NOT_DOMINANT,NORMAL,0.06772786360256214,0.09597316345216589,0.11266511266511262,0.16666666666666666,HIGH,HIGH,MEDIUM,0.007298424467099274,0.007298424467099274,-0.01507049100631952,-0.0175047099394936,-0.01919726814434719,2025-05-01,0.026495692611446464
2025-04-30,2025-05-01,1.0,NO_SWITCH_REVIEW,GLOBAL_GOLD_MINERS;EUROPE_BANKS;GLOBAL_CYBERSECURITY;GLOBAL_SILVER_MINERS;CHINA_INTERNET;GLOBAL_RETAIL;GLOBAL_INFRASTRUCTURE;GLOBAL_WATER;GLOBAL_AGRIBUSINESS;US_BANKS;GLOBAL_ROBOTICS_AUTOMATION;GLOBAL_TRANSPORTATION;GLOBAL_SOFTWARE;GLOBAL_BATTERY_EV;GLOBAL_AI;GLOBAL_CLEAN_ENERGY;GLOBAL_BIOTECHNOLOGY;GLOBAL_OIL_GAS;GLOBAL_SEMICONDUCTORS;GLOBAL_SOLAR;GLOBAL_GENOMICS;GLOBAL_URANIUM_NUCLEAR,22,GLOBAL_GOLD_MINERS,EUROPE_BANKS,GLOBAL_CYBERSECURITY,GLOBAL_SILVER_MINERS,CHINA_INTERNET,GLOBAL_GOLD_MINERS,GLOBAL_GOLD_MINERS,NO,0.39722334646648316,0.3018953776799391,0.4960981668174107,0.9565217391304348,0.9130434782608695,1.0,0.9565217391304346,SPGP,IE00B6R52036,GLOBAL_MATERIALS,GLOBAL,GOLD_MINERS,GOLD_MINERS,Gold Miners,MATURE,0.0,"HISTORICAL UK RETAIL, ACCOUNT AND BROKER ELIGIBILITY REMAIN UNRESOLVED",BELOW_OR_EQUAL_200,0.2302764457029621,0.10886418474624743,0.1433120580638479,0.16836840116126336,0.36363636363636365,0.0444664031620553,22,12,14,8,1,NOT_DOMINANT,HIGH,0.06784325281433264,0.09641648644068951,0.1131507381507381,0.16666666666666663,HIGH,LOW,MEDIUM,0.11063829787234014,0.11063829787234014,0.02850444225074078,0.033763090243806415,0.031911884447506145,2025-06-02,0.078726413424834
2025-05-30,2025-06-02,1.0,NO_SWITCH_REVIEW,GLOBAL_GOLD_MINERS;EUROPE_BANKS;GLOBAL_SILVER_MINERS;GLOBAL_CYBERSECURITY;GLOBAL_WATER;GLOBAL_AGRIBUSINESS;GLOBAL_RETAIL;CHINA_INTERNET;GLOBAL_INFRASTRUCTURE;GLOBAL_AI;US_BANKS;GLOBAL_ROBOTICS_AUTOMATION;GLOBAL_BATTERY_EV;GLOBAL_SOFTWARE;GLOBAL_TRANSPORTATION;GLOBAL_SEMICONDUCTORS;GLOBAL_CLEAN_ENERGY;GLOBAL_URANIUM_NUCLEAR;GLOBAL_BIOTECHNOLOGY;GLOBAL_OIL_GAS;GLOBAL_SOLAR;GLOBAL_GENOMICS,22,GLOBAL_GOLD_MINERS,EUROPE_BANKS,GLOBAL_SILVER_MINERS,GLOBAL_CYBERSECURITY,GLOBAL_WATER,GLOBAL_GOLD_MINERS,GLOBAL_GOLD_MINERS,NO,0.26180391882872356,0.4137878995661093,0.40481004913979857,0.9565217391304348,0.9130434782608695,1.0,0.9565217391304346,SPGP,IE00B6R52036,GLOBAL_MATERIALS,GLOBAL,GOLD_MINERS,GOLD_MINERS,Gold Miners,MATURE,0.0,"HISTORICAL UK RETAIL, ACCOUNT AND BROKER ELIGIBILITY REMAIN UNRESOLVED",BELOW_OR_EQUAL_200,0.23898535619216948,0.10892655206471068,0.1441530712592891,0.12536658060237432,0.391304347826087,0.08695652173913043,23,13,14,9,2,NOT_DOMINANT,HIGH,0.06797801940984805,0.09674331960505227,0.11111111111111116,0.16666666666666663,HIGH,LOW,MEDIUM,-0.0449414932173553,-0.04878272632756009,0.03023395320935851,0.047258044640053454,0.05158747527553831,2025-07-01,-0.09652896849289361
2025-06-30,2025-07-01,1.0,EXECUTED,EUROPE_BANKS;GLOBAL_SILVER_MINERS;GLOBAL_GOLD_MINERS;GLOBAL_CYBERSECURITY;GLOBAL_URANIUM_NUCLEAR;US_BANKS;GLOBAL_SEMICONDUCTORS;GLOBAL_WATER;GLOBAL_AI;CHINA_INTERNET;GLOBAL_ROBOTICS_AUTOMATION;GLOBAL_RETAIL;GLOBAL_SOFTWARE;GLOBAL_AGRIBUSINESS;GLOBAL_CLEAN_ENERGY;GLOBAL_BATTERY_EV;GLOBAL_INFRASTRUCTURE;GLOBAL_TRANSPORTATION;GLOBAL_SOLAR;GLOBAL_OIL_GAS;GLOBAL_BIOTECHNOLOGY;GLOBAL_GENOMICS,22,EUROPE_BANKS,GLOBAL_SILVER_MINERS,GLOBAL_GOLD_MINERS,GLOBAL_CYBERSECURITY,GLOBAL_URANIUM_NUCLEAR,EUROPE_BANKS,GLOBAL_GOLD_MINERS,YES,0.058405723739923365,0.49110929705995976,0.41251541568899697,0.7083333333333334,1.0,0.9545454545454546,0.8876262626262625,S7XP,IE00B3Q19T94,EUROPE_FINANCIALS,EUROPE,BANKS,NOT_APPLICABLE,Banks,MATURE,0.005838929273459483,"HISTORICAL UK RETAIL, ACCOUNT AND BROKER ELIGIBILITY REMAIN UNRESOLVED",ABOVE_200,0.22212224630891975,0.10904207144548778,0.1448203619251038,0.09155253406709621,0.7083333333333334,0.18478260869565216,24,14,15,9,2,NOT_DOMINANT,HIGH,0.06810067227185,0.09690616528520207,0.11111111111111116,0.16666666666666663,NORMAL,HIGH,BROAD,0.08651300420495223,0.08651300420495223,0.03330616047513657,0.03973226987417622,0.03747027302173089,2025-08-01,0.04904273118322133
2025-07-31,2025-08-01,1.0,NO_SWITCH_REVIEW,EUROPE_BANKS;GLOBAL_SILVER_MINERS;GLOBAL_SEMICONDUCTORS;GLOBAL_AI;GLOBAL_GOLD_MINERS;GLOBAL_BATTERY_EV;CHINA_INTERNET;GLOBAL_CLEAN_ENERGY;GLOBAL_URANIUM_NUCLEAR;GLOBAL_RETAIL;US_BANKS;GLOBAL_SOLAR;GLOBAL_ROBOTICS_AUTOMATION;GLOBAL_SOFTWARE;GLOBAL_CYBERSECURITY;GLOBAL_WATER;GLOBAL_AGRIBUSINESS;GLOBAL_TRANSPORTATION;GLOBAL_OIL_GAS;GLOBAL_INFRASTRUCTURE;GLOBAL_GENOMICS;GLOBAL_BIOTECHNOLOGY,22,EUROPE_BANKS,GLOBAL_SILVER_MINERS,GLOBAL_SEMICONDUCTORS,GLOBAL_AI,GLOBAL_GOLD_MINERS,EUROPE_BANKS,EUROPE_BANKS,NO,0.0792360714459801,0.4231200853094048,0.4916012873131468,0.75,0.9565217391304348,1.0,0.9021739130434783,S7XP,IE00B3Q19T94,EUROPE_FINANCIALS,EUROPE,BANKS,NOT_APPLICABLE,Banks,MATURE,0.0,"HISTORICAL UK RETAIL, ACCOUNT AND BROKER ELIGIBILITY REMAIN UNRESOLVED",ABOVE_200,0.11427257846319931,0.10920137568409197,0.1449845750657392,0.08708673285382927,0.625,0.18750000000000003,24,14,15,9,2,NOT_DOMINANT,NORMAL,0.06847420343852015,0.09691619230958752,0.11217948717948717,0.16666666666666666,NORMAL,HIGH,MEDIUM,0.052175159463914156,0.04794614060529567,0.02107517186971708,0.05747929862990331,0.0557923930451103,2025-09-01,-0.0036172335811961442
2025-08-29,2025-09-01,1.0,EXECUTED,GLOBAL_SILVER_MINERS;GLOBAL_GOLD_MINERS;GLOBAL_URANIUM_NUCLEAR;GLOBAL_BATTERY_EV;EUROPE_BANKS;GLOBAL_AI;GLOBAL_SEMICONDUCTORS;GLOBAL_SOLAR;CHINA_INTERNET;GLOBAL_CLEAN_ENERGY;US_BANKS;GLOBAL_RETAIL;GLOBAL_SOFTWARE;GLOBAL_AGRIBUSINESS;GLOBAL_ROBOTICS_AUTOMATION;GLOBAL_WATER;GLOBAL_CYBERSECURITY;GLOBAL_TRANSPORTATION;GLOBAL_GENOMICS;GLOBAL_OIL_GAS;GLOBAL_INFRASTRUCTURE;GLOBAL_BIOTECHNOLOGY,22,GLOBAL_SILVER_MINERS,GLOBAL_GOLD_MINERS,GLOBAL_URANIUM_NUCLEAR,GLOBAL_BATTERY_EV,EUROPE_BANKS,GLOBAL_SILVER_MINERS,EUROPE_BANKS,YES,0.17793914162242763,0.5020283711342479,0.573124051290721,0.88,1.0,1.0,0.96,SILG,IE000UL6CLP7,GLOBAL_MATERIALS,GLOBAL,SILVER_MINERS,SILVER_MINERS,Silver Miners,DEVELOPING,0.006643804275113221,"HISTORICAL UK RETAIL, ACCOUNT AND BROKER ELIGIBILITY REMAIN UNRESOLVED",ABOVE_200,0.08950797640515114,0.10904193059159746,0.14451599541015292,0.0817176153553612,0.68,0.12250000000000005,25,14,16,9,2,NOT_DOMINANT,LOW,0.06879653984507869,0.09677564752581508,0.1136363636363636,0.16666666666666666,NORMAL,NORMAL,BROAD,0.21798595981602498,0.21798595981602498,0.03719646799117027,0.07856370636439536,0.07207477804222706,2025-10-01,0.14591118177379792
2025-09-30,2025-10-01,1.0,NO_SWITCH_REVIEW,GLOBAL_SILVER_MINERS;GLOBAL_GOLD_MINERS;GLOBAL_BATTERY_EV;GLOBAL_URANIUM_NUCLEAR;GLOBAL_AEROSPACE_DEFENCE;GLOBAL_AI;EUROPE_BANKS;GLOBAL_SEMICONDUCTORS;GLOBAL_CLEAN_ENERGY;GLOBAL_SOFTWARE;CHINA_INTERNET;GLOBAL_RETAIL;GLOBAL_SOLAR;US_BANKS;GLOBAL_ROBOTICS_AUTOMATION;GLOBAL_CYBERSECURITY;GLOBAL_GENOMICS;GLOBAL_TRANSPORTATION;GLOBAL_AGRIBUSINESS;GLOBAL_BIOTECHNOLOGY;GLOBAL_WATER;GLOBAL_INFRASTRUCTURE;GLOBAL_OIL_GAS,23,GLOBAL_SILVER_MINERS,GLOBAL_GOLD_MINERS,GLOBAL_BATTERY_EV,GLOBAL_URANIUM_NUCLEAR,GLOBAL_AEROSPACE_DEFENCE,GLOBAL_SILVER_MINERS,GLOBAL_SILVER_MINERS,NO,0.4054825817508467,0.5564410681348522,0.7862963725471344,1.0,0.9583333333333334,1.0,0.9861111111111109,SILG,IE000UL6CLP7,GLOBAL_MATERIALS,GLOBAL,SILVER_MINERS,SILVER_MINERS,Silver Miners,DEVELOPING,0.0,"HISTORICAL UK RETAIL, ACCOUNT AND BROKER ELIGIBILITY REMAIN UNRESOLVED",ABOVE_200,0.08734183649831372,0.10887452015558984,0.14429705962100614,0.12222416013812269,0.72,0.08000000000000002,25,14,16,9,1,NOT_DOMINANT,LOW,0.06932274516504724,0.09675948356543368,0.11363636363636359,0.16666666666666666,HIGH,LOW,BROAD,-0.07621981516446419,-0.07621981516446419,0.04490794934553599,0.04102835630056112,0.04607410056012329,2025-11-03,-0.12229391572458748
2025-10-31,2025-11-03,1.0,NO_SWITCH_REVIEW,GLOBAL_SILVER_MINERS;GLOBAL_URANIUM_NUCLEAR;GLOBAL_BATTERY_EV;GLOBAL_GOLD_MINERS;GLOBAL_SEMICONDUCTORS;GLOBAL_AI;GLOBAL_CLEAN_ENERGY;GLOBAL_SOLAR;GLOBAL_AEROSPACE_DEFENCE;GLOBAL_SOFTWARE;EUROPE_BANKS;GLOBAL_GENOMICS;GLOBAL_ROBOTICS_AUTOMATION;CHINA_INTERNET;US_BANKS;GLOBAL_BIOTECHNOLOGY;GLOBAL_RETAIL;GLOBAL_CYBERSECURITY;GLOBAL_TRANSPORTATION;GLOBAL_WATER;GLOBAL_AGRIBUSINESS;GLOBAL_OIL_GAS;GLOBAL_INFRASTRUCTURE,23,GLOBAL_SILVER_MINERS,GLOBAL_URANIUM_NUCLEAR,GLOBAL_BATTERY_EV,GLOBAL_GOLD_MINERS,GLOBAL_SEMICONDUCTORS,GLOBAL_SILVER_MINERS,GLOBAL_SILVER_MINERS,NO,0.28156859892455377,0.41539270606110557,0.46989931512451566,0.92,0.9583333333333334,0.9130434782608695,0.9304589371980676,SILG,IE000UL6CLP7,GLOBAL_MATERIALS,GLOBAL,SILVER_MINERS,SILVER_MINERS,Silver Miners,DEVELOPING,0.0,"HISTORICAL UK RETAIL, ACCOUNT AND BROKER ELIGIBILITY REMAIN UNRESOLVED",ABOVE_200,0.0800887251457577,0.10847648468713224,0.14395413261895385,0.13511172635804405,0.6,0.12,25,16,16,9,1,NOT_DOMINANT,LOW,0.06968446104460314,0.09700653731158278,0.11182336182336182,0.16666666666666663,HIGH,NORMAL,MEDIUM,0.20309810671256523,0.20309810671256523,-0.006619818718810566,-0.0034043921537532107,-0.012128149332785942,2025-12-01,0.21522625604535117
2025-11-28,2025-12-01,1.0,NO_SWITCH_REVIEW,GLOBAL_SILVER_MINERS;GLOBAL_GOLD_MINERS;GLOBAL_BATTERY_EV;GLOBAL_SEMICONDUCTORS;GLOBAL_SOLAR;GLOBAL_CLEAN_ENERGY;GLOBAL_BIOTECHNOLOGY;EUROPE_BANKS;GLOBAL_GENOMICS;GLOBAL_URANIUM_NUCLEAR;GLOBAL_AI;US_BANKS;GLOBAL_ROBOTICS_AUTOMATION;GLOBAL_AEROSPACE_DEFENCE;CHINA_INTERNET;GLOBAL_SOFTWARE;GLOBAL_INFRASTRUCTURE;GLOBAL_RETAIL;GLOBAL_OIL_GAS;GLOBAL_CYBERSECURITY;GLOBAL_AGRIBUSINESS;GLOBAL_WATER;GLOBAL_TRANSPORTATION,23,GLOBAL_SILVER_MINERS,GLOBAL_GOLD_MINERS,GLOBAL_BATTERY_EV,GLOBAL_SEMICONDUCTORS,GLOBAL_SOLAR,GLOBAL_SILVER_MINERS,GLOBAL_SILVER_MINERS,NO,0.22913309855260433,0.5110646093706406,0.8867815496972111,0.96,1.0,0.9565217391304348,0.9721739130434782,SILG,IE000UL6CLP7,GLOBAL_MATERIALS,GLOBAL,SILVER_MINERS,SILVER_MINERS,Silver Miners,DEVELOPING,0.0,"HISTORICAL UK RETAIL, ACCOUNT AND BROKER ELIGIBILITY REMAIN UNRESOLVED",ABOVE_200,0.11397058526907891,0.1082892130706524,0.14342098011815346,0.11108354210220492,0.52,0.16,25,16,16,9,1,NOT_DOMINANT,NORMAL,0.06995200643728886,0.09714029997688879,0.11111111111111116,0.16666666666666663,HIGH,NORMAL,MEDIUM,0.03433476394849788,0.03433476394849788,-0.006766454787780041,0.007846042860612412,0.00645191312520943,2026-01-02,0.027882850823288452
2025-12-31,2026-01-02,1.0,NO_SWITCH_REVIEW,GLOBAL_SILVER_MINERS;GLOBAL_GOLD_MINERS;GLOBAL_BATTERY_EV;EUROPE_BANKS;GLOBAL_SEMICONDUCTORS;GLOBAL_SOLAR;GLOBAL_GENOMICS;GLOBAL_BIOTECHNOLOGY;GLOBAL_CLEAN_ENERGY;US_BANKS;GLOBAL_AEROSPACE_DEFENCE;GLOBAL_URANIUM_NUCLEAR;GLOBAL_ROBOTICS_AUTOMATION;GLOBAL_AI;CHINA_INTERNET;GLOBAL_AGRIBUSINESS;GLOBAL_TRANSPORTATION;GLOBAL_RETAIL;GLOBAL_OIL_GAS;GLOBAL_INFRASTRUCTURE;GLOBAL_SOFTWARE;GLOBAL_WATER;GLOBAL_CYBERSECURITY,23,GLOBAL_SILVER_MINERS,GLOBAL_GOLD_MINERS,GLOBAL_BATTERY_EV,EUROPE_BANKS,GLOBAL_SEMICONDUCTORS,GLOBAL_SILVER_MINERS,GLOBAL_SILVER_MINERS,NO,0.1435902071569244,0.6110872546799822,1.1494256063044541,1.0,1.0,0.9565217391304348,0.9855072463768115,SILG,IE000UL6CLP7,GLOBAL_MATERIALS,GLOBAL,SILVER_MINERS,SILVER_MINERS,Silver Miners,DEVELOPING,0.0,"HISTORICAL UK RETAIL, ACCOUNT AND BROKER ELIGIBILITY REMAIN UNRESOLVED",ABOVE_200,0.1127351718882254,0.10841422955885324,0.14322034483824225,0.11005991378230542,0.4,0.08000000000000007,25,16,16,9,1,NOT_DOMINANT,NORMAL,0.0701726900828454,0.09752120870033218,0.11266511266511262,0.16666666666666663,HIGH,LOW,MEDIUM,0.13174273858921204,0.13174273858921204,0.01218001651527656,0.04042234662137112,0.03570458070143445,2026-02-02,0.09603815788777759
2026-01-30,2026-02-02,1.0,NO_SWITCH_REVIEW,GLOBAL_SILVER_MINERS;GLOBAL_GOLD_MINERS;GLOBAL_URANIUM_NUCLEAR;GLOBAL_BATTERY_EV;EUROPE_BANKS;GLOBAL_SEMICONDUCTORS;GLOBAL_SOLAR;GLOBAL_AEROSPACE_DEFENCE;GLOBAL_CLEAN_ENERGY;GLOBAL_GENOMICS;GLOBAL_AGRIBUSINESS;GLOBAL_BIOTECHNOLOGY;GLOBAL_OIL_GAS;US_BANKS;CHINA_INTERNET;GLOBAL_WATER;GLOBAL_ROBOTICS_AUTOMATION;GLOBAL_INFRASTRUCTURE;GLOBAL_TRANSPORTATION;GLOBAL_AI;GLOBAL_RETAIL;GLOBAL_CYBERSECURITY;GLOBAL_SOFTWARE,23,GLOBAL_SILVER_MINERS,GLOBAL_GOLD_MINERS,GLOBAL_URANIUM_NUCLEAR,GLOBAL_BATTERY_EV,EUROPE_BANKS,GLOBAL_SILVER_MINERS,GLOBAL_SILVER_MINERS,NO,0.4700845506821263,0.916920684512599,1.5008956098394748,1.0,1.0,1.0,1.0,SILG,IE000UL6CLP7,GLOBAL_MATERIALS,GLOBAL,SILVER_MINERS,SILVER_MINERS,Silver Miners,DEVELOPING,0.0,"HISTORICAL UK RETAIL, ACCOUNT AND BROKER ELIGIBILITY REMAIN UNRESOLVED",ABOVE_200,0.1078833283630961,0.10847259128654074,0.1426803402529666,0.1458799307154442,0.68,0.16,25,16,16,9,1,NOT_DOMINANT,LOW,0.07053177197484746,0.0975497325791061,0.11217948717948717,0.16666666666666663,HIGH,NORMAL,BROAD,0.2563397494653221,0.2563397494653219,0.014378951662247674,0.02754942120845727,0.017805327316084307,2026-03-02,0.2385344221492378
2026-02-27,2026-03-02,1.0,NO_SWITCH_REVIEW,GLOBAL_SILVER_MINERS;GLOBAL_GOLD_MINERS;GLOBAL_URANIUM_NUCLEAR;GLOBAL_BATTERY_EV;GLOBAL_SEMICONDUCTORS;GLOBAL_AEROSPACE_DEFENCE;GLOBAL_CLEAN_ENERGY;GLOBAL_SOLAR;EUROPE_BANKS;GLOBAL_OIL_GAS;GLOBAL_AGRIBUSINESS;GLOBAL_GENOMICS;GLOBAL_INFRASTRUCTURE;GLOBAL_WATER;GLOBAL_ROBOTICS_AUTOMATION;GLOBAL_BIOTECHNOLOGY;US_BANKS;GLOBAL_TRANSPORTATION;GLOBAL_AI;CHINA_INTERNET;GLOBAL_RETAIL;GLOBAL_SOFTWARE;GLOBAL_CYBERSECURITY,23,GLOBAL_SILVER_MINERS,GLOBAL_GOLD_MINERS,GLOBAL_URANIUM_NUCLEAR,GLOBAL_BATTERY_EV,GLOBAL_SEMICONDUCTORS,GLOBAL_SILVER_MINERS,GLOBAL_SILVER_MINERS,NO,0.5480560355104,0.8366261431936208,1.9318071894354798,1.0,1.0,1.0,1.0,SILG,IE000UL6CLP7,GLOBAL_MATERIALS,GLOBAL,SILVER_MINERS,SILVER_MINERS,Silver Miners,DEVELOPING,0.0,"HISTORICAL UK RETAIL, ACCOUNT AND BROKER ELIGIBILITY REMAIN UNRESOLVED",ABOVE_200,0.08293831179900617,0.10828671219949462,0.14243017965498989,0.17746821968722384,0.68,0.07999999999999999,25,16,16,9,2,NOT_DOMINANT,LOW,0.07128551754280955,0.09817347986533301,0.11266511266511262,0.16666666666666663,HIGH,LOW,BROAD,-0.17144941634241317,-0.17477335777660286,-0.03357796320498663,-0.031859857062335184,-0.025568900091562985,2026-04-01,-0.1458805162508502
2026-03-31,2026-04-01,1.0,EXECUTED,GLOBAL_OIL_GAS;GLOBAL_URANIUM_NUCLEAR;GLOBAL_BATTERY_EV;GLOBAL_SILVER_MINERS;GLOBAL_SOLAR;GLOBAL_CLEAN_ENERGY;GLOBAL_AGRIBUSINESS;GLOBAL_GOLD_MINERS;GLOBAL_SEMICONDUCTORS;GLOBAL_AEROSPACE_DEFENCE;GLOBAL_INFRASTRUCTURE;GLOBAL_GENOMICS;EUROPE_AEROSPACE_DEFENCE;GLOBAL_BIOTECHNOLOGY;EUROPE_BANKS;GLOBAL_WATER;US_BANKS;GLOBAL_ROBOTICS_AUTOMATION;GLOBAL_TRANSPORTATION;GLOBAL_AI;GLOBAL_CYBERSECURITY;GLOBAL_SOFTWARE;GLOBAL_RETAIL;CHINA_INTERNET,24,GLOBAL_OIL_GAS,GLOBAL_URANIUM_NUCLEAR,GLOBAL_BATTERY_EV,GLOBAL_SILVER_MINERS,GLOBAL_SOLAR,GLOBAL_OIL_GAS,GLOBAL_SILVER_MINERS,YES,0.4679508634328877,0.45271919113737424,0.18686450107775232,1.0,1.0,0.6666666666666666,0.8888888888888888,SPOG,IE00B6R51Z18,GLOBAL_ENERGY,GLOBAL,OIL_AND_GAS,OIL_AND_GAS,Oil & Gas,MATURE,0.010894252588065593,"HISTORICAL UK RETAIL, ACCOUNT AND BROKER ELIGIBILITY REMAIN UNRESOLVED",BELOW_OR_EQUAL_200,0.10940589690553297,0.10791623317251325,0.14202957634041577,0.14893910653675108,0.52,0.08000000000000002,25,16,16,9,2,NOT_DOMINANT,NORMAL,0.07145845987499237,0.09888314815740204,0.11182336182336182,0.16666666666666663,HIGH,LOW,MEDIUM,-0.023880597014924843,-0.02779687635388306,0.05908665349006559,0.03072240801941506,0.03262288064511876,2026-05-01,-0.0565034776600436
2026-04-30,2026-05-01,1.0,EXECUTED,GLOBAL_SEMICONDUCTORS;GLOBAL_BATTERY_EV;GLOBAL_OIL_GAS;GLOBAL_CLEAN_ENERGY;GLOBAL_SOLAR;GLOBAL_ROBOTICS_AUTOMATION;GLOBAL_AGRIBUSINESS;GLOBAL_SILVER_MINERS;GLOBAL_GOLD_MINERS;EUROPE_BANKS;GLOBAL_INFRASTRUCTURE;GLOBAL_URANIUM_NUCLEAR;US_BANKS;GLOBAL_GENOMICS;GLOBAL_BIOTECHNOLOGY;GLOBAL_WATER;GLOBAL_AI;GLOBAL_AEROSPACE_DEFENCE;GLOBAL_SOFTWARE;EUROPE_AEROSPACE_DEFENCE;GLOBAL_TRANSPORTATION;GLOBAL_CYBERSECURITY;GLOBAL_RETAIL;CHINA_INTERNET,24,GLOBAL_SEMICONDUCTORS,GLOBAL_BATTERY_EV,GLOBAL_OIL_GAS,GLOBAL_CLEAN_ENERGY,GLOBAL_SOLAR,GLOBAL_SEMICONDUCTORS,GLOBAL_OIL_GAS,YES,0.19818597393801562,0.35089844931751535,0.9150691272306448,1.0,0.96,1.0,0.9866666666666666,SMGB,IE00BMC38736,GLOBAL_TECHNOLOGY,GLOBAL,SEMICONDUCTORS,SEMICONDUCTORS,Semiconductors,MATURE,0.010592317235558988,"HISTORICAL UK RETAIL, ACCOUNT AND BROKER ELIGIBILITY REMAIN UNRESOLVED",ABOVE_200,0.12077628363276455,0.1080864174875844,0.1418303822661466,0.11121737177763409,0.36,0.16000000000000003,25,16,16,9,2,NOT_DOMINANT,NORMAL,0.07161838863109218,0.09891655161181113,0.11217948717948717,0.16666666666666663,HIGH,NORMAL,MEDIUM,0.2424726614787316,0.2424726614787316,0.05048619978391078,0.03389999855076975,0.02633684078473708,2026-06-01,0.2161358206939945
2026-05-29,2026-06-01,1.0,NO_SWITCH_REVIEW,GLOBAL_SEMICONDUCTORS;GLOBAL_QUANTUM_COMPUTING;GLOBAL_SOLAR;GLOBAL_BATTERY_EV;GLOBAL_CLEAN_ENERGY;GLOBAL_ROBOTICS_AUTOMATION;GLOBAL_AI;GLOBAL_CYBERSECURITY;GLOBAL_OIL_GAS;GLOBAL_SILVER_MINERS;GLOBAL_SOFTWARE;EUROPE_BANKS;GLOBAL_GENOMICS;GLOBAL_URANIUM_NUCLEAR;GLOBAL_BIOTECHNOLOGY;GLOBAL_GOLD_MINERS;GLOBAL_AGRIBUSINESS;EUROPE_AEROSPACE_DEFENCE;US_BANKS;GLOBAL_TRANSPORTATION;GLOBAL_AEROSPACE_DEFENCE;GLOBAL_INFRASTRUCTURE;GLOBAL_RETAIL;GLOBAL_WATER;CHINA_INTERNET,25,GLOBAL_SEMICONDUCTORS,GLOBAL_QUANTUM_COMPUTING,GLOBAL_SOLAR,GLOBAL_BATTERY_EV,GLOBAL_CLEAN_ENERGY,GLOBAL_SEMICONDUCTORS,GLOBAL_SEMICONDUCTORS,NO,0.3775152409620295,0.7008151875066806,1.1168502881874236,1.0,1.0,1.0,1.0,SMGB,IE00BMC38736,GLOBAL_TECHNOLOGY,GLOBAL,SEMICONDUCTORS,SEMICONDUCTORS,Semiconductors,MATURE,0.0,"HISTORICAL UK RETAIL, ACCOUNT AND BROKER ELIGIBILITY REMAIN UNRESOLVED",ABOVE_200,0.12064261788750054,0.10828673651210259,0.14141795150530853,0.18157543107935423,0.34615384615384615,0.20461538461538462,26,16,17,9,2,DOMINANT,NORMAL,0.07180975217131717,0.09980153210581914,0.1136363636363636,0.16666666666666663,HIGH,HIGH,MEDIUM,0.07877121683002652,0.07877121683002652,0.009443665264141865,-0.017073214581951435,-0.02121898585559423,2026-07-01,0.09999020268562075
2026-06-30,2026-07-01,1.0,NO_SWITCH_REVIEW,GLOBAL_SEMICONDUCTORS;GLOBAL_QUANTUM_COMPUTING;GLOBAL_GENOMICS;GLOBAL_ROBOTICS_AUTOMATION;GLOBAL_BATTERY_EV;GLOBAL_CYBERSECURITY;GLOBAL_BIOTECHNOLOGY;GLOBAL_CLEAN_ENERGY;GLOBAL_SOLAR;EUROPE_BANKS;GLOBAL_AI;US_BANKS;GLOBAL_SOFTWARE;GLOBAL_INFRASTRUCTURE;GLOBAL_SILVER_MINERS;GLOBAL_OIL_GAS;GLOBAL_URANIUM_NUCLEAR;GLOBAL_AGRIBUSINESS;GLOBAL_WATER;GLOBAL_GOLD_MINERS;GLOBAL_TRANSPORTATION;EUROPE_AEROSPACE_DEFENCE;GLOBAL_RETAIL;GLOBAL_AEROSPACE_DEFENCE;CHINA_INTERNET,25,GLOBAL_SEMICONDUCTORS,GLOBAL_QUANTUM_COMPUTING,GLOBAL_GENOMICS,GLOBAL_ROBOTICS_AUTOMATION,GLOBAL_BATTERY_EV,GLOBAL_SEMICONDUCTORS,GLOBAL_SEMICONDUCTORS,NO,0.6162245674234634,0.8211269285958334,1.189602515672727,1.0,1.0,1.0,1.0,SMGB,IE00BMC38736,GLOBAL_TECHNOLOGY,GLOBAL,SEMICONDUCTORS,SEMICONDUCTORS,Semiconductors,MATURE,0.0,"HISTORICAL UK RETAIL, ACCOUNT AND BROKER ELIGIBILITY REMAIN UNRESOLVED",ABOVE_200,0.11178633517603687,0.1084129988178524,0.1412679870282998,0.17946135232182434,0.38461538461538464,0.13461538461538464,26,16,17,9,1,DOMINANT,NORMAL,0.07194925098589279,0.10021388966353885,0.11363636363636365,0.16666666666666663,HIGH,NORMAL,MEDIUM,-0.16387811634349014,-0.16387811634349014,0.0006483882919596784,-0.01576875736619676,-0.009491998349451358,2026-08-03,-0.15438611799403879
2026-07-31,2026-08-03,1.0,NO_SWITCH_REVIEW,GLOBAL_SEMICONDUCTORS;GLOBAL_GENOMICS;GLOBAL_BIOTECHNOLOGY;GLOBAL_CYBERSECURITY;EUROPE_BANKS;GLOBAL_ROBOTICS_AUTOMATION;GLOBAL_QUANTUM_COMPUTING;GLOBAL_SOFTWARE;US_BANKS;GLOBAL_OIL_GAS;GLOBAL_TRANSPORTATION;GLOBAL_INFRASTRUCTURE;GLOBAL_AI;GLOBAL_BATTERY_EV;GLOBAL_SILVER_MINERS;GLOBAL_AGRIBUSINESS;GLOBAL_WATER;EUROPE_AEROSPACE_DEFENCE;GLOBAL_RETAIL;GLOBAL_CLEAN_ENERGY;GLOBAL_SOLAR;GLOBAL_GOLD_MINERS;CHINA_INTERNET;GLOBAL_AEROSPACE_DEFENCE;GLOBAL_URANIUM_NUCLEAR,25,GLOBAL_SEMICONDUCTORS,GLOBAL_GENOMICS,GLOBAL_BIOTECHNOLOGY,GLOBAL_CYBERSECURITY,EUROPE_BANKS,GLOBAL_SEMICONDUCTORS,GLOBAL_SEMICONDUCTORS,NO,0.08014106201213389,0.29603390256441475,0.763247889411061,0.8076923076923077,1.0,1.0,0.9358974358974359,SMGB,IE00BMC38736,GLOBAL_TECHNOLOGY,GLOBAL,SEMICONDUCTORS,SEMICONDUCTORS,Semiconductors,MATURE,0.0,"HISTORICAL UK RETAIL, ACCOUNT AND BROKER ELIGIBILITY REMAIN UNRESOLVED",ABOVE_200,0.10077130417309933,0.10806525755761916,0.1408579682612358,0.13668776314458214,0.38461538461538464,0.17307692307692304,26,16,17,9,2,NOT_DOMINANT,LOW,0.0720489022018539,0.10066510775106856,0.11363636363636363,0.16666666666666663,HIGH,HIGH,MEDIUM,,,,,,,
2026-08-21,,,CANCELLED_PANEL_END_NO_EXECUTION_SESSION,GLOBAL_GENOMICS;GLOBAL_BIOTECHNOLOGY;GLOBAL_SOFTWARE;GLOBAL_GOLD_MINERS;GLOBAL_CYBERSECURITY;GLOBAL_SEMICONDUCTORS;EUROPE_BANKS;GLOBAL_ROBOTICS_AUTOMATION;GLOBAL_OIL_GAS;GLOBAL_SILVER_MINERS;US_BANKS;GLOBAL_QUANTUM_COMPUTING;GLOBAL_TRANSPORTATION;GLOBAL_RETAIL;GLOBAL_AI;GLOBAL_BATTERY_EV;GLOBAL_AGRIBUSINESS;EUROPE_AEROSPACE_DEFENCE;GLOBAL_CLEAN_ENERGY;GLOBAL_WATER;GLOBAL_URANIUM_NUCLEAR;GLOBAL_INFRASTRUCTURE;GLOBAL_AEROSPACE_DEFENCE;GLOBAL_SOLAR;CHINA_INTERNET,25,GLOBAL_GENOMICS,GLOBAL_BIOTECHNOLOGY,GLOBAL_SOFTWARE,GLOBAL_GOLD_MINERS,GLOBAL_CYBERSECURITY,GLOBAL_GENOMICS,GLOBAL_SEMICONDUCTORS,YES,0.3745935616962699,0.283715590636167,0.4980921558327329,1.0,0.9230769230769231,0.92,0.9476923076923076,ARCG,IE000O5M6XO1,GLOBAL_BIOTECHNOLOGY,GLOBAL,BIOTECHNOLOGY,GENOMICS,Genomics,DEVELOPING,0.0,"HISTORICAL UK RETAIL, ACCOUNT AND BROKER ELIGIBILITY REMAIN UNRESOLVED",ABOVE_200,0.10155185242327261,0.10785365943473586,0.140716432175726,0.14012444260759102,0.5384615384615384,0.13461538461538464,26,16,17,9,2,DOMINANT,LOW,0.07206203634419521,0.10085893456950985,0.11363636363636365,0.16666666666666663,HIGH,NORMAL,MEDIUM,,,,,,,
