module_id,diagnostic_type,window_end,window_return,positive,warning,omitted_year
A4_BASELINE_MONTHLY,ROLLING_12M,2022-09-30,0.11813518613957052,True,"HISTORICAL UK RETAIL, ISA, ACCOUNT AND BROKER ELIGIBILITY REMAIN PARTLY UNRESOLVED",
A4_BASELINE_MONTHLY,ROLLING_12M,2022-10-31,0.17265711199195355,True,"HISTORICAL UK RETAIL, ISA, ACCOUNT AND BROKER ELIGIBILITY REMAIN PARTLY UNRESOLVED",
A4_BASELINE_MONTHLY,ROLLING_12M,2022-11-30,0.17168494337360118,True,"HISTORICAL UK RETAIL, ISA, ACCOUNT AND BROKER ELIGIBILITY REMAIN PARTLY UNRESOLVED",
A4_BASELINE_MONTHLY,ROLLING_12M,2022-12-30,0.23951446312967883,True,"HISTORICAL UK RETAIL, ISA, ACCOUNT AND BROKER ELIGIBILITY REMAIN PARTLY UNRESOLVED",
A4_BASELINE_MONTHLY,ROLLING_12M,2023-01-31,0.6283998228109235,True,"HISTORICAL UK RETAIL, ISA, ACCOUNT AND BROKER ELIGIBILITY REMAIN PARTLY UNRESOLVED",
A4_BASELINE_MONTHLY,ROLLING_12M,2023-02-28,0.6569939935528579,True,"HISTORICAL UK RETAIL, ISA, ACCOUNT AND BROKER ELIGIBILITY REMAIN PARTLY UNRESOLVED",
A4_BASELINE_MONTHLY,ROLLING_12M,2023-03-31,0.256292356934106,True,"HISTORICAL UK RETAIL, ISA, ACCOUNT AND BROKER ELIGIBILITY REMAIN PARTLY UNRESOLVED",
A4_BASELINE_MONTHLY,ROLLING_12M,2023-04-28,0.13704348149540913,True,"HISTORICAL UK RETAIL, ISA, ACCOUNT AND BROKER ELIGIBILITY REMAIN PARTLY UNRESOLVED",
A4_BASELINE_MONTHLY,ROLLING_12M,2023-05-31,0.17711091517913968,True,"HISTORICAL UK RETAIL, ISA, ACCOUNT AND BROKER ELIGIBILITY REMAIN PARTLY UNRESOLVED",
A4_BASELINE_MONTHLY,ROLLING_12M,2023-06-30,0.4429244815766733,True,"HISTORICAL UK RETAIL, ISA, ACCOUNT AND BROKER ELIGIBILITY REMAIN PARTLY UNRESOLVED",
A4_BASELINE_MONTHLY,ROLLING_12M,2023-07-31,0.38925723590483274,True,"HISTORICAL UK RETAIL, ISA, ACCOUNT AND BROKER ELIGIBILITY REMAIN PARTLY UNRESOLVED",
A4_BASELINE_MONTHLY,ROLLING_12M,2023-08-31,0.23546070378913497,True,"HISTORICAL UK RETAIL, ISA, ACCOUNT AND BROKER ELIGIBILITY REMAIN PARTLY UNRESOLVED",
A4_BASELINE_MONTHLY,ROLLING_12M,2023-09-29,0.33274776607962675,True,"HISTORICAL UK RETAIL, ISA, ACCOUNT AND BROKER ELIGIBILITY REMAIN PARTLY UNRESOLVED",
A4_BASELINE_MONTHLY,ROLLING_12M,2023-10-31,0.20463417958997354,True,"HISTORICAL UK RETAIL, ISA, ACCOUNT AND BROKER ELIGIBILITY REMAIN PARTLY UNRESOLVED",
A4_BASELINE_MONTHLY,ROLLING_12M,2023-11-30,0.23614090366539742,True,"HISTORICAL UK RETAIL, ISA, ACCOUNT AND BROKER ELIGIBILITY REMAIN PARTLY UNRESOLVED",
A4_BASELINE_MONTHLY,ROLLING_12M,2023-12-29,0.2237811184104137,True,"HISTORICAL UK RETAIL, ISA, ACCOUNT AND BROKER ELIGIBILITY REMAIN PARTLY UNRESOLVED",
A4_BASELINE_MONTHLY,ROLLING_12M,2024-01-31,0.013268822738338404,True,"HISTORICAL UK RETAIL, ISA, ACCOUNT AND BROKER ELIGIBILITY REMAIN PARTLY UNRESOLVED",
A4_BASELINE_MONTHLY,ROLLING_12M,2024-02-29,0.05310243525993408,True,"HISTORICAL UK RETAIL, ISA, ACCOUNT AND BROKER ELIGIBILITY REMAIN PARTLY UNRESOLVED",
A4_BASELINE_MONTHLY,ROLLING_12M,2024-03-28,0.2825927581065142,True,"HISTORICAL UK RETAIL, ISA, ACCOUNT AND BROKER ELIGIBILITY REMAIN PARTLY UNRESOLVED",
A4_BASELINE_MONTHLY,ROLLING_12M,2024-04-30,0.33364295409134637,True,"HISTORICAL UK RETAIL, ISA, ACCOUNT AND BROKER ELIGIBILITY REMAIN PARTLY UNRESOLVED",
A4_BASELINE_MONTHLY,ROLLING_12M,2024-05-31,0.12740821202585173,True,"HISTORICAL UK RETAIL, ISA, ACCOUNT AND BROKER ELIGIBILITY REMAIN PARTLY UNRESOLVED",
A4_BASELINE_MONTHLY,ROLLING_12M,2024-06-28,0.022738570500609123,True,"HISTORICAL UK RETAIL, ISA, ACCOUNT AND BROKER ELIGIBILITY REMAIN PARTLY UNRESOLVED",
A4_BASELINE_MONTHLY,ROLLING_12M,2024-07-31,-0.06223395410692445,False,"HISTORICAL UK RETAIL, ISA, ACCOUNT AND BROKER ELIGIBILITY REMAIN PARTLY UNRESOLVED",
A4_BASELINE_MONTHLY,ROLLING_12M,2024-08-30,-0.06898794145242249,False,"HISTORICAL UK RETAIL, ISA, ACCOUNT AND BROKER ELIGIBILITY REMAIN PARTLY UNRESOLVED",
A4_BASELINE_MONTHLY,ROLLING_12M,2024-09-30,-0.03399177411203458,False,"HISTORICAL UK RETAIL, ISA, ACCOUNT AND BROKER ELIGIBILITY REMAIN PARTLY UNRESOLVED",
A4_BASELINE_MONTHLY,ROLLING_12M,2024-10-31,0.022867440771152214,True,"HISTORICAL UK RETAIL, ISA, ACCOUNT AND BROKER ELIGIBILITY REMAIN PARTLY UNRESOLVED",
A4_BASELINE_MONTHLY,ROLLING_12M,2024-11-29,-0.017973164011335863,False,"HISTORICAL UK RETAIL, ISA, ACCOUNT AND BROKER ELIGIBILITY REMAIN PARTLY UNRESOLVED",
A4_BASELINE_MONTHLY,ROLLING_12M,2024-12-31,-0.08006747362080069,False,"HISTORICAL UK RETAIL, ISA, ACCOUNT AND BROKER ELIGIBILITY REMAIN PARTLY UNRESOLVED",
A4_BASELINE_MONTHLY,ROLLING_12M,2025-01-31,0.05076278464982864,True,"HISTORICAL UK RETAIL, ISA, ACCOUNT AND BROKER ELIGIBILITY REMAIN PARTLY UNRESOLVED",
A4_BASELINE_MONTHLY,ROLLING_12M,2025-02-28,-0.1548557064683298,False,"HISTORICAL UK RETAIL, ISA, ACCOUNT AND BROKER ELIGIBILITY REMAIN PARTLY UNRESOLVED",
A4_BASELINE_MONTHLY,ROLLING_12M,2025-03-31,-0.186913818395964,False,"HISTORICAL UK RETAIL, ISA, ACCOUNT AND BROKER ELIGIBILITY REMAIN PARTLY UNRESOLVED",
A4_BASELINE_MONTHLY,ROLLING_12M,2025-04-30,-0.11421336056161902,False,"HISTORICAL UK RETAIL, ISA, ACCOUNT AND BROKER ELIGIBILITY REMAIN PARTLY UNRESOLVED",
A4_BASELINE_MONTHLY,ROLLING_12M,2025-05-30,-0.1164838378878762,False,"HISTORICAL UK RETAIL, ISA, ACCOUNT AND BROKER ELIGIBILITY REMAIN PARTLY UNRESOLVED",
A4_BASELINE_MONTHLY,ROLLING_12M,2025-06-30,-0.03684020741619509,False,"HISTORICAL UK RETAIL, ISA, ACCOUNT AND BROKER ELIGIBILITY REMAIN PARTLY UNRESOLVED",
A4_BASELINE_MONTHLY,ROLLING_12M,2025-07-31,0.14299274401815065,True,"HISTORICAL UK RETAIL, ISA, ACCOUNT AND BROKER ELIGIBILITY REMAIN PARTLY UNRESOLVED",
A4_BASELINE_MONTHLY,ROLLING_12M,2025-08-29,0.18379007193069619,True,"HISTORICAL UK RETAIL, ISA, ACCOUNT AND BROKER ELIGIBILITY REMAIN PARTLY UNRESOLVED",
A4_BASELINE_MONTHLY,ROLLING_12M,2025-09-30,0.41687871777157137,True,"HISTORICAL UK RETAIL, ISA, ACCOUNT AND BROKER ELIGIBILITY REMAIN PARTLY UNRESOLVED",
A4_BASELINE_MONTHLY,ROLLING_12M,2025-10-31,0.2759011276943768,True,"HISTORICAL UK RETAIL, ISA, ACCOUNT AND BROKER ELIGIBILITY REMAIN PARTLY UNRESOLVED",
A4_BASELINE_MONTHLY,ROLLING_12M,2025-11-28,0.5540652084524587,True,"HISTORICAL UK RETAIL, ISA, ACCOUNT AND BROKER ELIGIBILITY REMAIN PARTLY UNRESOLVED",
A4_BASELINE_MONTHLY,ROLLING_12M,2025-12-31,0.7241267777168043,True,"HISTORICAL UK RETAIL, ISA, ACCOUNT AND BROKER ELIGIBILITY REMAIN PARTLY UNRESOLVED",
A4_BASELINE_MONTHLY,ROLLING_12M,2026-01-30,0.8596307821243911,True,"HISTORICAL UK RETAIL, ISA, ACCOUNT AND BROKER ELIGIBILITY REMAIN PARTLY UNRESOLVED",
A4_BASELINE_MONTHLY,ROLLING_12M,2026-02-27,1.5187367876222497,True,"HISTORICAL UK RETAIL, ISA, ACCOUNT AND BROKER ELIGIBILITY REMAIN PARTLY UNRESOLVED",
A4_BASELINE_MONTHLY,ROLLING_12M,2026-03-31,0.8796014534213035,True,"HISTORICAL UK RETAIL, ISA, ACCOUNT AND BROKER ELIGIBILITY REMAIN PARTLY UNRESOLVED",
A4_BASELINE_MONTHLY,ROLLING_12M,2026-04-30,0.9128542671909268,True,"HISTORICAL UK RETAIL, ISA, ACCOUNT AND BROKER ELIGIBILITY REMAIN PARTLY UNRESOLVED",
A4_BASELINE_MONTHLY,ROLLING_12M,2026-05-29,1.2677972637946189,True,"HISTORICAL UK RETAIL, ISA, ACCOUNT AND BROKER ELIGIBILITY REMAIN PARTLY UNRESOLVED",
A4_BASELINE_MONTHLY,ROLLING_12M,2026-06-30,1.5596230430107574,True,"HISTORICAL UK RETAIL, ISA, ACCOUNT AND BROKER ELIGIBILITY REMAIN PARTLY UNRESOLVED",
A4_BASELINE_MONTHLY,ROLLING_12M,2026-07-31,0.8350066931007474,True,"HISTORICAL UK RETAIL, ISA, ACCOUNT AND BROKER ELIGIBILITY REMAIN PARTLY UNRESOLVED",
A4_BASELINE_MONTHLY,ROLLING_12M,2026-08-21,0.8284535494107648,True,"HISTORICAL UK RETAIL, ISA, ACCOUNT AND BROKER ELIGIBILITY REMAIN PARTLY UNRESOLVED",
A4_BASELINE_MONTHLY,ROLLING_24M,2023-09-29,0.49019217150254035,True,"HISTORICAL UK RETAIL, ISA, ACCOUNT AND BROKER ELIGIBILITY REMAIN PARTLY UNRESOLVED",
A4_BASELINE_MONTHLY,ROLLING_24M,2023-10-31,0.4126228380447745,True,"HISTORICAL UK RETAIL, ISA, ACCOUNT AND BROKER ELIGIBILITY REMAIN PARTLY UNRESOLVED",
A4_BASELINE_MONTHLY,ROLLING_24M,2023-11-30,0.4483676847129834,True,"HISTORICAL UK RETAIL, ISA, ACCOUNT AND BROKER ELIGIBILITY REMAIN PARTLY UNRESOLVED",
A4_BASELINE_MONTHLY,ROLLING_24M,2023-12-29,0.5168943959747219,True,"HISTORICAL UK RETAIL, ISA, ACCOUNT AND BROKER ELIGIBILITY REMAIN PARTLY UNRESOLVED",
A4_BASELINE_MONTHLY,ROLLING_24M,2024-01-31,0.6500067714069433,True,"HISTORICAL UK RETAIL, ISA, ACCOUNT AND BROKER ELIGIBILITY REMAIN PARTLY UNRESOLVED",
A4_BASELINE_MONTHLY,ROLLING_24M,2024-02-29,0.7449844098215981,True,"HISTORICAL UK RETAIL, ISA, ACCOUNT AND BROKER ELIGIBILITY REMAIN PARTLY UNRESOLVED",
A4_BASELINE_MONTHLY,ROLLING_24M,2024-03-28,0.6113114790682483,True,"HISTORICAL UK RETAIL, ISA, ACCOUNT AND BROKER ELIGIBILITY REMAIN PARTLY UNRESOLVED",
A4_BASELINE_MONTHLY,ROLLING_24M,2024-04-30,0.5164100275918464,True,"HISTORICAL UK RETAIL, ISA, ACCOUNT AND BROKER ELIGIBILITY REMAIN PARTLY UNRESOLVED",
A4_BASELINE_MONTHLY,ROLLING_24M,2024-05-31,0.327084512238228,True,"HISTORICAL UK RETAIL, ISA, ACCOUNT AND BROKER ELIGIBILITY REMAIN PARTLY UNRESOLVED",
A4_BASELINE_MONTHLY,ROLLING_24M,2024-06-28,0.4757345216280593,True,"HISTORICAL UK RETAIL, ISA, ACCOUNT AND BROKER ELIGIBILITY REMAIN PARTLY UNRESOLVED",
A4_BASELINE_MONTHLY,ROLLING_24M,2024-07-31,0.3027982648428187,True,"HISTORICAL UK RETAIL, ISA, ACCOUNT AND BROKER ELIGIBILITY REMAIN PARTLY UNRESOLVED",
A4_BASELINE_MONTHLY,ROLLING_24M,2024-08-30,0.15022881308936142,True,"HISTORICAL UK RETAIL, ISA, ACCOUNT AND BROKER ELIGIBILITY REMAIN PARTLY UNRESOLVED",
A4_BASELINE_MONTHLY,ROLLING_24M,2024-09-30,0.2874453050667294,True,"HISTORICAL UK RETAIL, ISA, ACCOUNT AND BROKER ELIGIBILITY REMAIN PARTLY UNRESOLVED",
A4_BASELINE_MONTHLY,ROLLING_24M,2024-10-31,0.23218108034265272,True,"HISTORICAL UK RETAIL, ISA, ACCOUNT AND BROKER ELIGIBILITY REMAIN PARTLY UNRESOLVED",
A4_BASELINE_MONTHLY,ROLLING_24M,2024-11-29,0.21392354046269824,True,"HISTORICAL UK RETAIL, ISA, ACCOUNT AND BROKER ELIGIBILITY REMAIN PARTLY UNRESOLVED",
A4_BASELINE_MONTHLY,ROLLING_24M,2024-12-31,0.12579605599445398,True,"HISTORICAL UK RETAIL, ISA, ACCOUNT AND BROKER ELIGIBILITY REMAIN PARTLY UNRESOLVED",
A4_BASELINE_MONTHLY,ROLLING_24M,2025-01-31,0.06470516977938989,True,"HISTORICAL UK RETAIL, ISA, ACCOUNT AND BROKER ELIGIBILITY REMAIN PARTLY UNRESOLVED",
A4_BASELINE_MONTHLY,ROLLING_24M,2025-02-28,-0.10997648633576163,False,"HISTORICAL UK RETAIL, ISA, ACCOUNT AND BROKER ELIGIBILITY REMAIN PARTLY UNRESOLVED",
A4_BASELINE_MONTHLY,ROLLING_24M,2025-03-31,0.04285844824181462,True,"HISTORICAL UK RETAIL, ISA, ACCOUNT AND BROKER ELIGIBILITY REMAIN PARTLY UNRESOLVED",
A4_BASELINE_MONTHLY,ROLLING_24M,2025-04-30,0.18132311051524863,True,"HISTORICAL UK RETAIL, ISA, ACCOUNT AND BROKER ELIGIBILITY REMAIN PARTLY UNRESOLVED",
A4_BASELINE_MONTHLY,ROLLING_24M,2025-05-30,-0.003916623377227868,False,"HISTORICAL UK RETAIL, ISA, ACCOUNT AND BROKER ELIGIBILITY REMAIN PARTLY UNRESOLVED",
A4_BASELINE_MONTHLY,ROLLING_24M,2025-06-30,-0.014939330569176179,False,"HISTORICAL UK RETAIL, ISA, ACCOUNT AND BROKER ELIGIBILITY REMAIN PARTLY UNRESOLVED",
A4_BASELINE_MONTHLY,ROLLING_24M,2025-07-31,0.0718597860423773,True,"HISTORICAL UK RETAIL, ISA, ACCOUNT AND BROKER ELIGIBILITY REMAIN PARTLY UNRESOLVED",
A4_BASELINE_MONTHLY,ROLLING_24M,2025-08-29,0.10212283175638226,True,"HISTORICAL UK RETAIL, ISA, ACCOUNT AND BROKER ELIGIBILITY REMAIN PARTLY UNRESOLVED",
A4_BASELINE_MONTHLY,ROLLING_24M,2025-09-30,0.3687164964529308,True,"HISTORICAL UK RETAIL, ISA, ACCOUNT AND BROKER ELIGIBILITY REMAIN PARTLY UNRESOLVED",
A4_BASELINE_MONTHLY,ROLLING_24M,2025-10-31,0.30507772116177434,True,"HISTORICAL UK RETAIL, ISA, ACCOUNT AND BROKER ELIGIBILITY REMAIN PARTLY UNRESOLVED",
A4_BASELINE_MONTHLY,ROLLING_24M,2025-11-28,0.5261337395766319,True,"HISTORICAL UK RETAIL, ISA, ACCOUNT AND BROKER ELIGIBILITY REMAIN PARTLY UNRESOLVED",
A4_BASELINE_MONTHLY,ROLLING_24M,2025-12-31,0.5860803024230481,True,"HISTORICAL UK RETAIL, ISA, ACCOUNT AND BROKER ELIGIBILITY REMAIN PARTLY UNRESOLVED",
A4_BASELINE_MONTHLY,ROLLING_24M,2026-01-30,0.954030819045564,True,"HISTORICAL UK RETAIL, ISA, ACCOUNT AND BROKER ELIGIBILITY REMAIN PARTLY UNRESOLVED",
A4_BASELINE_MONTHLY,ROLLING_24M,2026-02-27,1.1286960229672345,True,"HISTORICAL UK RETAIL, ISA, ACCOUNT AND BROKER ELIGIBILITY REMAIN PARTLY UNRESOLVED",
A4_BASELINE_MONTHLY,ROLLING_24M,2026-03-31,0.5282779686997239,True,"HISTORICAL UK RETAIL, ISA, ACCOUNT AND BROKER ELIGIBILITY REMAIN PARTLY UNRESOLVED",
A4_BASELINE_MONTHLY,ROLLING_24M,2026-04-30,0.694380753070418,True,"HISTORICAL UK RETAIL, ISA, ACCOUNT AND BROKER ELIGIBILITY REMAIN PARTLY UNRESOLVED",
A4_BASELINE_MONTHLY,ROLLING_24M,2026-05-29,1.0036355349561972,True,"HISTORICAL UK RETAIL, ISA, ACCOUNT AND BROKER ELIGIBILITY REMAIN PARTLY UNRESOLVED",
A4_BASELINE_MONTHLY,ROLLING_24M,2026-06-30,1.4653259991989689,True,"HISTORICAL UK RETAIL, ISA, ACCOUNT AND BROKER ELIGIBILITY REMAIN PARTLY UNRESOLVED",
A4_BASELINE_MONTHLY,ROLLING_24M,2026-07-31,1.0973993354388956,True,"HISTORICAL UK RETAIL, ISA, ACCOUNT AND BROKER ELIGIBILITY REMAIN PARTLY UNRESOLVED",
A4_BASELINE_MONTHLY,ROLLING_24M,2026-08-21,1.1645051587789061,True,"HISTORICAL UK RETAIL, ISA, ACCOUNT AND BROKER ELIGIBILITY REMAIN PARTLY UNRESOLVED",
A4_BASELINE_MONTHLY,LEAVE_ONE_CALENDAR_YEAR_OUT,,2.028813245894326,True,"HISTORICAL UK RETAIL, ISA, ACCOUNT AND BROKER ELIGIBILITY REMAIN PARTLY UNRESOLVED",2021.0
A4_BASELINE_MONTHLY,LEAVE_ONE_CALENDAR_YEAR_OUT,,1.40072933763394,True,"HISTORICAL UK RETAIL, ISA, ACCOUNT AND BROKER ELIGIBILITY REMAIN PARTLY UNRESOLVED",2022.0
A4_BASELINE_MONTHLY,LEAVE_ONE_CALENDAR_YEAR_OUT,,1.524490754698466,True,"HISTORICAL UK RETAIL, ISA, ACCOUNT AND BROKER ELIGIBILITY REMAIN PARTLY UNRESOLVED",2023.0
A4_BASELINE_MONTHLY,LEAVE_ONE_CALENDAR_YEAR_OUT,,2.2741324543074177,True,"HISTORICAL UK RETAIL, ISA, ACCOUNT AND BROKER ELIGIBILITY REMAIN PARTLY UNRESOLVED",2024.0
A4_BASELINE_MONTHLY,LEAVE_ONE_CALENDAR_YEAR_OUT,,0.7546729912569254,True,"HISTORICAL UK RETAIL, ISA, ACCOUNT AND BROKER ELIGIBILITY REMAIN PARTLY UNRESOLVED",2025.0
A4_BASELINE_MONTHLY,LEAVE_ONE_CALENDAR_YEAR_OUT,,1.2974868928938381,True,"HISTORICAL UK RETAIL, ISA, ACCOUNT AND BROKER ELIGIBILITY REMAIN PARTLY UNRESOLVED",2026.0
BEST_INCREMENTAL_SCALE_B_WEEKLY,ROLLING_12M,2022-09-30,0.11813518613957052,True,"HISTORICAL UK RETAIL, ISA, ACCOUNT AND BROKER ELIGIBILITY REMAIN PARTLY UNRESOLVED",
BEST_INCREMENTAL_SCALE_B_WEEKLY,ROLLING_12M,2022-10-31,0.17265711199195355,True,"HISTORICAL UK RETAIL, ISA, ACCOUNT AND BROKER ELIGIBILITY REMAIN PARTLY UNRESOLVED",
BEST_INCREMENTAL_SCALE_B_WEEKLY,ROLLING_12M,2022-11-30,0.18342735354537654,True,"HISTORICAL UK RETAIL, ISA, ACCOUNT AND BROKER ELIGIBILITY REMAIN PARTLY UNRESOLVED",
BEST_INCREMENTAL_SCALE_B_WEEKLY,ROLLING_12M,2022-12-30,0.251936994640102,True,"HISTORICAL UK RETAIL, ISA, ACCOUNT AND BROKER ELIGIBILITY REMAIN PARTLY UNRESOLVED",
BEST_INCREMENTAL_SCALE_B_WEEKLY,ROLLING_12M,2023-01-31,0.6447198002796497,True,"HISTORICAL UK RETAIL, ISA, ACCOUNT AND BROKER ELIGIBILITY REMAIN PARTLY UNRESOLVED",
BEST_INCREMENTAL_SCALE_B_WEEKLY,ROLLING_12M,2023-02-28,0.6736005445127551,True,"HISTORICAL UK RETAIL, ISA, ACCOUNT AND BROKER ELIGIBILITY REMAIN PARTLY UNRESOLVED",
BEST_INCREMENTAL_SCALE_B_WEEKLY,ROLLING_12M,2023-03-31,0.26888303808752556,True,"HISTORICAL UK RETAIL, ISA, ACCOUNT AND BROKER ELIGIBILITY REMAIN PARTLY UNRESOLVED",
BEST_INCREMENTAL_SCALE_B_WEEKLY,ROLLING_12M,2023-04-28,0.1484393211122348,True,"HISTORICAL UK RETAIL, ISA, ACCOUNT AND BROKER ELIGIBILITY REMAIN PARTLY UNRESOLVED",
BEST_INCREMENTAL_SCALE_B_WEEKLY,ROLLING_12M,2023-05-31,0.188908324353813,True,"HISTORICAL UK RETAIL, ISA, ACCOUNT AND BROKER ELIGIBILITY REMAIN PARTLY UNRESOLVED",
BEST_INCREMENTAL_SCALE_B_WEEKLY,ROLLING_12M,2023-06-30,0.4573859654502832,True,"HISTORICAL UK RETAIL, ISA, ACCOUNT AND BROKER ELIGIBILITY REMAIN PARTLY UNRESOLVED",
BEST_INCREMENTAL_SCALE_B_WEEKLY,ROLLING_12M,2023-07-31,0.4017482139003743,True,"HISTORICAL UK RETAIL, ISA, ACCOUNT AND BROKER ELIGIBILITY REMAIN PARTLY UNRESOLVED",
BEST_INCREMENTAL_SCALE_B_WEEKLY,ROLLING_12M,2023-08-31,0.2383418147117249,True,"HISTORICAL UK RETAIL, ISA, ACCOUNT AND BROKER ELIGIBILITY REMAIN PARTLY UNRESOLVED",
BEST_INCREMENTAL_SCALE_B_WEEKLY,ROLLING_12M,2023-09-29,0.33585575173561133,True,"HISTORICAL UK RETAIL, ISA, ACCOUNT AND BROKER ELIGIBILITY REMAIN PARTLY UNRESOLVED",
BEST_INCREMENTAL_SCALE_B_WEEKLY,ROLLING_12M,2023-10-31,0.20744346437904304,True,"HISTORICAL UK RETAIL, ISA, ACCOUNT AND BROKER ELIGIBILITY REMAIN PARTLY UNRESOLVED",
BEST_INCREMENTAL_SCALE_B_WEEKLY,ROLLING_12M,2023-11-30,0.22672960654888685,True,"HISTORICAL UK RETAIL, ISA, ACCOUNT AND BROKER ELIGIBILITY REMAIN PARTLY UNRESOLVED",
BEST_INCREMENTAL_SCALE_B_WEEKLY,ROLLING_12M,2023-12-29,0.21446358585624936,True,"HISTORICAL UK RETAIL, ISA, ACCOUNT AND BROKER ELIGIBILITY REMAIN PARTLY UNRESOLVED",
BEST_INCREMENTAL_SCALE_B_WEEKLY,ROLLING_12M,2024-01-31,0.0055541224602799755,True,"HISTORICAL UK RETAIL, ISA, ACCOUNT AND BROKER ELIGIBILITY REMAIN PARTLY UNRESOLVED",
BEST_INCREMENTAL_SCALE_B_WEEKLY,ROLLING_12M,2024-02-29,0.04508451015143389,True,"HISTORICAL UK RETAIL, ISA, ACCOUNT AND BROKER ELIGIBILITY REMAIN PARTLY UNRESOLVED",
BEST_INCREMENTAL_SCALE_B_WEEKLY,ROLLING_12M,2024-03-28,0.2728275801571687,True,"HISTORICAL UK RETAIL, ISA, ACCOUNT AND BROKER ELIGIBILITY REMAIN PARTLY UNRESOLVED",
BEST_INCREMENTAL_SCALE_B_WEEKLY,ROLLING_12M,2024-04-30,0.32348877419948163,True,"HISTORICAL UK RETAIL, ISA, ACCOUNT AND BROKER ELIGIBILITY REMAIN PARTLY UNRESOLVED",
BEST_INCREMENTAL_SCALE_B_WEEKLY,ROLLING_12M,2024-05-31,0.11882433067858145,True,"HISTORICAL UK RETAIL, ISA, ACCOUNT AND BROKER ELIGIBILITY REMAIN PARTLY UNRESOLVED",
BEST_INCREMENTAL_SCALE_B_WEEKLY,ROLLING_12M,2024-06-28,0.014951624792027607,True,"HISTORICAL UK RETAIL, ISA, ACCOUNT AND BROKER ELIGIBILITY REMAIN PARTLY UNRESOLVED",
BEST_INCREMENTAL_SCALE_B_WEEKLY,ROLLING_12M,2024-07-31,-0.05309753649763005,False,"HISTORICAL UK RETAIL, ISA, ACCOUNT AND BROKER ELIGIBILITY REMAIN PARTLY UNRESOLVED",
BEST_INCREMENTAL_SCALE_B_WEEKLY,ROLLING_12M,2024-08-30,-0.051932989160586085,False,"HISTORICAL UK RETAIL, ISA, ACCOUNT AND BROKER ELIGIBILITY REMAIN PARTLY UNRESOLVED",
BEST_INCREMENTAL_SCALE_B_WEEKLY,ROLLING_12M,2024-09-30,-0.016295736714041054,False,"HISTORICAL UK RETAIL, ISA, ACCOUNT AND BROKER ELIGIBILITY REMAIN PARTLY UNRESOLVED",
BEST_INCREMENTAL_SCALE_B_WEEKLY,ROLLING_12M,2024-10-31,0.04160501313862919,True,"HISTORICAL UK RETAIL, ISA, ACCOUNT AND BROKER ELIGIBILITY REMAIN PARTLY UNRESOLVED",
BEST_INCREMENTAL_SCALE_B_WEEKLY,ROLLING_12M,2024-11-29,1.6262743972372817e-05,True,"HISTORICAL UK RETAIL, ISA, ACCOUNT AND BROKER ELIGIBILITY REMAIN PARTLY UNRESOLVED",
BEST_INCREMENTAL_SCALE_B_WEEKLY,ROLLING_12M,2024-12-31,-0.06321509660352842,False,"HISTORICAL UK RETAIL, ISA, ACCOUNT AND BROKER ELIGIBILITY REMAIN PARTLY UNRESOLVED",
BEST_INCREMENTAL_SCALE_B_WEEKLY,ROLLING_12M,2025-01-31,0.07001180730635048,True,"HISTORICAL UK RETAIL, ISA, ACCOUNT AND BROKER ELIGIBILITY REMAIN PARTLY UNRESOLVED",
BEST_INCREMENTAL_SCALE_B_WEEKLY,ROLLING_12M,2025-02-28,-0.1393734739686776,False,"HISTORICAL UK RETAIL, ISA, ACCOUNT AND BROKER ELIGIBILITY REMAIN PARTLY UNRESOLVED",
BEST_INCREMENTAL_SCALE_B_WEEKLY,ROLLING_12M,2025-03-31,-0.17201845415703787,False,"HISTORICAL UK RETAIL, ISA, ACCOUNT AND BROKER ELIGIBILITY REMAIN PARTLY UNRESOLVED",
BEST_INCREMENTAL_SCALE_B_WEEKLY,ROLLING_12M,2025-04-30,-0.09798572779259729,False,"HISTORICAL UK RETAIL, ISA, ACCOUNT AND BROKER ELIGIBILITY REMAIN PARTLY UNRESOLVED",
BEST_INCREMENTAL_SCALE_B_WEEKLY,ROLLING_12M,2025-05-30,-0.10029784428676025,False,"HISTORICAL UK RETAIL, ISA, ACCOUNT AND BROKER ELIGIBILITY REMAIN PARTLY UNRESOLVED",
BEST_INCREMENTAL_SCALE_B_WEEKLY,ROLLING_12M,2025-06-30,0.05118103365054516,True,"HISTORICAL UK RETAIL, ISA, ACCOUNT AND BROKER ELIGIBILITY REMAIN PARTLY UNRESOLVED",
BEST_INCREMENTAL_SCALE_B_WEEKLY,ROLLING_12M,2025-07-31,0.21127523685511918,True,"HISTORICAL UK RETAIL, ISA, ACCOUNT AND BROKER ELIGIBILITY REMAIN PARTLY UNRESOLVED",
BEST_INCREMENTAL_SCALE_B_WEEKLY,ROLLING_12M,2025-08-29,0.2522089816664772,True,"HISTORICAL UK RETAIL, ISA, ACCOUNT AND BROKER ELIGIBILITY REMAIN PARTLY UNRESOLVED",
BEST_INCREMENTAL_SCALE_B_WEEKLY,ROLLING_12M,2025-09-30,0.4987714775326293,True,"HISTORICAL UK RETAIL, ISA, ACCOUNT AND BROKER ELIGIBILITY REMAIN PARTLY UNRESOLVED",
BEST_INCREMENTAL_SCALE_B_WEEKLY,ROLLING_12M,2025-10-31,0.34964566434284405,True,"HISTORICAL UK RETAIL, ISA, ACCOUNT AND BROKER ELIGIBILITY REMAIN PARTLY UNRESOLVED",
BEST_INCREMENTAL_SCALE_B_WEEKLY,ROLLING_12M,2025-11-28,0.6438870733534838,True,"HISTORICAL UK RETAIL, ISA, ACCOUNT AND BROKER ELIGIBILITY REMAIN PARTLY UNRESOLVED",
BEST_INCREMENTAL_SCALE_B_WEEKLY,ROLLING_12M,2025-12-31,0.8237770137710891,True,"HISTORICAL UK RETAIL, ISA, ACCOUNT AND BROKER ELIGIBILITY REMAIN PARTLY UNRESOLVED",
BEST_INCREMENTAL_SCALE_B_WEEKLY,ROLLING_12M,2026-01-30,0.9671128123367592,True,"HISTORICAL UK RETAIL, ISA, ACCOUNT AND BROKER ELIGIBILITY REMAIN PARTLY UNRESOLVED",
BEST_INCREMENTAL_SCALE_B_WEEKLY,ROLLING_12M,2026-02-27,1.6643135043052006,True,"HISTORICAL UK RETAIL, ISA, ACCOUNT AND BROKER ELIGIBILITY REMAIN PARTLY UNRESOLVED",
BEST_INCREMENTAL_SCALE_B_WEEKLY,ROLLING_12M,2026-03-31,0.9882367647813306,True,"HISTORICAL UK RETAIL, ISA, ACCOUNT AND BROKER ELIGIBILITY REMAIN PARTLY UNRESOLVED",
BEST_INCREMENTAL_SCALE_B_WEEKLY,ROLLING_12M,2026-04-30,1.0234122898845044,True,"HISTORICAL UK RETAIL, ISA, ACCOUNT AND BROKER ELIGIBILITY REMAIN PARTLY UNRESOLVED",
BEST_INCREMENTAL_SCALE_B_WEEKLY,ROLLING_12M,2026-05-29,1.3988722217288925,True,"HISTORICAL UK RETAIL, ISA, ACCOUNT AND BROKER ELIGIBILITY REMAIN PARTLY UNRESOLVED",
BEST_INCREMENTAL_SCALE_B_WEEKLY,ROLLING_12M,2026-06-30,1.5262945813054558,True,"HISTORICAL UK RETAIL, ISA, ACCOUNT AND BROKER ELIGIBILITY REMAIN PARTLY UNRESOLVED",
BEST_INCREMENTAL_SCALE_B_WEEKLY,ROLLING_12M,2026-07-31,0.835012561392644,True,"HISTORICAL UK RETAIL, ISA, ACCOUNT AND BROKER ELIGIBILITY REMAIN PARTLY UNRESOLVED",
BEST_INCREMENTAL_SCALE_B_WEEKLY,ROLLING_12M,2026-08-21,0.8284593967459211,True,"HISTORICAL UK RETAIL, ISA, ACCOUNT AND BROKER ELIGIBILITY REMAIN PARTLY UNRESOLVED",
BEST_INCREMENTAL_SCALE_B_WEEKLY,ROLLING_24M,2023-09-29,0.49366731962251387,True,"HISTORICAL UK RETAIL, ISA, ACCOUNT AND BROKER ELIGIBILITY REMAIN PARTLY UNRESOLVED",
BEST_INCREMENTAL_SCALE_B_WEEKLY,ROLLING_24M,2023-10-31,0.41591716583228777,True,"HISTORICAL UK RETAIL, ISA, ACCOUNT AND BROKER ELIGIBILITY REMAIN PARTLY UNRESOLVED",
BEST_INCREMENTAL_SCALE_B_WEEKLY,ROLLING_24M,2023-11-30,0.45174537179390994,True,"HISTORICAL UK RETAIL, ISA, ACCOUNT AND BROKER ELIGIBILITY REMAIN PARTLY UNRESOLVED",
BEST_INCREMENTAL_SCALE_B_WEEKLY,ROLLING_24M,2023-12-29,0.5204318917767146,True,"HISTORICAL UK RETAIL, ISA, ACCOUNT AND BROKER ELIGIBILITY REMAIN PARTLY UNRESOLVED",
BEST_INCREMENTAL_SCALE_B_WEEKLY,ROLLING_24M,2024-01-31,0.65385477546325,True,"HISTORICAL UK RETAIL, ISA, ACCOUNT AND BROKER ELIGIBILITY REMAIN PARTLY UNRESOLVED",
BEST_INCREMENTAL_SCALE_B_WEEKLY,ROLLING_24M,2024-02-29,0.7490540052512857,True,"HISTORICAL UK RETAIL, ISA, ACCOUNT AND BROKER ELIGIBILITY REMAIN PARTLY UNRESOLVED",
BEST_INCREMENTAL_SCALE_B_WEEKLY,ROLLING_24M,2024-03-28,0.6150693268714216,True,"HISTORICAL UK RETAIL, ISA, ACCOUNT AND BROKER ELIGIBILITY REMAIN PARTLY UNRESOLVED",
BEST_INCREMENTAL_SCALE_B_WEEKLY,ROLLING_24M,2024-04-30,0.5199465493413165,True,"HISTORICAL UK RETAIL, ISA, ACCOUNT AND BROKER ELIGIBILITY REMAIN PARTLY UNRESOLVED",
BEST_INCREMENTAL_SCALE_B_WEEKLY,ROLLING_24M,2024-05-31,0.3301795602333484,True,"HISTORICAL UK RETAIL, ISA, ACCOUNT AND BROKER ELIGIBILITY REMAIN PARTLY UNRESOLVED",
BEST_INCREMENTAL_SCALE_B_WEEKLY,ROLLING_24M,2024-06-28,0.47917625358286275,True,"HISTORICAL UK RETAIL, ISA, ACCOUNT AND BROKER ELIGIBILITY REMAIN PARTLY UNRESOLVED",
BEST_INCREMENTAL_SCALE_B_WEEKLY,ROLLING_24M,2024-07-31,0.32731883695231145,True,"HISTORICAL UK RETAIL, ISA, ACCOUNT AND BROKER ELIGIBILITY REMAIN PARTLY UNRESOLVED",
BEST_INCREMENTAL_SCALE_B_WEEKLY,ROLLING_24M,2024-08-30,0.17403102267120052,True,"HISTORICAL UK RETAIL, ISA, ACCOUNT AND BROKER ELIGIBILITY REMAIN PARTLY UNRESOLVED",
BEST_INCREMENTAL_SCALE_B_WEEKLY,ROLLING_24M,2024-09-30,0.3140869981173904,True,"HISTORICAL UK RETAIL, ISA, ACCOUNT AND BROKER ELIGIBILITY REMAIN PARTLY UNRESOLVED",
BEST_INCREMENTAL_SCALE_B_WEEKLY,ROLLING_24M,2024-10-31,0.257679165578685,True,"HISTORICAL UK RETAIL, ISA, ACCOUNT AND BROKER ELIGIBILITY REMAIN PARTLY UNRESOLVED",
BEST_INCREMENTAL_SCALE_B_WEEKLY,ROLLING_24M,2024-11-29,0.22674955653840123,True,"HISTORICAL UK RETAIL, ISA, ACCOUNT AND BROKER ELIGIBILITY REMAIN PARTLY UNRESOLVED",
BEST_INCREMENTAL_SCALE_B_WEEKLY,ROLLING_24M,2024-12-31,0.137691152954879,True,"HISTORICAL UK RETAIL, ISA, ACCOUNT AND BROKER ELIGIBILITY REMAIN PARTLY UNRESOLVED",
BEST_INCREMENTAL_SCALE_B_WEEKLY,ROLLING_24M,2025-01-31,0.07595478391807542,True,"HISTORICAL UK RETAIL, ISA, ACCOUNT AND BROKER ELIGIBILITY REMAIN PARTLY UNRESOLVED",
BEST_INCREMENTAL_SCALE_B_WEEKLY,ROLLING_24M,2025-02-28,-0.10057254861922504,False,"HISTORICAL UK RETAIL, ISA, ACCOUNT AND BROKER ELIGIBILITY REMAIN PARTLY UNRESOLVED",
BEST_INCREMENTAL_SCALE_B_WEEKLY,ROLLING_24M,2025-03-31,0.05387774741008933,True,"HISTORICAL UK RETAIL, ISA, ACCOUNT AND BROKER ELIGIBILITY REMAIN PARTLY UNRESOLVED",
BEST_INCREMENTAL_SCALE_B_WEEKLY,ROLLING_24M,2025-04-30,0.19380576343421274,True,"HISTORICAL UK RETAIL, ISA, ACCOUNT AND BROKER ELIGIBILITY REMAIN PARTLY UNRESOLVED",
BEST_INCREMENTAL_SCALE_B_WEEKLY,ROLLING_24M,2025-05-30,0.006608662175942248,True,"HISTORICAL UK RETAIL, ISA, ACCOUNT AND BROKER ELIGIBILITY REMAIN PARTLY UNRESOLVED",
BEST_INCREMENTAL_SCALE_B_WEEKLY,ROLLING_24M,2025-06-30,0.06689789805418389,True,"HISTORICAL UK RETAIL, ISA, ACCOUNT AND BROKER ELIGIBILITY REMAIN PARTLY UNRESOLVED",
BEST_INCREMENTAL_SCALE_B_WEEKLY,ROLLING_24M,2025-07-31,0.1469595057575288,True,"HISTORICAL UK RETAIL, ISA, ACCOUNT AND BROKER ELIGIBILITY REMAIN PARTLY UNRESOLVED",
BEST_INCREMENTAL_SCALE_B_WEEKLY,ROLLING_24M,2025-08-29,0.1871780261948035,True,"HISTORICAL UK RETAIL, ISA, ACCOUNT AND BROKER ELIGIBILITY REMAIN PARTLY UNRESOLVED",
BEST_INCREMENTAL_SCALE_B_WEEKLY,ROLLING_24M,2025-09-30,0.4743478921402433,True,"HISTORICAL UK RETAIL, ISA, ACCOUNT AND BROKER ELIGIBILITY REMAIN PARTLY UNRESOLVED",
BEST_INCREMENTAL_SCALE_B_WEEKLY,ROLLING_24M,2025-10-31,0.40579768994032195,True,"HISTORICAL UK RETAIL, ISA, ACCOUNT AND BROKER ELIGIBILITY REMAIN PARTLY UNRESOLVED",
BEST_INCREMENTAL_SCALE_B_WEEKLY,ROLLING_24M,2025-11-28,0.6439138074680772,True,"HISTORICAL UK RETAIL, ISA, ACCOUNT AND BROKER ELIGIBILITY REMAIN PARTLY UNRESOLVED",
BEST_INCREMENTAL_SCALE_B_WEEKLY,ROLLING_24M,2025-12-31,0.7084867736622551,True,"HISTORICAL UK RETAIL, ISA, ACCOUNT AND BROKER ELIGIBILITY REMAIN PARTLY UNRESOLVED",
BEST_INCREMENTAL_SCALE_B_WEEKLY,ROLLING_24M,2026-01-30,1.1048339355039336,True,"HISTORICAL UK RETAIL, ISA, ACCOUNT AND BROKER ELIGIBILITY REMAIN PARTLY UNRESOLVED",
BEST_INCREMENTAL_SCALE_B_WEEKLY,ROLLING_24M,2026-02-27,1.2929788754685236,True,"HISTORICAL UK RETAIL, ISA, ACCOUNT AND BROKER ELIGIBILITY REMAIN PARTLY UNRESOLVED",
BEST_INCREMENTAL_SCALE_B_WEEKLY,ROLLING_24M,2026-03-31,0.6462233500054559,True,"HISTORICAL UK RETAIL, ISA, ACCOUNT AND BROKER ELIGIBILITY REMAIN PARTLY UNRESOLVED",
BEST_INCREMENTAL_SCALE_B_WEEKLY,ROLLING_24M,2026-04-30,0.8251467640356853,True,"HISTORICAL UK RETAIL, ISA, ACCOUNT AND BROKER ELIGIBILITY REMAIN PARTLY UNRESOLVED",
BEST_INCREMENTAL_SCALE_B_WEEKLY,ROLLING_24M,2026-05-29,1.1582705091700936,True,"HISTORICAL UK RETAIL, ISA, ACCOUNT AND BROKER ELIGIBILITY REMAIN PARTLY UNRESOLVED",
BEST_INCREMENTAL_SCALE_B_WEEKLY,ROLLING_24M,2026-06-30,1.6555929492824402,True,"HISTORICAL UK RETAIL, ISA, ACCOUNT AND BROKER ELIGIBILITY REMAIN PARTLY UNRESOLVED",
BEST_INCREMENTAL_SCALE_B_WEEKLY,ROLLING_24M,2026-07-31,1.2227052749329936,True,"HISTORICAL UK RETAIL, ISA, ACCOUNT AND BROKER ELIGIBILITY REMAIN PARTLY UNRESOLVED",
BEST_INCREMENTAL_SCALE_B_WEEKLY,ROLLING_24M,2026-08-21,1.2896132792177109,True,"HISTORICAL UK RETAIL, ISA, ACCOUNT AND BROKER ELIGIBILITY REMAIN PARTLY UNRESOLVED",
BEST_INCREMENTAL_SCALE_B_WEEKLY,LEAVE_ONE_CALENDAR_YEAR_OUT,,2.2701774160920145,True,"HISTORICAL UK RETAIL, ISA, ACCOUNT AND BROKER ELIGIBILITY REMAIN PARTLY UNRESOLVED",2021.0
BEST_INCREMENTAL_SCALE_B_WEEKLY,LEAVE_ONE_CALENDAR_YEAR_OUT,,1.566321984748697,True,"HISTORICAL UK RETAIL, ISA, ACCOUNT AND BROKER ELIGIBILITY REMAIN PARTLY UNRESOLVED",2022.0
BEST_INCREMENTAL_SCALE_B_WEEKLY,LEAVE_ONE_CALENDAR_YEAR_OUT,,1.7465774763198954,True,"HISTORICAL UK RETAIL, ISA, ACCOUNT AND BROKER ELIGIBILITY REMAIN PARTLY UNRESOLVED",2023.0
BEST_INCREMENTAL_SCALE_B_WEEKLY,LEAVE_ONE_CALENDAR_YEAR_OUT,,2.471452095011309,True,"HISTORICAL UK RETAIL, ISA, ACCOUNT AND BROKER ELIGIBILITY REMAIN PARTLY UNRESOLVED",2024.0
BEST_INCREMENTAL_SCALE_B_WEEKLY,LEAVE_ONE_CALENDAR_YEAR_OUT,,0.7909871488949722,True,"HISTORICAL UK RETAIL, ISA, ACCOUNT AND BROKER ELIGIBILITY REMAIN PARTLY UNRESOLVED",2025.0
BEST_INCREMENTAL_SCALE_B_WEEKLY,LEAVE_ONE_CALENDAR_YEAR_OUT,,1.4805677554931003,True,"HISTORICAL UK RETAIL, ISA, ACCOUNT AND BROKER ELIGIBILITY REMAIN PARTLY UNRESOLVED",2026.0
BEST_PROFIT_DIAGNOSTIC_MONTHLY,ROLLING_12M,2022-09-30,0.12603910390761675,True,"HISTORICAL UK RETAIL, ISA, ACCOUNT AND BROKER ELIGIBILITY REMAIN PARTLY UNRESOLVED",
BEST_PROFIT_DIAGNOSTIC_MONTHLY,ROLLING_12M,2022-10-31,0.1809466808278204,True,"HISTORICAL UK RETAIL, ISA, ACCOUNT AND BROKER ELIGIBILITY REMAIN PARTLY UNRESOLVED",
BEST_PROFIT_DIAGNOSTIC_MONTHLY,ROLLING_12M,2022-11-30,0.17996763990331832,True,"HISTORICAL UK RETAIL, ISA, ACCOUNT AND BROKER ELIGIBILITY REMAIN PARTLY UNRESOLVED",
BEST_PROFIT_DIAGNOSTIC_MONTHLY,ROLLING_12M,2022-12-30,0.24827689410649834,True,"HISTORICAL UK RETAIL, ISA, ACCOUNT AND BROKER ELIGIBILITY REMAIN PARTLY UNRESOLVED",
BEST_PROFIT_DIAGNOSTIC_MONTHLY,ROLLING_12M,2023-01-31,0.6399113795329152,True,"HISTORICAL UK RETAIL, ISA, ACCOUNT AND BROKER ELIGIBILITY REMAIN PARTLY UNRESOLVED",
BEST_PROFIT_DIAGNOSTIC_MONTHLY,ROLLING_12M,2023-02-28,0.654580999159476,True,"HISTORICAL UK RETAIL, ISA, ACCOUNT AND BROKER ELIGIBILITY REMAIN PARTLY UNRESOLVED",
BEST_PROFIT_DIAGNOSTIC_MONTHLY,ROLLING_12M,2023-03-31,0.30304521357657044,True,"HISTORICAL UK RETAIL, ISA, ACCOUNT AND BROKER ELIGIBILITY REMAIN PARTLY UNRESOLVED",
BEST_PROFIT_DIAGNOSTIC_MONTHLY,ROLLING_12M,2023-04-28,0.17769766414537913,True,"HISTORICAL UK RETAIL, ISA, ACCOUNT AND BROKER ELIGIBILITY REMAIN PARTLY UNRESOLVED",
BEST_PROFIT_DIAGNOSTIC_MONTHLY,ROLLING_12M,2023-05-31,0.2191976804821072,True,"HISTORICAL UK RETAIL, ISA, ACCOUNT AND BROKER ELIGIBILITY REMAIN PARTLY UNRESOLVED",
BEST_PROFIT_DIAGNOSTIC_MONTHLY,ROLLING_12M,2023-06-30,0.42369147530733975,True,"HISTORICAL UK RETAIL, ISA, ACCOUNT AND BROKER ELIGIBILITY REMAIN PARTLY UNRESOLVED",
BEST_PROFIT_DIAGNOSTIC_MONTHLY,ROLLING_12M,2023-07-31,0.3977145018756181,True,"HISTORICAL UK RETAIL, ISA, ACCOUNT AND BROKER ELIGIBILITY REMAIN PARTLY UNRESOLVED",
BEST_PROFIT_DIAGNOSTIC_MONTHLY,ROLLING_12M,2023-08-31,0.2783486827419326,True,"HISTORICAL UK RETAIL, ISA, ACCOUNT AND BROKER ELIGIBILITY REMAIN PARTLY UNRESOLVED",
BEST_PROFIT_DIAGNOSTIC_MONTHLY,ROLLING_12M,2023-09-29,0.37070988880917755,True,"HISTORICAL UK RETAIL, ISA, ACCOUNT AND BROKER ELIGIBILITY REMAIN PARTLY UNRESOLVED",
BEST_PROFIT_DIAGNOSTIC_MONTHLY,ROLLING_12M,2023-10-31,0.23894778542539918,True,"HISTORICAL UK RETAIL, ISA, ACCOUNT AND BROKER ELIGIBILITY REMAIN PARTLY UNRESOLVED",
BEST_PROFIT_DIAGNOSTIC_MONTHLY,ROLLING_12M,2023-11-30,0.27135196810643736,True,"HISTORICAL UK RETAIL, ISA, ACCOUNT AND BROKER ELIGIBILITY REMAIN PARTLY UNRESOLVED",
BEST_PROFIT_DIAGNOSTIC_MONTHLY,ROLLING_12M,2023-12-29,0.25863987208186434,True,"HISTORICAL UK RETAIL, ISA, ACCOUNT AND BROKER ELIGIBILITY REMAIN PARTLY UNRESOLVED",
BEST_PROFIT_DIAGNOSTIC_MONTHLY,ROLLING_12M,2024-01-31,0.04213200852892407,True,"HISTORICAL UK RETAIL, ISA, ACCOUNT AND BROKER ELIGIBILITY REMAIN PARTLY UNRESOLVED",
BEST_PROFIT_DIAGNOSTIC_MONTHLY,ROLLING_12M,2024-02-29,0.09234857936612895,True,"HISTORICAL UK RETAIL, ISA, ACCOUNT AND BROKER ELIGIBILITY REMAIN PARTLY UNRESOLVED",
BEST_PROFIT_DIAGNOSTIC_MONTHLY,ROLLING_12M,2024-03-28,0.2807894612915316,True,"HISTORICAL UK RETAIL, ISA, ACCOUNT AND BROKER ELIGIBILITY REMAIN PARTLY UNRESOLVED",
BEST_PROFIT_DIAGNOSTIC_MONTHLY,ROLLING_12M,2024-04-30,0.33364599051212385,True,"HISTORICAL UK RETAIL, ISA, ACCOUNT AND BROKER ELIGIBILITY REMAIN PARTLY UNRESOLVED",
BEST_PROFIT_DIAGNOSTIC_MONTHLY,ROLLING_12M,2024-05-31,0.12741159636456434,True,"HISTORICAL UK RETAIL, ISA, ACCOUNT AND BROKER ELIGIBILITY REMAIN PARTLY UNRESOLVED",
BEST_PROFIT_DIAGNOSTIC_MONTHLY,ROLLING_12M,2024-06-28,0.022741640634124316,True,"HISTORICAL UK RETAIL, ISA, ACCOUNT AND BROKER ELIGIBILITY REMAIN PARTLY UNRESOLVED",
BEST_PROFIT_DIAGNOSTIC_MONTHLY,ROLLING_12M,2024-07-31,-0.06223046384028286,False,"HISTORICAL UK RETAIL, ISA, ACCOUNT AND BROKER ELIGIBILITY REMAIN PARTLY UNRESOLVED",
BEST_PROFIT_DIAGNOSTIC_MONTHLY,ROLLING_12M,2024-08-30,-0.06898373067431784,False,"HISTORICAL UK RETAIL, ISA, ACCOUNT AND BROKER ELIGIBILITY REMAIN PARTLY UNRESOLVED",
BEST_PROFIT_DIAGNOSTIC_MONTHLY,ROLLING_12M,2024-09-30,-0.0339874050533856,False,"HISTORICAL UK RETAIL, ISA, ACCOUNT AND BROKER ELIGIBILITY REMAIN PARTLY UNRESOLVED",
BEST_PROFIT_DIAGNOSTIC_MONTHLY,ROLLING_12M,2024-10-31,0.02287129104628116,True,"HISTORICAL UK RETAIL, ISA, ACCOUNT AND BROKER ELIGIBILITY REMAIN PARTLY UNRESOLVED",
BEST_PROFIT_DIAGNOSTIC_MONTHLY,ROLLING_12M,2024-11-29,-0.017969467468312073,False,"HISTORICAL UK RETAIL, ISA, ACCOUNT AND BROKER ELIGIBILITY REMAIN PARTLY UNRESOLVED",
BEST_PROFIT_DIAGNOSTIC_MONTHLY,ROLLING_12M,2024-12-31,-0.0800632825300297,False,"HISTORICAL UK RETAIL, ISA, ACCOUNT AND BROKER ELIGIBILITY REMAIN PARTLY UNRESOLVED",
BEST_PROFIT_DIAGNOSTIC_MONTHLY,ROLLING_12M,2025-01-31,0.05076680267108569,True,"HISTORICAL UK RETAIL, ISA, ACCOUNT AND BROKER ELIGIBILITY REMAIN PARTLY UNRESOLVED",
BEST_PROFIT_DIAGNOSTIC_MONTHLY,ROLLING_12M,2025-02-28,-0.1548531391960345,False,"HISTORICAL UK RETAIL, ISA, ACCOUNT AND BROKER ELIGIBILITY REMAIN PARTLY UNRESOLVED",
BEST_PROFIT_DIAGNOSTIC_MONTHLY,ROLLING_12M,2025-03-31,-0.18691067025303765,False,"HISTORICAL UK RETAIL, ISA, ACCOUNT AND BROKER ELIGIBILITY REMAIN PARTLY UNRESOLVED",
BEST_PROFIT_DIAGNOSTIC_MONTHLY,ROLLING_12M,2025-04-30,-0.11420921246485005,False,"HISTORICAL UK RETAIL, ISA, ACCOUNT AND BROKER ELIGIBILITY REMAIN PARTLY UNRESOLVED",
BEST_PROFIT_DIAGNOSTIC_MONTHLY,ROLLING_12M,2025-05-30,-0.11648034105194227,False,"HISTORICAL UK RETAIL, ISA, ACCOUNT AND BROKER ELIGIBILITY REMAIN PARTLY UNRESOLVED",
BEST_PROFIT_DIAGNOSTIC_MONTHLY,ROLLING_12M,2025-06-30,-0.036836395361682595,False,"HISTORICAL UK RETAIL, ISA, ACCOUNT AND BROKER ELIGIBILITY REMAIN PARTLY UNRESOLVED",
BEST_PROFIT_DIAGNOSTIC_MONTHLY,ROLLING_12M,2025-07-31,0.14299731605650146,True,"HISTORICAL UK RETAIL, ISA, ACCOUNT AND BROKER ELIGIBILITY REMAIN PARTLY UNRESOLVED",
BEST_PROFIT_DIAGNOSTIC_MONTHLY,ROLLING_12M,2025-08-29,0.1837938590618371,True,"HISTORICAL UK RETAIL, ISA, ACCOUNT AND BROKER ELIGIBILITY REMAIN PARTLY UNRESOLVED",
BEST_PROFIT_DIAGNOSTIC_MONTHLY,ROLLING_12M,2025-09-30,0.41688419910894026,True,"HISTORICAL UK RETAIL, ISA, ACCOUNT AND BROKER ELIGIBILITY REMAIN PARTLY UNRESOLVED",
BEST_PROFIT_DIAGNOSTIC_MONTHLY,ROLLING_12M,2025-10-31,0.29438039323373233,True,"HISTORICAL UK RETAIL, ISA, ACCOUNT AND BROKER ELIGIBILITY REMAIN PARTLY UNRESOLVED",
BEST_PROFIT_DIAGNOSTIC_MONTHLY,ROLLING_12M,2025-11-28,0.5193156318047714,True,"HISTORICAL UK RETAIL, ISA, ACCOUNT AND BROKER ELIGIBILITY REMAIN PARTLY UNRESOLVED",
BEST_PROFIT_DIAGNOSTIC_MONTHLY,ROLLING_12M,2025-12-31,0.6594108746612581,True,"HISTORICAL UK RETAIL, ISA, ACCOUNT AND BROKER ELIGIBILITY REMAIN PARTLY UNRESOLVED",
BEST_PROFIT_DIAGNOSTIC_MONTHLY,ROLLING_12M,2026-01-30,0.7319744837093296,True,"HISTORICAL UK RETAIL, ISA, ACCOUNT AND BROKER ELIGIBILITY REMAIN PARTLY UNRESOLVED",
BEST_PROFIT_DIAGNOSTIC_MONTHLY,ROLLING_12M,2026-02-27,1.2732388035566116,True,"HISTORICAL UK RETAIL, ISA, ACCOUNT AND BROKER ELIGIBILITY REMAIN PARTLY UNRESOLVED",
BEST_PROFIT_DIAGNOSTIC_MONTHLY,ROLLING_12M,2026-03-31,0.7898144772410489,True,"HISTORICAL UK RETAIL, ISA, ACCOUNT AND BROKER ELIGIBILITY REMAIN PARTLY UNRESOLVED",
BEST_PROFIT_DIAGNOSTIC_MONTHLY,ROLLING_12M,2026-04-30,0.7942512233441985,True,"HISTORICAL UK RETAIL, ISA, ACCOUNT AND BROKER ELIGIBILITY REMAIN PARTLY UNRESOLVED",
BEST_PROFIT_DIAGNOSTIC_MONTHLY,ROLLING_12M,2026-05-29,1.1271858697048072,True,"HISTORICAL UK RETAIL, ISA, ACCOUNT AND BROKER ELIGIBILITY REMAIN PARTLY UNRESOLVED",
BEST_PROFIT_DIAGNOSTIC_MONTHLY,ROLLING_12M,2026-06-30,1.3349271469552786,True,"HISTORICAL UK RETAIL, ISA, ACCOUNT AND BROKER ELIGIBILITY REMAIN PARTLY UNRESOLVED",
BEST_PROFIT_DIAGNOSTIC_MONTHLY,ROLLING_12M,2026-07-31,0.767634441538446,True,"HISTORICAL UK RETAIL, ISA, ACCOUNT AND BROKER ELIGIBILITY REMAIN PARTLY UNRESOLVED",
BEST_PROFIT_DIAGNOSTIC_MONTHLY,ROLLING_12M,2026-08-21,0.7548998813329701,True,"HISTORICAL UK RETAIL, ISA, ACCOUNT AND BROKER ELIGIBILITY REMAIN PARTLY UNRESOLVED",
BEST_PROFIT_DIAGNOSTIC_MONTHLY,ROLLING_24M,2023-09-29,0.5434729349119951,True,"HISTORICAL UK RETAIL, ISA, ACCOUNT AND BROKER ELIGIBILITY REMAIN PARTLY UNRESOLVED",
BEST_PROFIT_DIAGNOSTIC_MONTHLY,ROLLING_24M,2023-10-31,0.4631312749171037,True,"HISTORICAL UK RETAIL, ISA, ACCOUNT AND BROKER ELIGIBILITY REMAIN PARTLY UNRESOLVED",
BEST_PROFIT_DIAGNOSTIC_MONTHLY,ROLLING_24M,2023-11-30,0.5001541812929917,True,"HISTORICAL UK RETAIL, ISA, ACCOUNT AND BROKER ELIGIBILITY REMAIN PARTLY UNRESOLVED",
BEST_PROFIT_DIAGNOSTIC_MONTHLY,ROLLING_24M,2023-12-29,0.5711310703209502,True,"HISTORICAL UK RETAIL, ISA, ACCOUNT AND BROKER ELIGIBILITY REMAIN PARTLY UNRESOLVED",
BEST_PROFIT_DIAGNOSTIC_MONTHLY,ROLLING_24M,2024-01-31,0.7090041397620757,True,"HISTORICAL UK RETAIL, ISA, ACCOUNT AND BROKER ELIGIBILITY REMAIN PARTLY UNRESOLVED",
BEST_PROFIT_DIAGNOSTIC_MONTHLY,ROLLING_24M,2024-02-29,0.8073792038780438,True,"HISTORICAL UK RETAIL, ISA, ACCOUNT AND BROKER ELIGIBILITY REMAIN PARTLY UNRESOLVED",
BEST_PROFIT_DIAGNOSTIC_MONTHLY,ROLLING_24M,2024-03-28,0.6689265771352442,True,"HISTORICAL UK RETAIL, ISA, ACCOUNT AND BROKER ELIGIBILITY REMAIN PARTLY UNRESOLVED",
BEST_PROFIT_DIAGNOSTIC_MONTHLY,ROLLING_24M,2024-04-30,0.5706317678229789,True,"HISTORICAL UK RETAIL, ISA, ACCOUNT AND BROKER ELIGIBILITY REMAIN PARTLY UNRESOLVED",
BEST_PROFIT_DIAGNOSTIC_MONTHLY,ROLLING_24M,2024-05-31,0.37453760323630636,True,"HISTORICAL UK RETAIL, ISA, ACCOUNT AND BROKER ELIGIBILITY REMAIN PARTLY UNRESOLVED",
BEST_PROFIT_DIAGNOSTIC_MONTHLY,ROLLING_24M,2024-06-28,0.45606855521264555,True,"HISTORICAL UK RETAIL, ISA, ACCOUNT AND BROKER ELIGIBILITY REMAIN PARTLY UNRESOLVED",
BEST_PROFIT_DIAGNOSTIC_MONTHLY,ROLLING_24M,2024-07-31,0.3107340801076084,True,"HISTORICAL UK RETAIL, ISA, ACCOUNT AND BROKER ELIGIBILITY REMAIN PARTLY UNRESOLVED",
BEST_PROFIT_DIAGNOSTIC_MONTHLY,ROLLING_24M,2024-08-30,0.19016342150379395,True,"HISTORICAL UK RETAIL, ISA, ACCOUNT AND BROKER ELIGIBILITY REMAIN PARTLY UNRESOLVED",
BEST_PROFIT_DIAGNOSTIC_MONTHLY,ROLLING_24M,2024-09-30,0.32412301660753884,True,"HISTORICAL UK RETAIL, ISA, ACCOUNT AND BROKER ELIGIBILITY REMAIN PARTLY UNRESOLVED",
BEST_PROFIT_DIAGNOSTIC_MONTHLY,ROLLING_24M,2024-10-31,0.2672841208170089,True,"HISTORICAL UK RETAIL, ISA, ACCOUNT AND BROKER ELIGIBILITY REMAIN PARTLY UNRESOLVED",
BEST_PROFIT_DIAGNOSTIC_MONTHLY,ROLLING_24M,2024-11-29,0.24850645027477425,True,"HISTORICAL UK RETAIL, ISA, ACCOUNT AND BROKER ELIGIBILITY REMAIN PARTLY UNRESOLVED",
BEST_PROFIT_DIAGNOSTIC_MONTHLY,ROLLING_24M,2024-12-31,0.15786903239981376,True,"HISTORICAL UK RETAIL, ISA, ACCOUNT AND BROKER ELIGIBILITY REMAIN PARTLY UNRESOLVED",
BEST_PROFIT_DIAGNOSTIC_MONTHLY,ROLLING_24M,2025-01-31,0.09503771856313414,True,"HISTORICAL UK RETAIL, ISA, ACCOUNT AND BROKER ELIGIBILITY REMAIN PARTLY UNRESOLVED",
BEST_PROFIT_DIAGNOSTIC_MONTHLY,ROLLING_24M,2025-02-28,-0.07680502724504468,False,"HISTORICAL UK RETAIL, ISA, ACCOUNT AND BROKER ELIGIBILITY REMAIN PARTLY UNRESOLVED",
BEST_PROFIT_DIAGNOSTIC_MONTHLY,ROLLING_24M,2025-03-31,0.04139624462850433,True,"HISTORICAL UK RETAIL, ISA, ACCOUNT AND BROKER ELIGIBILITY REMAIN PARTLY UNRESOLVED",
BEST_PROFIT_DIAGNOSTIC_MONTHLY,ROLLING_24M,2025-04-30,0.18133133222882925,True,"HISTORICAL UK RETAIL, ISA, ACCOUNT AND BROKER ELIGIBILITY REMAIN PARTLY UNRESOLVED",
BEST_PROFIT_DIAGNOSTIC_MONTHLY,ROLLING_24M,2025-05-30,-0.003909690885894768,False,"HISTORICAL UK RETAIL, ISA, ACCOUNT AND BROKER ELIGIBILITY REMAIN PARTLY UNRESOLVED",
BEST_PROFIT_DIAGNOSTIC_MONTHLY,ROLLING_24M,2025-06-30,-0.014932474793130313,False,"HISTORICAL UK RETAIL, ISA, ACCOUNT AND BROKER ELIGIBILITY REMAIN PARTLY UNRESOLVED",
BEST_PROFIT_DIAGNOSTIC_MONTHLY,ROLLING_24M,2025-07-31,0.07186806291010694,True,"HISTORICAL UK RETAIL, ISA, ACCOUNT AND BROKER ELIGIBILITY REMAIN PARTLY UNRESOLVED",
BEST_PROFIT_DIAGNOSTIC_MONTHLY,ROLLING_24M,2025-08-29,0.1021313423144039,True,"HISTORICAL UK RETAIL, ISA, ACCOUNT AND BROKER ELIGIBILITY REMAIN PARTLY UNRESOLVED",
BEST_PROFIT_DIAGNOSTIC_MONTHLY,ROLLING_24M,2025-09-30,0.3687279819200828,True,"HISTORICAL UK RETAIL, ISA, ACCOUNT AND BROKER ELIGIBILITY REMAIN PARTLY UNRESOLVED",
BEST_PROFIT_DIAGNOSTIC_MONTHLY,ROLLING_24M,2025-10-31,0.32398454393198084,True,"HISTORICAL UK RETAIL, ISA, ACCOUNT AND BROKER ELIGIBILITY REMAIN PARTLY UNRESOLVED",
BEST_PROFIT_DIAGNOSTIC_MONTHLY,ROLLING_24M,2025-11-28,0.4920143389849576,True,"HISTORICAL UK RETAIL, ISA, ACCOUNT AND BROKER ELIGIBILITY REMAIN PARTLY UNRESOLVED",
BEST_PROFIT_DIAGNOSTIC_MONTHLY,ROLLING_24M,2025-12-31,0.52655299296985,True,"HISTORICAL UK RETAIL, ISA, ACCOUNT AND BROKER ELIGIBILITY REMAIN PARTLY UNRESOLVED",
BEST_PROFIT_DIAGNOSTIC_MONTHLY,ROLLING_24M,2026-01-30,0.8199012905551568,True,"HISTORICAL UK RETAIL, ISA, ACCOUNT AND BROKER ELIGIBILITY REMAIN PARTLY UNRESOLVED",
BEST_PROFIT_DIAGNOSTIC_MONTHLY,ROLLING_24M,2026-02-27,0.9212206386836328,True,"HISTORICAL UK RETAIL, ISA, ACCOUNT AND BROKER ELIGIBILITY REMAIN PARTLY UNRESOLVED",
BEST_PROFIT_DIAGNOSTIC_MONTHLY,ROLLING_24M,2026-03-31,0.45527905367133426,True,"HISTORICAL UK RETAIL, ISA, ACCOUNT AND BROKER ELIGIBILITY REMAIN PARTLY UNRESOLVED",
BEST_PROFIT_DIAGNOSTIC_MONTHLY,ROLLING_24M,2026-04-30,0.5893312041619636,True,"HISTORICAL UK RETAIL, ISA, ACCOUNT AND BROKER ELIGIBILITY REMAIN PARTLY UNRESOLVED",
BEST_PROFIT_DIAGNOSTIC_MONTHLY,ROLLING_24M,2026-05-29,0.8794105341207188,True,"HISTORICAL UK RETAIL, ISA, ACCOUNT AND BROKER ELIGIBILITY REMAIN PARTLY UNRESOLVED",
BEST_PROFIT_DIAGNOSTIC_MONTHLY,ROLLING_24M,2026-06-30,1.2489168474293084,True,"HISTORICAL UK RETAIL, ISA, ACCOUNT AND BROKER ELIGIBILITY REMAIN PARTLY UNRESOLVED",
BEST_PROFIT_DIAGNOSTIC_MONTHLY,ROLLING_24M,2026-07-31,1.0204014224474762,True,"HISTORICAL UK RETAIL, ISA, ACCOUNT AND BROKER ELIGIBILITY REMAIN PARTLY UNRESOLVED",
BEST_PROFIT_DIAGNOSTIC_MONTHLY,ROLLING_24M,2026-08-21,1.0774397027903166,True,"HISTORICAL UK RETAIL, ISA, ACCOUNT AND BROKER ELIGIBILITY REMAIN PARTLY UNRESOLVED",
BEST_PROFIT_DIAGNOSTIC_MONTHLY,LEAVE_ONE_CALENDAR_YEAR_OUT,,1.9902146473137123,True,"HISTORICAL UK RETAIL, ISA, ACCOUNT AND BROKER ELIGIBILITY REMAIN PARTLY UNRESOLVED",2021.0
BEST_PROFIT_DIAGNOSTIC_MONTHLY,LEAVE_ONE_CALENDAR_YEAR_OUT,,1.3534974671335314,True,"HISTORICAL UK RETAIL, ISA, ACCOUNT AND BROKER ELIGIBILITY REMAIN PARTLY UNRESOLVED",2022.0
BEST_PROFIT_DIAGNOSTIC_MONTHLY,LEAVE_ONE_CALENDAR_YEAR_OUT,,1.4232929333169442,True,"HISTORICAL UK RETAIL, ISA, ACCOUNT AND BROKER ELIGIBILITY REMAIN PARTLY UNRESOLVED",2023.0
BEST_PROFIT_DIAGNOSTIC_MONTHLY,LEAVE_ONE_CALENDAR_YEAR_OUT,,2.232395195738281,True,"HISTORICAL UK RETAIL, ISA, ACCOUNT AND BROKER ELIGIBILITY REMAIN PARTLY UNRESOLVED",2024.0
BEST_PROFIT_DIAGNOSTIC_MONTHLY,LEAVE_ONE_CALENDAR_YEAR_OUT,,0.7998707740601632,True,"HISTORICAL UK RETAIL, ISA, ACCOUNT AND BROKER ELIGIBILITY REMAIN PARTLY UNRESOLVED",2025.0
BEST_PROFIT_DIAGNOSTIC_MONTHLY,LEAVE_ONE_CALENDAR_YEAR_OUT,,1.2903218075506282,True,"HISTORICAL UK RETAIL, ISA, ACCOUNT AND BROKER ELIGIBILITY REMAIN PARTLY UNRESOLVED",2026.0
BEST_REGIME_DIAGNOSTIC_MONTHLY,ROLLING_12M,2022-09-30,0.015426721743982075,True,"HISTORICAL UK RETAIL, ISA, ACCOUNT AND BROKER ELIGIBILITY REMAIN PARTLY UNRESOLVED",
BEST_REGIME_DIAGNOSTIC_MONTHLY,ROLLING_12M,2022-10-31,-0.0005772068451572743,False,"HISTORICAL UK RETAIL, ISA, ACCOUNT AND BROKER ELIGIBILITY REMAIN PARTLY UNRESOLVED",
BEST_REGIME_DIAGNOSTIC_MONTHLY,ROLLING_12M,2022-11-30,0.002086976181151279,True,"HISTORICAL UK RETAIL, ISA, ACCOUNT AND BROKER ELIGIBILITY REMAIN PARTLY UNRESOLVED",
BEST_REGIME_DIAGNOSTIC_MONTHLY,ROLLING_12M,2022-12-30,0.0705535159397861,True,"HISTORICAL UK RETAIL, ISA, ACCOUNT AND BROKER ELIGIBILITY REMAIN PARTLY UNRESOLVED",
BEST_REGIME_DIAGNOSTIC_MONTHLY,ROLLING_12M,2023-01-31,0.3657117243241812,True,"HISTORICAL UK RETAIL, ISA, ACCOUNT AND BROKER ELIGIBILITY REMAIN PARTLY UNRESOLVED",
BEST_REGIME_DIAGNOSTIC_MONTHLY,ROLLING_12M,2023-02-28,0.4055363157961407,True,"HISTORICAL UK RETAIL, ISA, ACCOUNT AND BROKER ELIGIBILITY REMAIN PARTLY UNRESOLVED",
BEST_REGIME_DIAGNOSTIC_MONTHLY,ROLLING_12M,2023-03-31,0.26279180559702464,True,"HISTORICAL UK RETAIL, ISA, ACCOUNT AND BROKER ELIGIBILITY REMAIN PARTLY UNRESOLVED",
BEST_REGIME_DIAGNOSTIC_MONTHLY,ROLLING_12M,2023-04-28,0.17333884510387199,True,"HISTORICAL UK RETAIL, ISA, ACCOUNT AND BROKER ELIGIBILITY REMAIN PARTLY UNRESOLVED",
BEST_REGIME_DIAGNOSTIC_MONTHLY,ROLLING_12M,2023-05-31,0.23414779776839723,True,"HISTORICAL UK RETAIL, ISA, ACCOUNT AND BROKER ELIGIBILITY REMAIN PARTLY UNRESOLVED",
BEST_REGIME_DIAGNOSTIC_MONTHLY,ROLLING_12M,2023-06-30,0.3197530897997274,True,"HISTORICAL UK RETAIL, ISA, ACCOUNT AND BROKER ELIGIBILITY REMAIN PARTLY UNRESOLVED",
BEST_REGIME_DIAGNOSTIC_MONTHLY,ROLLING_12M,2023-07-31,0.33945267542746493,True,"HISTORICAL UK RETAIL, ISA, ACCOUNT AND BROKER ELIGIBILITY REMAIN PARTLY UNRESOLVED",
BEST_REGIME_DIAGNOSTIC_MONTHLY,ROLLING_12M,2023-08-31,0.1637506985878905,True,"HISTORICAL UK RETAIL, ISA, ACCOUNT AND BROKER ELIGIBILITY REMAIN PARTLY UNRESOLVED",
BEST_REGIME_DIAGNOSTIC_MONTHLY,ROLLING_12M,2023-09-29,0.2553940790318112,True,"HISTORICAL UK RETAIL, ISA, ACCOUNT AND BROKER ELIGIBILITY REMAIN PARTLY UNRESOLVED",
BEST_REGIME_DIAGNOSTIC_MONTHLY,ROLLING_12M,2023-10-31,0.22631837730908533,True,"HISTORICAL UK RETAIL, ISA, ACCOUNT AND BROKER ELIGIBILITY REMAIN PARTLY UNRESOLVED",
BEST_REGIME_DIAGNOSTIC_MONTHLY,ROLLING_12M,2023-11-30,0.2468662854396797,True,"HISTORICAL UK RETAIL, ISA, ACCOUNT AND BROKER ELIGIBILITY REMAIN PARTLY UNRESOLVED",
BEST_REGIME_DIAGNOSTIC_MONTHLY,ROLLING_12M,2023-12-29,0.1906739647913529,True,"HISTORICAL UK RETAIL, ISA, ACCOUNT AND BROKER ELIGIBILITY REMAIN PARTLY UNRESOLVED",
BEST_REGIME_DIAGNOSTIC_MONTHLY,ROLLING_12M,2024-01-31,0.04271678178614935,True,"HISTORICAL UK RETAIL, ISA, ACCOUNT AND BROKER ELIGIBILITY REMAIN PARTLY UNRESOLVED",
BEST_REGIME_DIAGNOSTIC_MONTHLY,ROLLING_12M,2024-02-29,0.0980462363588821,True,"HISTORICAL UK RETAIL, ISA, ACCOUNT AND BROKER ELIGIBILITY REMAIN PARTLY UNRESOLVED",
BEST_REGIME_DIAGNOSTIC_MONTHLY,ROLLING_12M,2024-03-28,0.24351505522745387,True,"HISTORICAL UK RETAIL, ISA, ACCOUNT AND BROKER ELIGIBILITY REMAIN PARTLY UNRESOLVED",
BEST_REGIME_DIAGNOSTIC_MONTHLY,ROLLING_12M,2024-04-30,0.26895187335632076,True,"HISTORICAL UK RETAIL, ISA, ACCOUNT AND BROKER ELIGIBILITY REMAIN PARTLY UNRESOLVED",
BEST_REGIME_DIAGNOSTIC_MONTHLY,ROLLING_12M,2024-05-31,0.16490254334172172,True,"HISTORICAL UK RETAIL, ISA, ACCOUNT AND BROKER ELIGIBILITY REMAIN PARTLY UNRESOLVED",
BEST_REGIME_DIAGNOSTIC_MONTHLY,ROLLING_12M,2024-06-28,0.07929304010732441,True,"HISTORICAL UK RETAIL, ISA, ACCOUNT AND BROKER ELIGIBILITY REMAIN PARTLY UNRESOLVED",
BEST_REGIME_DIAGNOSTIC_MONTHLY,ROLLING_12M,2024-07-31,0.026734082973173257,True,"HISTORICAL UK RETAIL, ISA, ACCOUNT AND BROKER ELIGIBILITY REMAIN PARTLY UNRESOLVED",
BEST_REGIME_DIAGNOSTIC_MONTHLY,ROLLING_12M,2024-08-30,0.031123563738509885,True,"HISTORICAL UK RETAIL, ISA, ACCOUNT AND BROKER ELIGIBILITY REMAIN PARTLY UNRESOLVED",
BEST_REGIME_DIAGNOSTIC_MONTHLY,ROLLING_12M,2024-09-30,0.06891518908418548,True,"HISTORICAL UK RETAIL, ISA, ACCOUNT AND BROKER ELIGIBILITY REMAIN PARTLY UNRESOLVED",
BEST_REGIME_DIAGNOSTIC_MONTHLY,ROLLING_12M,2024-10-31,0.13183549199404898,True,"HISTORICAL UK RETAIL, ISA, ACCOUNT AND BROKER ELIGIBILITY REMAIN PARTLY UNRESOLVED",
BEST_REGIME_DIAGNOSTIC_MONTHLY,ROLLING_12M,2024-11-29,0.0971299379121433,True,"HISTORICAL UK RETAIL, ISA, ACCOUNT AND BROKER ELIGIBILITY REMAIN PARTLY UNRESOLVED",
BEST_REGIME_DIAGNOSTIC_MONTHLY,ROLLING_12M,2024-12-31,0.06362604099801383,True,"HISTORICAL UK RETAIL, ISA, ACCOUNT AND BROKER ELIGIBILITY REMAIN PARTLY UNRESOLVED",
BEST_REGIME_DIAGNOSTIC_MONTHLY,ROLLING_12M,2025-01-31,0.13513128099503557,True,"HISTORICAL UK RETAIL, ISA, ACCOUNT AND BROKER ELIGIBILITY REMAIN PARTLY UNRESOLVED",
BEST_REGIME_DIAGNOSTIC_MONTHLY,ROLLING_12M,2025-02-28,-0.08432147511826782,False,"HISTORICAL UK RETAIL, ISA, ACCOUNT AND BROKER ELIGIBILITY REMAIN PARTLY UNRESOLVED",
BEST_REGIME_DIAGNOSTIC_MONTHLY,ROLLING_12M,2025-03-31,-0.11905587931463846,False,"HISTORICAL UK RETAIL, ISA, ACCOUNT AND BROKER ELIGIBILITY REMAIN PARTLY UNRESOLVED",
BEST_REGIME_DIAGNOSTIC_MONTHLY,ROLLING_12M,2025-04-30,-0.040288866787081656,False,"HISTORICAL UK RETAIL, ISA, ACCOUNT AND BROKER ELIGIBILITY REMAIN PARTLY UNRESOLVED",
BEST_REGIME_DIAGNOSTIC_MONTHLY,ROLLING_12M,2025-05-30,-0.06856745616344162,False,"HISTORICAL UK RETAIL, ISA, ACCOUNT AND BROKER ELIGIBILITY REMAIN PARTLY UNRESOLVED",
BEST_REGIME_DIAGNOSTIC_MONTHLY,ROLLING_12M,2025-06-30,-0.01037283946350831,False,"HISTORICAL UK RETAIL, ISA, ACCOUNT AND BROKER ELIGIBILITY REMAIN PARTLY UNRESOLVED",
BEST_REGIME_DIAGNOSTIC_MONTHLY,ROLLING_12M,2025-07-31,0.06837223069224407,True,"HISTORICAL UK RETAIL, ISA, ACCOUNT AND BROKER ELIGIBILITY REMAIN PARTLY UNRESOLVED",
BEST_REGIME_DIAGNOSTIC_MONTHLY,ROLLING_12M,2025-08-29,0.09581482418298881,True,"HISTORICAL UK RETAIL, ISA, ACCOUNT AND BROKER ELIGIBILITY REMAIN PARTLY UNRESOLVED",
BEST_REGIME_DIAGNOSTIC_MONTHLY,ROLLING_12M,2025-09-30,0.2042717303821311,True,"HISTORICAL UK RETAIL, ISA, ACCOUNT AND BROKER ELIGIBILITY REMAIN PARTLY UNRESOLVED",
BEST_REGIME_DIAGNOSTIC_MONTHLY,ROLLING_12M,2025-10-31,0.09409236411467847,True,"HISTORICAL UK RETAIL, ISA, ACCOUNT AND BROKER ELIGIBILITY REMAIN PARTLY UNRESOLVED",
BEST_REGIME_DIAGNOSTIC_MONTHLY,ROLLING_12M,2025-11-28,0.3091127122858013,True,"HISTORICAL UK RETAIL, ISA, ACCOUNT AND BROKER ELIGIBILITY REMAIN PARTLY UNRESOLVED",
BEST_REGIME_DIAGNOSTIC_MONTHLY,ROLLING_12M,2025-12-31,0.4318231688581218,True,"HISTORICAL UK RETAIL, ISA, ACCOUNT AND BROKER ELIGIBILITY REMAIN PARTLY UNRESOLVED",
BEST_REGIME_DIAGNOSTIC_MONTHLY,ROLLING_12M,2026-01-30,0.6048363946900897,True,"HISTORICAL UK RETAIL, ISA, ACCOUNT AND BROKER ELIGIBILITY REMAIN PARTLY UNRESOLVED",
BEST_REGIME_DIAGNOSTIC_MONTHLY,ROLLING_12M,2026-02-27,1.0318681119023236,True,"HISTORICAL UK RETAIL, ISA, ACCOUNT AND BROKER ELIGIBILITY REMAIN PARTLY UNRESOLVED",
BEST_REGIME_DIAGNOSTIC_MONTHLY,ROLLING_12M,2026-03-31,0.6185862051011262,True,"HISTORICAL UK RETAIL, ISA, ACCOUNT AND BROKER ELIGIBILITY REMAIN PARTLY UNRESOLVED",
BEST_REGIME_DIAGNOSTIC_MONTHLY,ROLLING_12M,2026-04-30,0.6210640945904218,True,"HISTORICAL UK RETAIL, ISA, ACCOUNT AND BROKER ELIGIBILITY REMAIN PARTLY UNRESOLVED",
BEST_REGIME_DIAGNOSTIC_MONTHLY,ROLLING_12M,2026-05-29,0.9862607163029642,True,"HISTORICAL UK RETAIL, ISA, ACCOUNT AND BROKER ELIGIBILITY REMAIN PARTLY UNRESOLVED",
BEST_REGIME_DIAGNOSTIC_MONTHLY,ROLLING_12M,2026-06-30,1.1899313938858391,True,"HISTORICAL UK RETAIL, ISA, ACCOUNT AND BROKER ELIGIBILITY REMAIN PARTLY UNRESOLVED",
BEST_REGIME_DIAGNOSTIC_MONTHLY,ROLLING_12M,2026-07-31,0.8412625539597465,True,"HISTORICAL UK RETAIL, ISA, ACCOUNT AND BROKER ELIGIBILITY REMAIN PARTLY UNRESOLVED",
BEST_REGIME_DIAGNOSTIC_MONTHLY,ROLLING_12M,2026-08-21,0.8345880968594668,True,"HISTORICAL UK RETAIL, ISA, ACCOUNT AND BROKER ELIGIBILITY REMAIN PARTLY UNRESOLVED",
BEST_REGIME_DIAGNOSTIC_MONTHLY,ROLLING_24M,2023-09-29,0.2747606941680776,True,"HISTORICAL UK RETAIL, ISA, ACCOUNT AND BROKER ELIGIBILITY REMAIN PARTLY UNRESOLVED",
BEST_REGIME_DIAGNOSTIC_MONTHLY,ROLLING_24M,2023-10-31,0.22561053794736052,True,"HISTORICAL UK RETAIL, ISA, ACCOUNT AND BROKER ELIGIBILITY REMAIN PARTLY UNRESOLVED",
BEST_REGIME_DIAGNOSTIC_MONTHLY,ROLLING_24M,2023-11-30,0.24946846567847314,True,"HISTORICAL UK RETAIL, ISA, ACCOUNT AND BROKER ELIGIBILITY REMAIN PARTLY UNRESOLVED",
BEST_REGIME_DIAGNOSTIC_MONTHLY,ROLLING_24M,2023-12-29,0.2746801993453478,True,"HISTORICAL UK RETAIL, ISA, ACCOUNT AND BROKER ELIGIBILITY REMAIN PARTLY UNRESOLVED",
BEST_REGIME_DIAGNOSTIC_MONTHLY,ROLLING_24M,2024-01-31,0.4240505340349232,True,"HISTORICAL UK RETAIL, ISA, ACCOUNT AND BROKER ELIGIBILITY REMAIN PARTLY UNRESOLVED",
BEST_REGIME_DIAGNOSTIC_MONTHLY,ROLLING_24M,2024-02-29,0.5433438616256816,True,"HISTORICAL UK RETAIL, ISA, ACCOUNT AND BROKER ELIGIBILITY REMAIN PARTLY UNRESOLVED",
BEST_REGIME_DIAGNOSTIC_MONTHLY,ROLLING_24M,2024-03-28,0.5703006218777604,True,"HISTORICAL UK RETAIL, ISA, ACCOUNT AND BROKER ELIGIBILITY REMAIN PARTLY UNRESOLVED",
BEST_REGIME_DIAGNOSTIC_MONTHLY,ROLLING_24M,2024-04-30,0.48891052557630044,True,"HISTORICAL UK RETAIL, ISA, ACCOUNT AND BROKER ELIGIBILITY REMAIN PARTLY UNRESOLVED",
BEST_REGIME_DIAGNOSTIC_MONTHLY,ROLLING_24M,2024-05-31,0.43766190847999087,True,"HISTORICAL UK RETAIL, ISA, ACCOUNT AND BROKER ELIGIBILITY REMAIN PARTLY UNRESOLVED",
BEST_REGIME_DIAGNOSTIC_MONTHLY,ROLLING_24M,2024-06-28,0.42440032448098264,True,"HISTORICAL UK RETAIL, ISA, ACCOUNT AND BROKER ELIGIBILITY REMAIN PARTLY UNRESOLVED",
BEST_REGIME_DIAGNOSTIC_MONTHLY,ROLLING_24M,2024-07-31,0.37526171439098155,True,"HISTORICAL UK RETAIL, ISA, ACCOUNT AND BROKER ELIGIBILITY REMAIN PARTLY UNRESOLVED",
BEST_REGIME_DIAGNOSTIC_MONTHLY,ROLLING_24M,2024-08-30,0.1999707676311262,True,"HISTORICAL UK RETAIL, ISA, ACCOUNT AND BROKER ELIGIBILITY REMAIN PARTLY UNRESOLVED",
BEST_REGIME_DIAGNOSTIC_MONTHLY,ROLLING_24M,2024-09-30,0.34190979936345567,True,"HISTORICAL UK RETAIL, ISA, ACCOUNT AND BROKER ELIGIBILITY REMAIN PARTLY UNRESOLVED",
BEST_REGIME_DIAGNOSTIC_MONTHLY,ROLLING_24M,2024-10-31,0.38799066392297243,True,"HISTORICAL UK RETAIL, ISA, ACCOUNT AND BROKER ELIGIBILITY REMAIN PARTLY UNRESOLVED",
BEST_REGIME_DIAGNOSTIC_MONTHLY,ROLLING_24M,2024-11-29,0.3679743303291807,True,"HISTORICAL UK RETAIL, ISA, ACCOUNT AND BROKER ELIGIBILITY REMAIN PARTLY UNRESOLVED",
BEST_REGIME_DIAGNOSTIC_MONTHLY,ROLLING_24M,2024-12-31,0.2664318352904351,True,"HISTORICAL UK RETAIL, ISA, ACCOUNT AND BROKER ELIGIBILITY REMAIN PARTLY UNRESOLVED",
BEST_REGIME_DIAGNOSTIC_MONTHLY,ROLLING_24M,2025-01-31,0.18362043622393265,True,"HISTORICAL UK RETAIL, ISA, ACCOUNT AND BROKER ELIGIBILITY REMAIN PARTLY UNRESOLVED",
BEST_REGIME_DIAGNOSTIC_MONTHLY,ROLLING_24M,2025-02-28,0.005457357961039078,True,"HISTORICAL UK RETAIL, ISA, ACCOUNT AND BROKER ELIGIBILITY REMAIN PARTLY UNRESOLVED",
BEST_REGIME_DIAGNOSTIC_MONTHLY,ROLLING_24M,2025-03-31,0.09546727688635825,True,"HISTORICAL UK RETAIL, ISA, ACCOUNT AND BROKER ELIGIBILITY REMAIN PARTLY UNRESOLVED",
BEST_REGIME_DIAGNOSTIC_MONTHLY,ROLLING_24M,2025-04-30,0.2178272403714503,True,"HISTORICAL UK RETAIL, ISA, ACCOUNT AND BROKER ELIGIBILITY REMAIN PARTLY UNRESOLVED",
BEST_REGIME_DIAGNOSTIC_MONTHLY,ROLLING_24M,2025-05-30,0.08502813926645669,True,"HISTORICAL UK RETAIL, ISA, ACCOUNT AND BROKER ELIGIBILITY REMAIN PARTLY UNRESOLVED",
BEST_REGIME_DIAGNOSTIC_MONTHLY,ROLLING_24M,2025-06-30,0.06809770666820936,True,"HISTORICAL UK RETAIL, ISA, ACCOUNT AND BROKER ELIGIBILITY REMAIN PARTLY UNRESOLVED",
BEST_REGIME_DIAGNOSTIC_MONTHLY,ROLLING_24M,2025-07-31,0.0969341825538046,True,"HISTORICAL UK RETAIL, ISA, ACCOUNT AND BROKER ELIGIBILITY REMAIN PARTLY UNRESOLVED",
BEST_REGIME_DIAGNOSTIC_MONTHLY,ROLLING_24M,2025-08-29,0.12992048670905199,True,"HISTORICAL UK RETAIL, ISA, ACCOUNT AND BROKER ELIGIBILITY REMAIN PARTLY UNRESOLVED",
BEST_REGIME_DIAGNOSTIC_MONTHLY,ROLLING_24M,2025-09-30,0.2872643443901548,True,"HISTORICAL UK RETAIL, ISA, ACCOUNT AND BROKER ELIGIBILITY REMAIN PARTLY UNRESOLVED",
BEST_REGIME_DIAGNOSTIC_MONTHLY,ROLLING_24M,2025-10-31,0.2383325692246694,True,"HISTORICAL UK RETAIL, ISA, ACCOUNT AND BROKER ELIGIBILITY REMAIN PARTLY UNRESOLVED",
BEST_REGIME_DIAGNOSTIC_MONTHLY,ROLLING_24M,2025-11-28,0.43626674875011884,True,"HISTORICAL UK RETAIL, ISA, ACCOUNT AND BROKER ELIGIBILITY REMAIN PARTLY UNRESOLVED",
BEST_REGIME_DIAGNOSTIC_MONTHLY,ROLLING_24M,2025-12-31,0.5229244085017948,True,"HISTORICAL UK RETAIL, ISA, ACCOUNT AND BROKER ELIGIBILITY REMAIN PARTLY UNRESOLVED",
BEST_REGIME_DIAGNOSTIC_MONTHLY,ROLLING_24M,2026-01-30,0.8216999924920159,True,"HISTORICAL UK RETAIL, ISA, ACCOUNT AND BROKER ELIGIBILITY REMAIN PARTLY UNRESOLVED",
BEST_REGIME_DIAGNOSTIC_MONTHLY,ROLLING_24M,2026-02-27,0.86053799546095,True,"HISTORICAL UK RETAIL, ISA, ACCOUNT AND BROKER ELIGIBILITY REMAIN PARTLY UNRESOLVED",
BEST_REGIME_DIAGNOSTIC_MONTHLY,ROLLING_24M,2026-03-31,0.4258840012062679,True,"HISTORICAL UK RETAIL, ISA, ACCOUNT AND BROKER ELIGIBILITY REMAIN PARTLY UNRESOLVED",
BEST_REGIME_DIAGNOSTIC_MONTHLY,ROLLING_24M,2026-04-30,0.5557532592301473,True,"HISTORICAL UK RETAIL, ISA, ACCOUNT AND BROKER ELIGIBILITY REMAIN PARTLY UNRESOLVED",
BEST_REGIME_DIAGNOSTIC_MONTHLY,ROLLING_24M,2026-05-29,0.8500678717086947,True,"HISTORICAL UK RETAIL, ISA, ACCOUNT AND BROKER ELIGIBILITY REMAIN PARTLY UNRESOLVED",
BEST_REGIME_DIAGNOSTIC_MONTHLY,ROLLING_24M,2026-06-30,1.1672155871009644,True,"HISTORICAL UK RETAIL, ISA, ACCOUNT AND BROKER ELIGIBILITY REMAIN PARTLY UNRESOLVED",
BEST_REGIME_DIAGNOSTIC_MONTHLY,ROLLING_24M,2026-07-31,0.9671537820640728,True,"HISTORICAL UK RETAIL, ISA, ACCOUNT AND BROKER ELIGIBILITY REMAIN PARTLY UNRESOLVED",
BEST_REGIME_DIAGNOSTIC_MONTHLY,ROLLING_24M,2026-08-21,1.0103688328082607,True,"HISTORICAL UK RETAIL, ISA, ACCOUNT AND BROKER ELIGIBILITY REMAIN PARTLY UNRESOLVED",
BEST_REGIME_DIAGNOSTIC_MONTHLY,LEAVE_ONE_CALENDAR_YEAR_OUT,,1.632216205841754,True,"HISTORICAL UK RETAIL, ISA, ACCOUNT AND BROKER ELIGIBILITY REMAIN PARTLY UNRESOLVED",2021.0
BEST_REGIME_DIAGNOSTIC_MONTHLY,LEAVE_ONE_CALENDAR_YEAR_OUT,,1.4684956978792463,True,"HISTORICAL UK RETAIL, ISA, ACCOUNT AND BROKER ELIGIBILITY REMAIN PARTLY UNRESOLVED",2022.0
BEST_REGIME_DIAGNOSTIC_MONTHLY,LEAVE_ONE_CALENDAR_YEAR_OUT,,1.2966416893095563,True,"HISTORICAL UK RETAIL, ISA, ACCOUNT AND BROKER ELIGIBILITY REMAIN PARTLY UNRESOLVED",2023.0
BEST_REGIME_DIAGNOSTIC_MONTHLY,LEAVE_ONE_CALENDAR_YEAR_OUT,,1.5103227407829638,True,"HISTORICAL UK RETAIL, ISA, ACCOUNT AND BROKER ELIGIBILITY REMAIN PARTLY UNRESOLVED",2024.0
BEST_REGIME_DIAGNOSTIC_MONTHLY,LEAVE_ONE_CALENDAR_YEAR_OUT,,0.8660911108048894,True,"HISTORICAL UK RETAIL, ISA, ACCOUNT AND BROKER ELIGIBILITY REMAIN PARTLY UNRESOLVED",2025.0
BEST_REGIME_DIAGNOSTIC_MONTHLY,LEAVE_ONE_CALENDAR_YEAR_OUT,,0.8879280383454826,True,"HISTORICAL UK RETAIL, ISA, ACCOUNT AND BROKER ELIGIBILITY REMAIN PARTLY UNRESOLVED",2026.0
