specification_id,window_id,window_start,window_end,first_observation_date,last_observation_date,observation_count,calendar_years,gross_cagr,net_cagr,annualised_volatility,downside_volatility,sharpe_zero_cash_hurdle,sortino_zero_cash_hurdle,maximum_drawdown,average_drawdown,calmar_mar,ulcer_index,ulcer_performance_index,worst_month,worst_quarter,worst_rolling_six_months,maximum_time_underwater_calendar_days,percentage_months_in_drawdown,percentage_positive_months,percentage_positive_rolling_12m,maximum_consecutive_losing_months,loss_cluster_count_ge_2_months,worst_loss_cluster_return,annual_turnover_traded_notional,trade_legs,executed_rebalances,average_cash_weight,percentage_time_with_cash,cash_return_contribution,total_transaction_cost_value,log_equity_curve_r2,log_equity_trend_standard_error,frequency_of_new_equity_highs,median_calendar_days_between_equity_highs,percentage_days_underwater,warning,global_benchmark_cagr,equal_pool_cagr,net_excess_vs_global,net_excess_vs_equal_pool,cost_drag_cagr,drawdown_efficiency_excess_vs_pool,terminal_wealth_per_100k,percentage_time_100_cash,percentage_time_partially_invested,worst_calendar_year,signal_id,breadth,frequency,cash_architecture,weighting_method,maturity_scope,cost_scenario,excluded_families,leadership_capture_delay_sessions,drawdown_response_calendar_days,trades_per_year,average_holding_period_calendar_days,average_etf_replacement_rate
M2_INTERMEDIATE_5H|TOP_6|DAILY|CASH_0_ALWAYS_INVESTED|W0_EQUAL|DYNAMIC_POINT_IN_TIME|DOUBLE_COST,FULL_HISTORY,2017-02-06,2026-08-21,2017-02-06,2026-08-21,2244,9.536130105340971,0.16504575005591482,-0.02746036057355139,0.18779135598098082,0.14298151736606182,-0.14622803286181354,-0.1920553165151218,-0.46164109329900616,-0.23703265373972757,-0.059484220473772345,0.2638729044133506,-0.10406661735353999,-0.13959132522690754,-0.248204928464707,-0.2923313748037295,3299,1.0,0.5263157894736842,0.3300970873786408,8,11,-0.32089250416466153,37.49582699932397,6929,981,0.0,0.0,0.0,1.3153810716977838,0.5237418975756202,0.1039985122500704,0.0031194295900178253,8.0,0.9968805704099821,"HISTORICAL UK RETAIL, ISA, ACCOUNT AND BROKER ELIGIBILITY REMAIN PARTLY UNRESOLVED",0.12033444661541659,0.12406505246808441,-0.14779480718896798,-0.1515254130416358,0.1925061106294662,-0.3282320730132497,76680.07877058536,0.0,0.0,-0.2176581097868806,M2_INTERMEDIATE_5H,6,DAILY,CASH_0_ALWAYS_INVESTED,W0_EQUAL,DYNAMIC_POINT_IN_TIME,DOUBLE_COST,,49.963431494538916,,102.87191860465117,19.921830314585318,0.17738095238095236
M2_INTERMEDIATE_5H|TOP_6|DAILY|CASH_0_ALWAYS_INVESTED|W0_EQUAL|DYNAMIC_POINT_IN_TIME|DOUBLE_COST,PRE_2020,2017-02-06,2019-12-31,2017-02-06,2019-12-31,650,2.896705613393841,0.06716063494748603,-0.07960291518647633,0.12807972508787954,0.09133922268799367,-0.6215106655784767,-0.8715085682127219,-0.24818044711291565,-0.1159937314787919,-0.32074611885221993,0.13952917932722697,-0.570510882170315,-0.09640228902347914,-0.14715315178435928,-0.1326517003704939,874,1.0,0.47058823529411764,0.0,5,4,-0.15769819461326673,31.654965136715838,1809,257,0.0,0.0,0.0,0.38265797144829383,0.83501464795407,0.03484743963258232,0.010769230769230769,8.0,0.9892307692307692,"HISTORICAL UK RETAIL, ISA, ACCOUNT AND BROKER ELIGIBILITY REMAIN PARTLY UNRESOLVED",0.09536344780005646,0.08379798415408746,-0.1749663629865328,-0.1634008993405638,0.14676355013396236,-0.658395539380347,78640.60743595497,0.0,0.0,-0.18896966809611082,M2_INTERMEDIATE_5H,6,DAILY,CASH_0_ALWAYS_INVESTED,W0_EQUAL,DYNAMIC_POINT_IN_TIME,DOUBLE_COST,,49.963431494538916,,88.72147684310019,23.252747252747252,0.17382812499999994
M2_INTERMEDIATE_5H|TOP_6|DAILY|CASH_0_ALWAYS_INVESTED|W0_EQUAL|DYNAMIC_POINT_IN_TIME|DOUBLE_COST,POST_2020,2020-01-02,2026-08-21,2020-01-02,2026-08-21,1594,6.633948677933154,0.20896857886131626,-0.005230548366843446,0.20726936694724177,0.15722955311838652,-0.025235510890400062,-0.033266954354981136,-0.4089586243133878,-0.1955230487535399,-0.012789920681157321,0.22668958265171202,-0.02307361593620166,-0.13959132522690754,-0.14709401529122346,-0.20788601251332273,1905,1.0,0.5569620253164557,0.47058823529411764,4,8,-0.20190866880703318,40.07718213949649,5120,724,0.0,0.0,0.0,0.93272310024949,0.16431216993720243,0.11354700499019056,0.01944792973651192,3.0,0.9805520702634881,"HISTORICAL UK RETAIL, ISA, ACCOUNT AND BROKER ELIGIBILITY REMAIN PARTLY UNRESOLVED",0.12967523294147298,0.14034082798086622,-0.13490578130831643,-0.14557137634770967,0.2141991272281597,-0.3559562451876729,96580.79684023806,0.0,0.0,-0.2176581097868806,M2_INTERMEDIATE_5H,6,DAILY,CASH_0_ALWAYS_INVESTED,W0_EQUAL,DYNAMIC_POINT_IN_TIME,DOUBLE_COST,,49.963431494538916,,109.13560462236896,18.606914212548016,0.1786537574919318
M2_INTERMEDIATE_5H|TOP_6|DAILY|CASH_0_ALWAYS_INVESTED|W0_EQUAL|DYNAMIC_POINT_IN_TIME|DOUBLE_COST,LATEST_5Y,2021-09-01,2026-08-21,2021-09-01,2026-08-21,1211,4.969301217684142,0.1861350716804544,-0.030164437989018245,0.20316526815833932,0.1514130232763087,-0.14847241490858182,-0.19921957395944828,-0.4018183775105416,-0.23036242967214526,-0.07506983173816356,0.24753590199086437,-0.12185884046077285,-0.13959132522690754,-0.14709401529122346,-0.20788601251332273,1746,1.0,0.5254237288135594,0.4166666666666667,4,6,-0.15271174744460403,41.194812690635516,3945,558,0.0,0.0,0.0,0.7031939635630321,0.06820442870120813,0.10832406517617085,0.00495458298926507,3.0,0.9950454170107349,"HISTORICAL UK RETAIL, ISA, ACCOUNT AND BROKER ELIGIBILITY REMAIN PARTLY UNRESOLVED",0.11516454821291355,0.11553781826242937,-0.1453289862019318,-0.14570225625144761,0.21629950966947264,-0.36260724846420234,85881.35265435663,0.0,0.0,-0.2176581097868806,M2_INTERMEDIATE_5H,6,DAILY,CASH_0_ALWAYS_INVESTED,W0_EQUAL,DYNAMIC_POINT_IN_TIME,DOUBLE_COST,,49.963431494538916,,112.28942975206611,18.079734219269103,0.17833632555356077
M2_INTERMEDIATE_5H|TOP_6|DAILY|CASH_0_ALWAYS_INVESTED|W0_EQUAL|DYNAMIC_POINT_IN_TIME|DOUBLE_COST,LATEST_3Y,2023-08-21,2026-08-21,2023-08-21,2026-08-21,753,3.0007460796594043,0.32695706850862427,0.0781972700830258,0.21039455604734378,0.15824998994185419,0.3716696456035181,0.49413759907193566,-0.24032385295272152,-0.0837606383520443,0.3253828911373579,0.10108402529386541,0.7735868239882155,-0.13959132522690754,-0.10852412281599932,-0.12593535765286357,491,0.8918918918918919,0.6111111111111112,0.52,2,2,-0.14251180775365024,42.25797529037858,2433,344,0.0,0.0,0.0,0.42217194007271186,0.35881242391325774,0.07417203603119397,0.06772908366533864,2.0,0.9322709163346613,"HISTORICAL UK RETAIL, ISA, ACCOUNT AND BROKER ELIGIBILITY REMAIN PARTLY UNRESOLVED",0.18682342362237514,0.20808704219268837,-0.10862615353934935,-0.12988977210966257,0.24875979842559848,-0.5404780695456625,125348.48206995643,0.0,0.0,-0.09671891203578276,M2_INTERMEDIATE_5H,6,DAILY,CASH_0_ALWAYS_INVESTED,W0_EQUAL,DYNAMIC_POINT_IN_TIME,DOUBLE_COST,,49.963431494538916,,114.63815693430656,17.566844919786096,0.1788143828960156
M2_INTERMEDIATE_5H|TOP_6|WEEKLY|CASH_0_ALWAYS_INVESTED|W0_EQUAL|DYNAMIC_POINT_IN_TIME|DOUBLE_COST,FULL_HISTORY,2017-02-06,2026-08-21,2017-02-06,2026-08-21,2257,9.536130105340971,0.14344826421184487,0.06604582638727963,0.18803355107695546,0.14390628256839305,0.3512449028857058,0.4589502640782248,-0.30700437550641435,-0.087679048739012,0.21512991884345214,0.10887695108010655,0.606609807971994,-0.15106898123835033,-0.21186052991719073,-0.21966925656110903,1337,0.9826086956521739,0.5877192982456141,0.5825242718446602,3,10,-0.21186052991719073,15.753274887648258,2545,352,0.0,0.0,0.0,0.7919369687795552,0.6335219900081466,0.1107689589396153,0.04519273371732388,3.0,0.9548072662826761,"HISTORICAL UK RETAIL, ISA, ACCOUNT AND BROKER ELIGIBILITY REMAIN PARTLY UNRESOLVED",0.12033444661541659,0.12288196680580055,-0.05428862022813696,-0.05683614041852092,0.07740243782456524,-0.18513136929976237,184023.9508210496,0.0,0.0,-0.1553802066816028,M2_INTERMEDIATE_5H,6,WEEKLY,CASH_0_ALWAYS_INVESTED,W0_EQUAL,DYNAMIC_POINT_IN_TIME,DOUBLE_COST,,49.89144956579826,3.0,36.91224806201551,47.60364464692483,0.20560303893637225
M2_INTERMEDIATE_5H|TOP_6|WEEKLY|CASH_0_ALWAYS_INVESTED|W0_EQUAL|DYNAMIC_POINT_IN_TIME|DOUBLE_COST,PRE_2020,2017-02-06,2019-12-31,2017-02-06,2019-12-31,651,2.896705613393841,0.06001172091207896,-0.0010521286186849776,0.12936635547276115,0.09124212728330697,-0.008132938543719812,-0.011531171510481298,-0.16323335317836996,-0.06153924011689247,-0.00644554925938013,0.07373272485631265,-0.014269493237030416,-0.09441702807489705,-0.12009361347088188,-0.10067778792369853,851,0.9714285714285714,0.6176470588235294,0.2608695652173913,3,2,-0.08231835431688483,13.3241158181633,662,92,0.0,0.0,0.0,0.17315545524668854,0.20907457781378214,0.03459410025122175,0.02457757296466974,5.0,0.9754224270353302,"HISTORICAL UK RETAIL, ISA, ACCOUNT AND BROKER ELIGIBILITY REMAIN PARTLY UNRESOLVED",0.09536344780005646,0.08429223208636127,-0.09641557641874143,-0.08534436070504625,0.061063849530763936,-0.5228365345885404,99695.53331366708,0.0,0.0,-0.11964168882148751,M2_INTERMEDIATE_5H,6,WEEKLY,CASH_0_ALWAYS_INVESTED,W0_EQUAL,DYNAMIC_POINT_IN_TIME,DOUBLE_COST,,49.89144956579826,3.0,31.760217391304348,54.724137931034484,0.20146520146520144
M2_INTERMEDIATE_5H|TOP_6|WEEKLY|CASH_0_ALWAYS_INVESTED|W0_EQUAL|DYNAMIC_POINT_IN_TIME|DOUBLE_COST,POST_2020,2020-01-02,2026-08-21,2020-01-02,2026-08-21,1606,6.633948677933154,0.18034257039373758,0.09522140974681559,0.207142271924576,0.15829407866496972,0.4596908630097835,0.6015475155476423,-0.2741359057559756,-0.0949896907527882,0.34735110486248283,0.11769171215377397,0.8090748957955589,-0.15106898123835033,-0.12063017643403451,-0.15454359089478864,1337,0.9875,0.5822784810126582,0.6764705882352942,3,8,-0.1792882452742316,16.8269673537194,1883,260,0.0,0.0,0.0,0.6187815135328667,0.5472788239839296,0.11974406471861283,0.05977584059775841,2.0,0.9402241594022416,"HISTORICAL UK RETAIL, ISA, ACCOUNT AND BROKER ELIGIBILITY REMAIN PARTLY UNRESOLVED",0.12967523294147298,0.13838929147148993,-0.034453823194657396,-0.04316788172467434,0.08512116064692199,-0.15746890800616464,182832.64524375377,0.0,0.0,-0.1553802066816028,M2_INTERMEDIATE_5H,6,WEEKLY,CASH_0_ALWAYS_INVESTED,W0_EQUAL,DYNAMIC_POINT_IN_TIME,DOUBLE_COST,,49.89144956579826,3.0,39.192344201403216,44.25,0.20720720720720723
M2_INTERMEDIATE_5H|TOP_6|WEEKLY|CASH_0_ALWAYS_INVESTED|W0_EQUAL|DYNAMIC_POINT_IN_TIME|DOUBLE_COST,LATEST_5Y,2021-09-01,2026-08-21,2021-09-01,2026-08-21,1223,4.969301217684142,0.1614597562609863,0.07656863332087882,0.2033434731897155,0.1517555613190775,0.3765482713548508,0.5045524042436079,-0.23888076939417402,-0.1116812861535103,0.3205307547989932,0.12921309907399728,0.5925764018478481,-0.15106898123835033,-0.12063017643403451,-0.15454359089478864,1337,0.9833333333333333,0.559322033898305,0.6875,3,6,-0.12063017643403451,17.142327802715368,1428,197,0.0,0.0,0.0,0.4874934818610095,0.5552342495010474,0.11349149994904137,0.0482420278004906,2.0,0.9517579721995094,"HISTORICAL UK RETAIL, ISA, ACCOUNT AND BROKER ELIGIBILITY REMAIN PARTLY UNRESOLVED",0.11516454821291355,0.11284113792316619,-0.03859591489203473,-0.03627250460228737,0.08489112294010748,-0.15184355230552102,144286.25752657975,0.0,0.0,-0.1553802066816028,M2_INTERMEDIATE_5H,6,WEEKLY,CASH_0_ALWAYS_INVESTED,W0_EQUAL,DYNAMIC_POINT_IN_TIME,DOUBLE_COST,,49.89144956579826,3.0,39.64340082644628,43.266932270916335,0.20833333333333331
M2_INTERMEDIATE_5H|TOP_6|WEEKLY|CASH_0_ALWAYS_INVESTED|W0_EQUAL|DYNAMIC_POINT_IN_TIME|DOUBLE_COST,LATEST_3Y,2023-08-21,2026-08-21,2023-08-21,2026-08-21,756,3.0007460796594043,0.2964389313993976,0.19914873292051927,0.21138296536573456,0.16150417077907597,0.9421229027417245,1.2330872444956105,-0.18047408253417851,-0.057852029728482586,1.1034755247075663,0.07529451334541633,2.6449302090169198,-0.15106898123835033,-0.10529368394975969,-0.10244863352083189,416,0.8648648648648649,0.6111111111111112,0.8,2,3,-0.10904928587919283,17.722093506054208,891,123,0.0,0.0,0.0,0.3226819140826177,0.8000122937675406,0.07941501770488196,0.11243386243386243,2.0,0.8875661375661376,"HISTORICAL UK RETAIL, ISA, ACCOUNT AND BROKER ELIGIBILITY REMAIN PARTLY UNRESOLVED",0.18682342362237514,0.20914998737126234,0.012325309298144127,-0.010001254450743069,0.09729019847887832,-0.05541656901815258,172455.879099698,0.0,0.0,-0.009143397701200762,M2_INTERMEDIATE_5H,6,WEEKLY,CASH_0_ALWAYS_INVESTED,W0_EQUAL,DYNAMIC_POINT_IN_TIME,DOUBLE_COST,,49.89144956579826,3.0,40.989806113138684,41.31645569620253,0.20765027322404367
M2_INTERMEDIATE_5H|TOP_6|MONTHLY|CASH_0_ALWAYS_INVESTED|W0_EQUAL|DYNAMIC_POINT_IN_TIME|DOUBLE_COST,FULL_HISTORY,2017-03-01,2026-08-21,2017-03-01,2026-08-21,2251,9.473158244180237,0.15001218617922563,0.12006100269015052,0.19112165416886273,0.14340126075584966,0.6281915213232321,0.8372381250856817,-0.2573424400187927,-0.07007861884075442,0.46654179031403814,0.09747627647993991,1.2316945930413994,-0.1274876815572522,-0.15802007973108634,-0.17175872190484653,920,0.9649122807017544,0.6283185840707964,0.7549019607843137,3,9,-0.15802007973108634,6.245568207739613,782,102,0.0,0.0,0.0,0.41208299809039833,0.84433986850701,0.12367350466251305,0.0790759662372279,3.0,0.9209240337627721,"HISTORICAL UK RETAIL, ISA, ACCOUNT AND BROKER ELIGIBILITY REMAIN PARTLY UNRESOLVED",0.11601083229325537,0.11531968560703398,0.0040501703968951475,0.004741317083116536,0.029951183489075106,0.01842415531138314,292734.6926573656,0.0,0.0,-0.15368054104146567,M2_INTERMEDIATE_5H,6,MONTHLY,CASH_0_ALWAYS_INVESTED,W0_EQUAL,DYNAMIC_POINT_IN_TIME,DOUBLE_COST,,50.2463768115942,17.0,10.767264450867051,117.95454545454545,0.28052805280528054
M2_INTERMEDIATE_5H|TOP_6|MONTHLY|CASH_0_ALWAYS_INVESTED|W0_EQUAL|DYNAMIC_POINT_IN_TIME|DOUBLE_COST,PRE_2020,2017-03-01,2019-12-31,2017-03-01,2019-12-31,642,2.833733752233105,0.056271994423697125,0.039414909518347585,0.13183254781448642,0.0946671020101422,0.29897707487085734,0.41635276332980864,-0.13489117479516244,-0.037446376655205296,0.29219783709498176,0.050129901913283405,0.7862554685730082,-0.08499766008880083,-0.11960220456174364,-0.07577190238589981,287,0.9411764705882353,0.6363636363636364,0.6818181818181818,3,2,-0.11960220456174364,3.8988542749675426,179,25,0.0,0.0,0.0,0.051384787041503656,0.25750341169919655,0.03373905207903484,0.06386292834890965,4.0,0.9361370716510904,"HISTORICAL UK RETAIL, ISA, ACCOUNT AND BROKER ELIGIBILITY REMAIN PARTLY UNRESOLVED",0.0807540672530016,0.07326279250483347,-0.04133915773465402,-0.03384788298648589,0.01685708490534954,-0.2509273348525968,111577.1828450186,0.0,0.0,-0.08265974269574727,M2_INTERMEDIATE_5H,6,MONTHLY,CASH_0_ALWAYS_INVESTED,W0_EQUAL,DYNAMIC_POINT_IN_TIME,DOUBLE_COST,,50.2463768115942,17.0,8.822282608695653,177.42857142857142,0.20138888888888887
M2_INTERMEDIATE_5H|TOP_6|MONTHLY|CASH_0_ALWAYS_INVESTED|W0_EQUAL|DYNAMIC_POINT_IN_TIME|DOUBLE_COST,POST_2020,2020-01-02,2026-08-21,2020-01-02,2026-08-21,1609,6.633948677933154,0.19002010048296514,0.15442777205221758,0.21014763242168574,0.1565579087327536,0.7348537324576669,0.9863939375673944,-0.2573424400187927,-0.08280719465746282,0.6000866862105618,0.11068646448627666,1.3951820827321135,-0.1274876815572522,-0.15388641484327203,-0.17175872190484653,920,0.975,0.6329113924050633,0.7647058823529411,3,7,-0.15388641484327203,7.253137360374598,603,77,0.0,0.0,0.0,0.3606982110488947,0.6825136699836889,0.13896328935534147,0.08887507768800497,3.0,0.911124922311995,"HISTORICAL UK RETAIL, ISA, ACCOUNT AND BROKER ELIGIBILITY REMAIN PARTLY UNRESOLVED",0.12967523294147298,0.13196812661918522,0.024752539110744598,0.02245964543303236,0.035592328430747555,0.08727532633712583,259261.43770528346,0.0,0.0,-0.15368054104146567,M2_INTERMEDIATE_5H,6,MONTHLY,CASH_0_ALWAYS_INVESTED,W0_EQUAL,DYNAMIC_POINT_IN_TIME,DOUBLE_COST,,50.2463768115942,17.0,11.606963475030954,100.26206896551724,0.3048245614035087
M2_INTERMEDIATE_5H|TOP_6|MONTHLY|CASH_0_ALWAYS_INVESTED|W0_EQUAL|DYNAMIC_POINT_IN_TIME|DOUBLE_COST,LATEST_5Y,2021-09-01,2026-08-21,2021-09-01,2026-08-21,1233,4.969301217684142,0.14407094724168368,0.10881282793116243,0.20832229439894678,0.15184883261490667,0.5223292506695459,0.7165865292301267,-0.2573424400187927,-0.0991406250345366,0.4228328134419502,0.12302719668713154,0.8844615732233789,-0.1274876815572522,-0.15388641484327203,-0.17175872190484653,920,0.9833333333333333,0.6101694915254238,0.75,3,5,-0.15388641484327203,7.48474788744765,457,58,0.0,0.0,0.0,0.29794986769151377,0.6241298549621404,0.13269028739314226,0.06163828061638281,3.0,0.9383617193836172,"HISTORICAL UK RETAIL, ISA, ACCOUNT AND BROKER ELIGIBILITY REMAIN PARTLY UNRESOLVED",0.11516454821291355,0.10989964278450803,-0.006351720281751128,-0.001086814853345608,0.03525811931052125,-0.004223224328121868,167076.0176247807,0.0,0.0,-0.15368054104146567,M2_INTERMEDIATE_5H,6,MONTHLY,CASH_0_ALWAYS_INVESTED,W0_EQUAL,DYNAMIC_POINT_IN_TIME,DOUBLE_COST,,50.2463768115942,17.0,11.671661157024793,95.52631578947368,0.3157894736842105
M2_INTERMEDIATE_5H|TOP_6|MONTHLY|CASH_0_ALWAYS_INVESTED|W0_EQUAL|DYNAMIC_POINT_IN_TIME|DOUBLE_COST,LATEST_3Y,2023-08-21,2026-08-21,2023-08-21,2026-08-21,761,3.0007460796594043,0.3155947229731888,0.27419161974784045,0.21865566259524746,0.16097659470173434,1.2539881953818657,1.703301155400117,-0.183180978290431,-0.043134880304023196,1.4968345638656504,0.059075452199968764,4.641379956258471,-0.1274876815572522,-0.0891233074040062,-0.0536984149080193,185,0.8918918918918919,0.6666666666666666,1.0,3,3,-0.14189922268265653,7.62485914050126,271,34,0.0,0.0,0.0,0.20048523477478114,0.8761397308921064,0.07758840862837603,0.13534822601839686,2.0,0.8646517739816032,"HISTORICAL UK RETAIL, ISA, ACCOUNT AND BROKER ELIGIBILITY REMAIN PARTLY UNRESOLVED",0.18682342362237514,0.2078150463037296,0.08736819612546531,0.06637657344411085,0.04140310322534835,0.36235516407643414,206910.60320813546,0.0,0.0,0.07426145476280843,M2_INTERMEDIATE_5H,6,MONTHLY,CASH_0_ALWAYS_INVESTED,W0_EQUAL,DYNAMIC_POINT_IN_TIME,DOUBLE_COST,,50.2463768115942,17.0,11.330515510948905,91.69014084507042,0.3282828282828283
M2_INTERMEDIATE_5H|TOP_7|DAILY|CASH_0_ALWAYS_INVESTED|W0_EQUAL|DYNAMIC_POINT_IN_TIME|DOUBLE_COST,FULL_HISTORY,2017-02-06,2026-08-21,2017-02-06,2026-08-21,2207,9.536130105340971,0.1804049831826906,0.009092422425714952,0.18352846944066759,0.14022687227921252,0.049542299641170476,0.06484079889916242,-0.39349814436008956,-0.14696454152052768,0.023106646260050694,0.1732502148898812,0.05248144962760448,-0.11817244774177638,-0.21706630667776927,-0.24612885578215538,1516,1.0,0.5350877192982456,0.4174757281553398,8,11,-0.2645565348396529,31.8561566349704,7699,957,0.0,0.0,0.0,1.3123563565680372,0.011146061318114575,0.1132045245348462,0.013140009062075216,3.0,0.9868599909379248,"HISTORICAL UK RETAIL, ISA, ACCOUNT AND BROKER ELIGIBILITY REMAIN PARTLY UNRESOLVED",0.12033444661541659,0.12406505246808441,-0.11124202418970164,-0.11497263004236946,0.17131256075697565,-0.2921808696946692,109014.93555390496,0.0,0.0,-0.22371316237923244,M2_INTERMEDIATE_5H,7,DAILY,CASH_0_ALWAYS_INVESTED,W0_EQUAL,DYNAMIC_POINT_IN_TIME,DOUBLE_COST,,122.81523222017913,,100.35517441860466,23.852105778648383,0.15152420800956362
M2_INTERMEDIATE_5H|TOP_7|DAILY|CASH_0_ALWAYS_INVESTED|W0_EQUAL|DYNAMIC_POINT_IN_TIME|DOUBLE_COST,PRE_2020,2017-02-06,2019-12-31,2017-02-06,2019-12-31,633,2.896705613393841,0.05816041773393632,-0.06287690451260064,0.131580105632324,0.09732599153463459,-0.47786026778469376,-0.6460443250683469,-0.2460134562835422,-0.10350903682512548,-0.2555831923280327,0.12781430129295165,-0.491939508150079,-0.10088656195965473,-0.17454425845928934,-0.1685417815519794,784,1.0,0.47058823529411764,0.043478260869565216,5,4,-0.18351798958182275,25.025585090491532,1841,232,0.0,0.0,0.0,0.31940535832478145,0.7713199480590179,0.040200854068198746,0.014218009478672985,6.0,0.985781990521327,"HISTORICAL UK RETAIL, ISA, ACCOUNT AND BROKER ELIGIBILITY REMAIN PARTLY UNRESOLVED",0.09536344780005646,0.08379798415408746,-0.1582403523126571,-0.1466748886666881,0.12103732224653696,-0.5962067721110276,82852.03354937151,0.0,0.0,-0.20748635508044033,M2_INTERMEDIATE_5H,7,DAILY,CASH_0_ALWAYS_INVESTED,W0_EQUAL,DYNAMIC_POINT_IN_TIME,DOUBLE_COST,,122.81523222017913,,80.09098298676749,31.0,0.1428571428571428
M2_INTERMEDIATE_5H|TOP_7|DAILY|CASH_0_ALWAYS_INVESTED|W0_EQUAL|DYNAMIC_POINT_IN_TIME|DOUBLE_COST,POST_2020,2020-01-02,2026-08-21,2020-01-02,2026-08-21,1574,6.633948677933154,0.2361960272339465,0.04047241785473443,0.2006422028656443,0.15265158737379766,0.20171438150445303,0.2651293612534123,-0.32834931570250925,-0.14331904314456434,0.12326024730139294,0.1736553919728432,0.23306168265171776,-0.11817244774177638,-0.15791585106345796,-0.2132044773162507,1516,1.0,0.569620253164557,0.5735294117647058,4,8,-0.18310965121611222,34.86501218896486,5858,725,0.0,0.0,0.0,0.9929509982432555,0.031431508277610654,0.11928323844057183,0.033672172808132145,4.0,0.9663278271918678,"HISTORICAL UK RETAIL, ISA, ACCOUNT AND BROKER ELIGIBILITY REMAIN PARTLY UNRESOLVED",0.12967523294147298,0.14034082798086622,-0.08920281508673855,-0.09986841012613179,0.19572360937921207,-0.3041529412432657,130108.81742582856,0.0,0.0,-0.22371316237923244,M2_INTERMEDIATE_5H,7,DAILY,CASH_0_ALWAYS_INVESTED,W0_EQUAL,DYNAMIC_POINT_IN_TIME,DOUBLE_COST,,122.81523222017913,,109.28634440775897,21.434727503168567,0.154301499605367
M2_INTERMEDIATE_5H|TOP_7|DAILY|CASH_0_ALWAYS_INVESTED|W0_EQUAL|DYNAMIC_POINT_IN_TIME|DOUBLE_COST,LATEST_5Y,2021-09-01,2026-08-21,2021-09-01,2026-08-21,1204,4.969301217684142,0.21535855630247913,0.016027486127736745,0.19434213224261837,0.14331896107567715,0.08247046557937264,0.11183088411639897,-0.32834931570250936,-0.17392210511969672,0.04881230251217562,0.1944148935870078,0.08243960034144121,-0.11817244774177638,-0.15791585106345796,-0.2132044773162507,1516,1.0,0.5423728813559322,0.5625,4,7,-0.16010136274993492,36.28571369458067,4523,559,0.0,0.0,0.0,0.7703933756392591,0.09079218432889169,0.11371176166393078,0.016611295681063124,2.0,0.9833887043189369,"HISTORICAL UK RETAIL, ISA, ACCOUNT AND BROKER ELIGIBILITY REMAIN PARTLY UNRESOLVED",0.11516454821291355,0.11553781826242937,-0.09913706208517681,-0.09951033213469263,0.1993310701747424,-0.30306240146043384,108221.93511212841,0.0,0.0,-0.22371316237923244,M2_INTERMEDIATE_5H,7,DAILY,CASH_0_ALWAYS_INVESTED,W0_EQUAL,DYNAMIC_POINT_IN_TIME,DOUBLE_COST,,122.81523222017913,,112.4906652892562,20.613636363636363,0.1559139784946236
M2_INTERMEDIATE_5H|TOP_7|DAILY|CASH_0_ALWAYS_INVESTED|W0_EQUAL|DYNAMIC_POINT_IN_TIME|DOUBLE_COST,LATEST_3Y,2023-08-21,2026-08-21,2023-08-21,2026-08-21,750,3.0007460796594043,0.36792123258702225,0.14114482114784632,0.19923592028950884,0.14819944402554272,0.7084305929510573,0.9523977777104177,-0.22778637442495597,-0.06511211135926195,0.6196368044584087,0.08071845923758031,1.748606483337496,-0.11817244774177638,-0.11103185030688267,-0.10177383738891177,486,0.9459459459459459,0.6388888888888888,0.72,3,3,-0.11103185030688267,36.766464894162084,2766,342,0.0,0.0,0.0,0.47467534161136704,0.6459933074035917,0.07321062231997705,0.088,2.0,0.912,"HISTORICAL UK RETAIL, ISA, ACCOUNT AND BROKER ELIGIBILITY REMAIN PARTLY UNRESOLVED",0.18682342362237514,0.20808704219268837,-0.04567860247452882,-0.06694222104484204,0.22677641143917593,-0.29388158626185124,148615.83013611406,0.0,0.0,-0.01361525961821497,M2_INTERMEDIATE_5H,7,DAILY,CASH_0_ALWAYS_INVESTED,W0_EQUAL,DYNAMIC_POINT_IN_TIME,DOUBLE_COST,,122.81523222017913,,113.97165602189781,20.27777777777778,0.15542521994134892
M2_INTERMEDIATE_5H|TOP_7|WEEKLY|CASH_0_ALWAYS_INVESTED|W0_EQUAL|DYNAMIC_POINT_IN_TIME|DOUBLE_COST,FULL_HISTORY,2017-02-06,2026-08-21,2017-02-06,2026-08-21,2226,9.536130105340971,0.16758113953117548,0.10032297923145173,0.18315630510036535,0.13848340016347221,0.5477451577573433,0.7244404680490646,-0.2693636766093489,-0.0636138464297527,0.3724443491946671,0.08471426838345181,1.1842512618694698,-0.11435441596230567,-0.19632460658772632,-0.19466943668048542,857,0.9391304347826087,0.6052631578947368,0.7378640776699029,4,10,-0.19632460658772632,13.175212611312487,2800,341,0.0,0.0,0.0,0.8051144073545202,0.8138517345822476,0.10769948350069043,0.06424079065588499,3.0,0.935759209344115,"HISTORICAL UK RETAIL, ISA, ACCOUNT AND BROKER ELIGIBILITY REMAIN PARTLY UNRESOLVED",0.12033444661541659,0.12288196680580055,-0.020011467383964865,-0.02255898757434882,0.06725816029972376,-0.08374918199184492,248852.4186349541,0.0,0.0,-0.14099208497847104,M2_INTERMEDIATE_5H,7,WEEKLY,CASH_0_ALWAYS_INVESTED,W0_EQUAL,DYNAMIC_POINT_IN_TIME,DOUBLE_COST,,122.56696300544881,3.0,35.75874031007752,57.53900709219858,0.17478991596638652
M2_INTERMEDIATE_5H|TOP_7|WEEKLY|CASH_0_ALWAYS_INVESTED|W0_EQUAL|DYNAMIC_POINT_IN_TIME|DOUBLE_COST,PRE_2020,2017-02-06,2019-12-31,2017-02-06,2019-12-31,632,2.896705613393841,0.07747224604942482,0.030367278438379497,0.13230018836043758,0.09633504092884891,0.22953314590639226,0.3152256764058277,-0.14808240784559368,-0.03982541367539183,0.20507012872213437,0.05180738670434716,0.5861573101858731,-0.08897470092888304,-0.12989592009930473,-0.11121796416075513,538,0.9428571428571428,0.6470588235294118,0.6521739130434783,3,3,-0.12989592009930473,9.735228436210036,674,84,0.0,0.0,0.0,0.13825514281158682,0.0502348590513334,0.03314939651579303,0.03955696202531646,6.5,0.9604430379746836,"HISTORICAL UK RETAIL, ISA, ACCOUNT AND BROKER ELIGIBILITY REMAIN PARTLY UNRESOLVED",0.09536344780005646,0.08429223208636127,-0.06499616936167696,-0.05392495364798178,0.04710496761104532,-0.36415502984128684,109052.13389081054,0.0,0.0,-0.10341641415720937,M2_INTERMEDIATE_5H,7,WEEKLY,CASH_0_ALWAYS_INVESTED,W0_EQUAL,DYNAMIC_POINT_IN_TIME,DOUBLE_COST,,122.56696300544881,3.0,28.998459357277884,76.70833333333333,0.15318416523235798
M2_INTERMEDIATE_5H|TOP_7|WEEKLY|CASH_0_ALWAYS_INVESTED|W0_EQUAL|DYNAMIC_POINT_IN_TIME|DOUBLE_COST,POST_2020,2020-01-02,2026-08-21,2020-01-03,2026-08-21,1594,6.631210770926165,0.20813578060740734,0.13120634185314506,0.19979102323776743,0.15017501973509334,0.6567179031712498,0.8736895262913315,-0.264346277745538,-0.0726054084675769,0.4963426872212115,0.09429286606536405,1.391476867000654,-0.11435441596230567,-0.1365844744175032,-0.15370620933298274,857,0.9375,0.5949367088607594,0.7647058823529411,4,7,-0.15747788412666452,14.69421710969908,2126,257,0.0,0.0,0.0,0.6668592645429334,0.7006872880850409,0.11847701252026191,0.07841907151819323,3.0,0.9215809284818067,"HISTORICAL UK RETAIL, ISA, ACCOUNT AND BROKER ELIGIBILITY REMAIN PARTLY UNRESOLVED",0.12967523294147298,0.13838929147148993,0.0015311089116720744,-0.007182949618344869,0.07692943875426228,-0.02717250146135683,226489.0280048193,0.0,0.0,-0.14099208497847104,M2_INTERMEDIATE_5H,7,WEEKLY,CASH_0_ALWAYS_INVESTED,W0_EQUAL,DYNAMIC_POINT_IN_TIME,DOUBLE_COST,,122.56696300544881,3.0,38.74012484523318,50.849849849849846,0.18191964285714282
M2_INTERMEDIATE_5H|TOP_7|WEEKLY|CASH_0_ALWAYS_INVESTED|W0_EQUAL|DYNAMIC_POINT_IN_TIME|DOUBLE_COST,LATEST_5Y,2021-09-01,2026-08-21,2021-09-01,2026-08-21,1219,4.969301217684142,0.19067962559327056,0.11192155265348869,0.1944039512800791,0.14219350347053816,0.5757164497764891,0.787107356678066,-0.21009987894038984,-0.08368427297161074,0.5327064119120383,0.101891067043251,1.098443228649082,-0.11435441596230567,-0.1365844744175032,-0.15370620933298274,857,0.95,0.576271186440678,0.7708333333333334,4,6,-0.1365844744175032,15.37415421581611,1663,201,0.0,0.0,0.0,0.5450643762373079,0.6830683638741845,0.11165351173877062,0.06398687448728466,3.0,0.9360131255127153,"HISTORICAL UK RETAIL, ISA, ACCOUNT AND BROKER ELIGIBILITY REMAIN PARTLY UNRESOLVED",0.11516454821291355,0.11284113792316619,-0.003242995559424866,-0.0009195852696775031,0.07875807293978188,-0.004376895761745825,169416.74036095408,0.0,0.0,-0.14099208497847104,M2_INTERMEDIATE_5H,7,WEEKLY,CASH_0_ALWAYS_INVESTED,W0_EQUAL,DYNAMIC_POINT_IN_TIME,DOUBLE_COST,,122.56696300544881,3.0,40.44834297520661,48.3587786259542,0.18214285714285708
M2_INTERMEDIATE_5H|TOP_7|WEEKLY|CASH_0_ALWAYS_INVESTED|W0_EQUAL|DYNAMIC_POINT_IN_TIME|DOUBLE_COST,LATEST_3Y,2023-08-21,2026-08-21,2023-08-21,2026-08-21,752,3.0007460796594043,0.3303458121952507,0.24296375574473972,0.20086457499862662,0.1492128019803038,1.2095898729101482,1.6283036878887318,-0.18099411700138623,-0.04431867721820051,1.3423848231646052,0.059285497176754715,4.098198839766221,-0.11435441596230567,-0.096056756481943,-0.09025769646123893,255,0.8378378378378378,0.6111111111111112,0.96,4,3,-0.1091553818124964,15.498278479667665,1016,123,0.0,0.0,0.0,0.3611028988945923,0.8584160367183931,0.07400677117509571,0.12632978723404256,3.0,0.8736702127659575,"HISTORICAL UK RETAIL, ISA, ACCOUNT AND BROKER ELIGIBILITY REMAIN PARTLY UNRESOLVED",0.18682342362237514,0.20914998737126234,0.05614033212236458,0.03381376837347738,0.087382056450511,0.18682247209846276,192063.95538798138,0.0,0.0,0.04097347878888602,M2_INTERMEDIATE_5H,7,WEEKLY,CASH_0_ALWAYS_INVESTED,W0_EQUAL,DYNAMIC_POINT_IN_TIME,DOUBLE_COST,,122.56696300544881,3.0,40.989806113138684,47.65217391304348,0.18032786885245897
M2_INTERMEDIATE_5H|TOP_7|MONTHLY|CASH_0_ALWAYS_INVESTED|W0_EQUAL|DYNAMIC_POINT_IN_TIME|DOUBLE_COST,FULL_HISTORY,2017-03-01,2026-08-21,2017-03-01,2026-08-21,2209,9.473158244180237,0.14480585229295162,0.11798678443990163,0.18499151359030783,0.1389389822243824,0.6377956596495638,0.8491985658089565,-0.23731788865172476,-0.06325087442000192,0.49716768133333944,0.08824648490931822,1.337013984875935,-0.10021494613736559,-0.15195402658895862,-0.17223663776267606,912,0.9649122807017544,0.6371681415929203,0.7647058823529411,3,9,-0.15195402658895862,5.523060844665003,865,99,0.0,0.0,0.0,0.3657897831796354,0.8459155945783317,0.1191627729750311,0.08374830239927569,3.0,0.9162516976007243,"HISTORICAL UK RETAIL, ISA, ACCOUNT AND BROKER ELIGIBILITY REMAIN PARTLY UNRESOLVED",0.11601083229325537,0.11531968560703398,0.0019759521466462537,0.0026670988328676426,0.026819067853049994,0.011238507337227057,287639.31001007237,0.0,0.0,-0.15426652337913127,M2_INTERMEDIATE_5H,7,MONTHLY,CASH_0_ALWAYS_INVESTED,W0_EQUAL,DYNAMIC_POINT_IN_TIME,DOUBLE_COST,,121.60820895522389,17.0,10.450580202312139,134.37777777777777,0.2521865889212827
M2_INTERMEDIATE_5H|TOP_7|MONTHLY|CASH_0_ALWAYS_INVESTED|W0_EQUAL|DYNAMIC_POINT_IN_TIME|DOUBLE_COST,PRE_2020,2017-03-01,2019-12-31,2017-03-01,2019-12-31,615,2.833733752233105,0.044924479505763504,0.03024726327516669,0.13271342201574413,0.09727644441477469,0.2279141236489131,0.310941291667653,-0.14033105702826743,-0.036783175057246244,0.2155421894176559,0.04845321704353442,0.6242570694117178,-0.07952167540383459,-0.12229839263208109,-0.09141606769887989,328,0.9411764705882353,0.6363636363636364,0.6818181818181818,3,3,-0.12229839263208109,3.3897873969622623,188,23,0.0,0.0,0.0,0.045390050924489576,0.2178144064510339,0.030495040530846326,0.05203252032520325,5.0,0.9479674796747968,"HISTORICAL UK RETAIL, ISA, ACCOUNT AND BROKER ELIGIBILITY REMAIN PARTLY UNRESOLVED",0.0807540672530016,0.07326279250483347,-0.05050680397783491,-0.04301552922966678,0.014677216230596812,-0.3065289333707648,108810.96930070677,0.0,0.0,-0.08878729621357884,M2_INTERMEDIATE_5H,7,MONTHLY,CASH_0_ALWAYS_INVESTED,W0_EQUAL,DYNAMIC_POINT_IN_TIME,DOUBLE_COST,,121.60820895522389,17.0,8.1165,206.0857142857143,0.18181818181818177
M2_INTERMEDIATE_5H|TOP_7|MONTHLY|CASH_0_ALWAYS_INVESTED|W0_EQUAL|DYNAMIC_POINT_IN_TIME|DOUBLE_COST,POST_2020,2020-01-02,2026-08-21,2020-01-03,2026-08-21,1594,6.631210770926165,0.188642277333944,0.15648328819836044,0.20157557005475243,0.15040725437874103,0.77630085905676,1.040397212519546,-0.23731788865172476,-0.07341974445924324,0.65938260738535,0.09942545981358941,1.5738754288061376,-0.10021494613736559,-0.14537558120156668,-0.17223663776267606,912,0.975,0.6455696202531646,0.7794117647058824,3,6,-0.14537558120156668,6.4415196394240155,677,76,0.0,0.0,0.0,0.3203997322551458,0.7094869030513236,0.13344462711099034,0.09849435382685069,3.0,0.9015056461731493,"HISTORICAL UK RETAIL, ISA, ACCOUNT AND BROKER ELIGIBILITY REMAIN PARTLY UNRESOLVED",0.12967523294147298,0.13196812661918522,0.026808055256887453,0.024515161579175215,0.03215898913558357,0.10330094253936489,262234.8535621666,0.0,0.0,-0.15426652337913127,M2_INTERMEDIATE_5H,7,MONTHLY,CASH_0_ALWAYS_INVESTED,W0_EQUAL,DYNAMIC_POINT_IN_TIME,DOUBLE_COST,,121.60820895522389,17.0,11.456223689640941,113.02666666666667,0.27238095238095233
M2_INTERMEDIATE_5H|TOP_7|MONTHLY|CASH_0_ALWAYS_INVESTED|W0_EQUAL|DYNAMIC_POINT_IN_TIME|DOUBLE_COST,LATEST_5Y,2021-09-01,2026-08-21,2021-09-01,2026-08-21,1220,4.969301217684142,0.15295279206441914,0.11951964455275466,0.19713379284232432,0.14360566197490204,0.6062869426367267,0.8322766867899896,-0.2319074746615183,-0.08724005247126145,0.515376422114898,0.10998515847647546,1.086688842461581,-0.10021494613736559,-0.14537558120156668,-0.17223663776267606,912,0.9833333333333333,0.6271186440677966,0.7708333333333334,3,4,-0.14537558120156668,6.925927114696822,530,59,0.0,0.0,0.0,0.27176194107187523,0.6551973416809781,0.12986277759535428,0.0680327868852459,3.0,0.9319672131147541,"HISTORICAL UK RETAIL, ISA, ACCOUNT AND BROKER ELIGIBILITY REMAIN PARTLY UNRESOLVED",0.11516454821291355,0.10989964278450803,0.0043550963398411024,0.009620001768246622,0.033433147511664485,0.04148206858052999,175248.12469474933,0.0,0.0,-0.15426652337913127,M2_INTERMEDIATE_5H,7,MONTHLY,CASH_0_ALWAYS_INVESTED,W0_EQUAL,DYNAMIC_POINT_IN_TIME,DOUBLE_COST,,121.60820895522389,17.0,11.872896694214875,103.29268292682927,0.2857142857142857
M2_INTERMEDIATE_5H|TOP_7|MONTHLY|CASH_0_ALWAYS_INVESTED|W0_EQUAL|DYNAMIC_POINT_IN_TIME|DOUBLE_COST,LATEST_3Y,2023-08-21,2026-08-21,2023-08-21,2026-08-21,753,3.0007460796594043,0.31570421924704695,0.27463259968166054,0.2037120728498614,0.14826230086390843,1.34814101019957,1.8523427606438454,-0.16884716407095213,-0.03764889613088643,1.626515915696729,0.05120972850992052,5.3628989583191755,-0.08565624507462899,-0.06442233872625602,-0.053082851604104975,198,0.918918918918919,0.6944444444444444,1.0,2,2,-0.11617608487682818,7.463225962565238,328,36,0.0,0.0,0.0,0.19199334319344769,0.8795701940353055,0.07776173578398447,0.1394422310756972,3.0,0.8605577689243028,"HISTORICAL UK RETAIL, ISA, ACCOUNT AND BROKER ELIGIBILITY REMAIN PARTLY UNRESOLVED",0.18682342362237514,0.2078150463037296,0.0878091760592854,0.06681755337793094,0.04107161956538641,0.39572801678714126,207125.55765221152,0.0,0.0,0.05652794331716149,M2_INTERMEDIATE_5H,7,MONTHLY,CASH_0_ALWAYS_INVESTED,W0_EQUAL,DYNAMIC_POINT_IN_TIME,DOUBLE_COST,,121.60820895522389,17.0,11.997016423357664,93.76543209876543,0.3020408163265307
M2_INTERMEDIATE_5H|TOP_8|DAILY|CASH_0_ALWAYS_INVESTED|W0_EQUAL|DYNAMIC_POINT_IN_TIME|DOUBLE_COST,FULL_HISTORY,2017-02-06,2026-08-21,2017-02-06,2026-08-21,2175,9.536130105340971,0.17364419792511288,-0.0016139929350248439,0.17985538053453942,0.13592021331111553,-0.008973837369935634,-0.011874561521842842,-0.385786667304852,-0.1637179915752958,-0.00418364104260102,0.1918547942346443,-0.00841257546606253,-0.11296211146478008,-0.19294285880592932,-0.2100146600553917,1660,1.0,0.5263157894736842,0.3883495145631068,5,13,-0.19294285880592932,31.16363996841589,9464,1050,0.0,0.0,0.0,1.3223635244013936,0.1444470913872421,0.10520129398493212,0.007816091954022988,4.0,0.992183908045977,"HISTORICAL UK RETAIL, ISA, ACCOUNT AND BROKER ELIGIBILITY REMAIN PARTLY UNRESOLVED",0.12033444661541659,0.12406505246808441,-0.12194843955044143,-0.12567904540310926,0.17525819086013772,-0.32577342882561716,98471.43492006452,0.0,0.0,-0.21635795025057258,M2_INTERMEDIATE_5H,8,DAILY,CASH_0_ALWAYS_INVESTED,W0_EQUAL,DYNAMIC_POINT_IN_TIME,DOUBLE_COST,,171.8020309882747,,110.10755813953489,24.528,0.1333753234372872
M2_INTERMEDIATE_5H|TOP_8|DAILY|CASH_0_ALWAYS_INVESTED|W0_EQUAL|DYNAMIC_POINT_IN_TIME|DOUBLE_COST,PRE_2020,2017-02-06,2019-12-31,2017-02-06,2019-12-31,621,2.896705613393841,0.05956202984827774,-0.05850615417296101,0.13164455841028014,0.09394802347317768,-0.44442516181050334,-0.6227502400799801,-0.2445341585866101,-0.10254411446811025,-0.23925554822738218,0.12729416989174516,-0.45961377667741127,-0.09194082043016949,-0.15854514100919082,-0.1631319439743274,718,1.0,0.47058823529411764,0.043478260869565216,5,4,-0.17917306215572804,23.28982688250684,2146,246,0.0,0.0,0.0,0.3130529798906343,0.7750068564410871,0.03825425196616546,0.017713365539452495,6.0,0.9822866344605475,"HISTORICAL UK RETAIL, ISA, ACCOUNT AND BROKER ELIGIBILITY REMAIN PARTLY UNRESOLVED",0.09536344780005646,0.08379798415408746,-0.15386960197301747,-0.14230413832704847,0.11806818402123875,-0.5819397140651277,83976.34403546168,0.0,0.0,-0.21379195500551418,M2_INTERMEDIATE_5H,8,DAILY,CASH_0_ALWAYS_INVESTED,W0_EQUAL,DYNAMIC_POINT_IN_TIME,DOUBLE_COST,,171.8020309882747,,84.9240595463138,34.28451882845188,0.11902332361516034
M2_INTERMEDIATE_5H|TOP_8|DAILY|CASH_0_ALWAYS_INVESTED|W0_EQUAL|DYNAMIC_POINT_IN_TIME|DOUBLE_COST,POST_2020,2020-01-02,2026-08-21,2020-01-03,2026-08-21,1554,6.631210770926165,0.2258084558055622,0.023100624543645365,0.1958487844164256,0.1482302623618178,0.11795132970816614,0.15584283651376568,-0.3857866673048519,-0.16524419474603746,0.059879271373033366,0.1983663829059671,0.11645433165253563,-0.11296211146478008,-0.15657555995647143,-0.20395119225101066,1660,1.0,0.5569620253164557,0.5294117647058824,3,9,-0.15657555995647143,34.64175110169295,7318,804,0.0,0.0,0.0,1.009310544510759,0.018615526863585363,0.11530874113048639,0.030244530244530245,3.0,0.9697554697554698,"HISTORICAL UK RETAIL, ISA, ACCOUNT AND BROKER ELIGIBILITY REMAIN PARTLY UNRESOLVED",0.12967523294147298,0.14034082798086622,-0.10657460839782762,-0.11724020343722086,0.20270783126191683,-0.30389905451184673,116351.14670995408,0.0,0.0,-0.21635795025057258,M2_INTERMEDIATE_5H,8,DAILY,CASH_0_ALWAYS_INVESTED,W0_EQUAL,DYNAMIC_POINT_IN_TIME,DOUBLE_COST,,171.8020309882747,,121.19478745356994,21.6976483762598,0.13776463262764632
M2_INTERMEDIATE_5H|TOP_8|DAILY|CASH_0_ALWAYS_INVESTED|W0_EQUAL|DYNAMIC_POINT_IN_TIME|DOUBLE_COST,LATEST_5Y,2021-09-01,2026-08-21,2021-09-01,2026-08-21,1197,4.969301217684142,0.20761732977744907,-0.0070889051519958945,0.18928098811133098,0.1403568388241602,-0.037451754783879056,-0.050506303870785474,-0.3857866673048519,-0.20299558722989144,-0.018375194771555393,0.22330495174726062,-0.031745400612608034,-0.11296211146478008,-0.15657555995647143,-0.20395119225101066,1660,1.0,0.5423728813559322,0.4791666666666667,3,7,-0.15657555995647143,37.4530812983017,5886,646,0.0,0.0,0.0,0.8099099238080155,0.003416832813356252,0.1121174629076855,0.00835421888053467,3.0,0.9916457811194653,"HISTORICAL UK RETAIL, ISA, ACCOUNT AND BROKER ELIGIBILITY REMAIN PARTLY UNRESOLVED",0.11516454821291355,0.11553781826242937,-0.12225345336490945,-0.12262672341442526,0.21470623492944496,-0.31786148617086496,96526.52370776769,0.0,0.0,-0.21635795025057258,M2_INTERMEDIATE_5H,8,DAILY,CASH_0_ALWAYS_INVESTED,W0_EQUAL,DYNAMIC_POINT_IN_TIME,DOUBLE_COST,,171.8020309882747,,129.9981570247934,20.01655172413793,0.13895348837209304
M2_INTERMEDIATE_5H|TOP_8|DAILY|CASH_0_ALWAYS_INVESTED|W0_EQUAL|DYNAMIC_POINT_IN_TIME|DOUBLE_COST,LATEST_3Y,2023-08-21,2026-08-21,2023-08-21,2026-08-21,747,3.0007460796594043,0.35761921722264334,0.10665490634482144,0.1916015248838127,0.1431905909105376,0.5566495695141103,0.7448457728026078,-0.24255368512686648,-0.0695266234514424,0.43971670143472,0.08601847178125854,1.239907012252444,-0.11296211146478008,-0.10849562716795746,-0.10530961805079253,496,0.972972972972973,0.6111111111111112,0.64,3,3,-0.11080963495749874,38.899533920943064,3689,405,0.0,0.0,0.0,0.4984802942158773,0.5070787871349764,0.07528202528315614,0.06961178045515395,2.0,0.9303882195448461,"HISTORICAL UK RETAIL, ISA, ACCOUNT AND BROKER ELIGIBILITY REMAIN PARTLY UNRESOLVED",0.18682342362237514,0.20808704219268837,-0.0801685172775537,-0.10143213584786692,0.2509643108778219,-0.41818427040105927,135540.6231610808,0.0,0.0,-0.05431451189195258,M2_INTERMEDIATE_5H,8,DAILY,CASH_0_ALWAYS_INVESTED,W0_EQUAL,DYNAMIC_POINT_IN_TIME,DOUBLE_COST,,171.8020309882747,,134.96643476277373,19.17543859649123,0.13861386138613863
M2_INTERMEDIATE_5H|TOP_8|WEEKLY|CASH_0_ALWAYS_INVESTED|W0_EQUAL|DYNAMIC_POINT_IN_TIME|DOUBLE_COST,FULL_HISTORY,2017-02-06,2026-08-21,2017-02-06,2026-08-21,2199,9.536130105340971,0.15707019446266068,0.09381661389372287,0.1799621442575445,0.13454873675714868,0.5213130477010851,0.6972686340642162,-0.25817697616828883,-0.06872236984077434,0.36338102369194186,0.09275310621416234,1.011466006077521,-0.09729160791145242,-0.18183792715395009,-0.17744526332875366,914,0.9739130434782609,0.6052631578947368,0.7087378640776699,3,10,-0.18183792715395009,12.106198243304073,3169,344,0.0,0.0,0.0,0.7368435084797677,0.7706024027109094,0.11462522699857831,0.06502955889040472,3.0,0.9349704411095953,"HISTORICAL UK RETAIL, ISA, ACCOUNT AND BROKER ELIGIBILITY REMAIN PARTLY UNRESOLVED",0.12033444661541659,0.12288196680580055,-0.026517832721693724,-0.02906535291207768,0.06325358056893782,-0.11257918247958665,235168.94301673758,0.0,0.0,-0.1629568831629994,M2_INTERMEDIATE_5H,8,WEEKLY,CASH_0_ALWAYS_INVESTED,W0_EQUAL,DYNAMIC_POINT_IN_TIME,DOUBLE_COST,,171.4930397367755,24.0,36.07333333333334,62.95662100456621,0.15691378592253227
M2_INTERMEDIATE_5H|TOP_8|WEEKLY|CASH_0_ALWAYS_INVESTED|W0_EQUAL|DYNAMIC_POINT_IN_TIME|DOUBLE_COST,PRE_2020,2017-02-06,2019-12-31,2017-02-06,2019-12-31,626,2.896705613393841,0.0635480838590059,0.02265387253710105,0.13266518659709928,0.09361806437973298,0.17075973824165544,0.24198185133600456,-0.16848180428307757,-0.046200543414193496,0.13445886713700406,0.059210286146088496,0.38260028808520785,-0.07200489743049476,-0.1245262276154333,-0.10991011709957565,706,0.9714285714285714,0.5882352941176471,0.6086956521739131,3,3,-0.1245262276154333,8.224283199859777,715,81,0.0,0.0,0.0,0.11986742250726776,0.0032178204497268492,0.03250985172425993,0.03354632587859425,6.5,0.9664536741214057,"HISTORICAL UK RETAIL, ISA, ACCOUNT AND BROKER ELIGIBILITY REMAIN PARTLY UNRESOLVED",0.09536344780005646,0.08429223208636127,-0.0727095752629554,-0.061638359549260224,0.04089421132190485,-0.36584579451498206,106704.09458794312,0.0,0.0,-0.13224109453513577,M2_INTERMEDIATE_5H,8,WEEKLY,CASH_0_ALWAYS_INVESTED,W0_EQUAL,DYNAMIC_POINT_IN_TIME,DOUBLE_COST,,171.4930397367755,24.0,27.96280009451796,92.89772727272727,0.12589285714285714
M2_INTERMEDIATE_5H|TOP_8|WEEKLY|CASH_0_ALWAYS_INVESTED|W0_EQUAL|DYNAMIC_POINT_IN_TIME|DOUBLE_COST,POST_2020,2020-01-02,2026-08-21,2020-01-03,2026-08-21,1573,6.631210770926165,0.19902343868946337,0.12500771896916163,0.19563975404515793,0.14641023131178527,0.6389689027124166,0.8538181918649776,-0.25817697616828894,-0.07763220173724131,0.4841939077002635,0.10310594004523738,1.2124201468345561,-0.09729160791145242,-0.1493015516360091,-0.1569209911891969,914,0.975,0.620253164556962,0.7352941176470589,3,7,-0.1493015516360091,13.816926860436189,2454,263,0.0,0.0,0.0,0.6169760859724999,0.651747881208989,0.12596426743442635,0.08137317228226319,3.0,0.9186268277177368,"HISTORICAL UK RETAIL, ISA, ACCOUNT AND BROKER ELIGIBILITY REMAIN PARTLY UNRESOLVED",0.12967523294147298,0.13838929147148993,-0.0046675139723113546,-0.013381572502328298,0.07401571972030174,-0.051831006393094146,218385.05657948187,0.0,0.0,-0.1629568831629994,M2_INTERMEDIATE_5H,8,WEEKLY,CASH_0_ALWAYS_INVESTED,W0_EQUAL,DYNAMIC_POINT_IN_TIME,DOUBLE_COST,,171.4930397367755,24.0,39.64456355757326,54.207282913165265,0.16650763358778625
M2_INTERMEDIATE_5H|TOP_8|WEEKLY|CASH_0_ALWAYS_INVESTED|W0_EQUAL|DYNAMIC_POINT_IN_TIME|DOUBLE_COST,LATEST_5Y,2021-09-01,2026-08-21,2021-09-01,2026-08-21,1212,4.969301217684142,0.18050026982237988,0.10434209074465639,0.18816262522015195,0.13677994583005343,0.5545314358926232,0.762846410791093,-0.22516407957595996,-0.09057354936053646,0.4634046911086286,0.11260847718441594,0.9265917926745257,-0.09729160791145242,-0.1493015516360091,-0.1569209911891969,914,0.9666666666666667,0.5932203389830508,0.7291666666666666,3,6,-0.1493015516360091,14.561982313824341,1932,207,0.0,0.0,0.0,0.5062069368584463,0.61935543764259,0.12281147989589698,0.06435643564356436,3.0,0.9356435643564357,"HISTORICAL UK RETAIL, ISA, ACCOUNT AND BROKER ELIGIBILITY REMAIN PARTLY UNRESOLVED",0.11516454821291355,0.11284113792316619,-0.010822457468257163,-0.0084990471785098,0.07615817907772349,-0.03774601701352908,163755.12346735565,0.0,0.0,-0.1629568831629994,M2_INTERMEDIATE_5H,8,WEEKLY,CASH_0_ALWAYS_INVESTED,W0_EQUAL,DYNAMIC_POINT_IN_TIME,DOUBLE_COST,,171.4930397367755,24.0,41.655756198347106,51.1660777385159,0.16686893203883496
M2_INTERMEDIATE_5H|TOP_8|WEEKLY|CASH_0_ALWAYS_INVESTED|W0_EQUAL|DYNAMIC_POINT_IN_TIME|DOUBLE_COST,LATEST_3Y,2023-08-21,2026-08-21,2023-08-21,2026-08-21,750,3.0007460796594043,0.3315846575317747,0.24579646894229956,0.19112053940218654,0.14104022939273966,1.2860808666150483,1.7427401387575483,-0.1862096573908878,-0.03898740134773478,1.3199985026895156,0.05259601898617726,4.673290368362237,-0.09518201397294057,-0.08193792796257637,-0.06459836062565139,254,0.8648648648648649,0.6666666666666666,0.92,3,3,-0.09490821772541547,14.655116249572947,1191,128,0.0,0.0,0.0,0.3324285357472901,0.8618014996071299,0.07616959753392222,0.14,3.0,0.86,"HISTORICAL UK RETAIL, ISA, ACCOUNT AND BROKER ELIGIBILITY REMAIN PARTLY UNRESOLVED",0.18682342362237514,0.20914998737126234,0.05897304531992442,0.036646481571037226,0.08578818858947512,0.1968022608736647,193380.41944688596,0.0,0.0,0.05228720122149655,M2_INTERMEDIATE_5H,8,WEEKLY,CASH_0_ALWAYS_INVESTED,W0_EQUAL,DYNAMIC_POINT_IN_TIME,DOUBLE_COST,,171.4930397367755,24.0,42.65605839416058,49.747126436781606,0.16338582677165353
M2_INTERMEDIATE_5H|TOP_8|MONTHLY|CASH_0_ALWAYS_INVESTED|W0_EQUAL|DYNAMIC_POINT_IN_TIME|DOUBLE_COST,FULL_HISTORY,2017-03-01,2026-08-21,2017-03-01,2026-08-21,2179,9.473158244180237,0.14343783742048566,0.11949497668787035,0.1824261118662055,0.13807678756828443,0.6550321961337972,0.8654240788211803,-0.23678690789165158,-0.05679561958317985,0.5046519579644522,0.0792089269213856,1.508604917807666,-0.09393720319247612,-0.15209261605178237,-0.15819336873736667,815,0.956140350877193,0.6017699115044248,0.7549019607843137,3,8,-0.15209261605178237,4.847617321437677,934,96,0.0,0.0,0.0,0.3316523177468092,0.8630004770887928,0.11658965488647727,0.09178522257916476,3.0,0.9082147774208352,"HISTORICAL UK RETAIL, ISA, ACCOUNT AND BROKER ELIGIBILITY REMAIN PARTLY UNRESOLVED",0.11601083229325537,0.11531968560703398,0.003484144394614974,0.004175291080836363,0.023942860732615312,0.01763311628169444,291336.28414942796,0.0,0.0,-0.13886532498132242,M2_INTERMEDIATE_5H,8,MONTHLY,CASH_0_ALWAYS_INVESTED,W0_EQUAL,DYNAMIC_POINT_IN_TIME,DOUBLE_COST,,172.16337719298247,17.0,10.133895953757225,154.11797752808988,0.2238721804511278
M2_INTERMEDIATE_5H|TOP_8|MONTHLY|CASH_0_ALWAYS_INVESTED|W0_EQUAL|DYNAMIC_POINT_IN_TIME|DOUBLE_COST,PRE_2020,2017-03-01,2019-12-31,2017-03-01,2019-12-31,607,2.833733752233105,0.03789746559072715,0.025873282666870834,0.131113296795194,0.09655160020054111,0.19733530693905352,0.26797362874495195,-0.14667204956543678,-0.03971778584604718,0.17640227121342322,0.05233013513329693,0.494424151609118,-0.08064443837729351,-0.12406800334615631,-0.0932637251367574,501,0.9705882352941176,0.6060606060606061,0.5454545454545454,3,1,-0.053566866736332486,2.762671217449435,188,21,0.0,0.0,0.0,0.0376995875144227,0.04292953630812357,0.030746384347541015,0.04612850082372323,5.0,0.9538714991762768,"HISTORICAL UK RETAIL, ISA, ACCOUNT AND BROKER ELIGIBILITY REMAIN PARTLY UNRESOLVED",0.0807540672530016,0.07326279250483347,-0.05488078458613077,-0.04738950983796264,0.01202418292385632,-0.3230984361258286,107506.97627773647,0.0,0.0,-0.10370178877838232,M2_INTERMEDIATE_5H,8,MONTHLY,CASH_0_ALWAYS_INVESTED,W0_EQUAL,DYNAMIC_POINT_IN_TIME,DOUBLE_COST,,172.16337719298247,17.0,7.410717391304348,251.03125,0.15089285714285713
M2_INTERMEDIATE_5H|TOP_8|MONTHLY|CASH_0_ALWAYS_INVESTED|W0_EQUAL|DYNAMIC_POINT_IN_TIME|DOUBLE_COST,POST_2020,2020-01-02,2026-08-21,2020-01-03,2026-08-21,1572,6.631210770926165,0.19010225975251882,0.1606591594633111,0.19871702160146695,0.1498252105669031,0.8084821228123977,1.0723105868192337,-0.23678690789165158,-0.06337924734278721,0.6784968007472152,0.08740204674989742,1.8381624394110618,-0.09393720319247612,-0.13486416436232174,-0.15819336873736667,815,0.95,0.6075949367088608,0.8088235294117647,3,7,-0.13486416436232174,5.744587622673078,746,75,0.0,0.0,0.0,0.2939527302323865,0.7732117271598544,0.1257336627122167,0.11068702290076336,3.0,0.8893129770992366,"HISTORICAL UK RETAIL, ISA, ACCOUNT AND BROKER ELIGIBILITY REMAIN PARTLY UNRESOLVED",0.12967523294147298,0.13196812661918522,0.030983926521838123,0.028691032844125886,0.029443100289207713,0.12116815536631892,268578.0545443629,0.0,0.0,-0.13886532498132242,M2_INTERMEDIATE_5H,8,MONTHLY,CASH_0_ALWAYS_INVESTED,W0_EQUAL,DYNAMIC_POINT_IN_TIME,DOUBLE_COST,,172.16337719298247,17.0,11.305483904250929,126.640522875817,0.24493243243243243
M2_INTERMEDIATE_5H|TOP_8|MONTHLY|CASH_0_ALWAYS_INVESTED|W0_EQUAL|DYNAMIC_POINT_IN_TIME|DOUBLE_COST,LATEST_5Y,2021-09-01,2026-08-21,2021-09-01,2026-08-21,1212,4.969301217684142,0.16291559660708876,0.13204937799106764,0.19178199485636765,0.14147827618699407,0.6885389741094523,0.9333544452897906,-0.20710620341177044,-0.0741655107929248,0.6375925772176213,0.09542004268109967,1.3838746481426938,-0.09393720319247612,-0.13486416436232174,-0.15819336873736667,815,0.9666666666666667,0.5932203389830508,0.7916666666666666,3,5,-0.13486416436232174,6.29125192752672,584,58,0.0,0.0,0.0,0.25293175253384553,0.7348816170882251,0.12212996587372045,0.08828382838283828,3.0,0.9117161716171617,"HISTORICAL UK RETAIL, ISA, ACCOUNT AND BROKER ELIGIBILITY REMAIN PARTLY UNRESOLVED",0.11516454821291355,0.10989964278450803,0.016884829778154087,0.022149735206559606,0.030866218616021124,0.1069486806366746,185213.76104388197,0.0,0.0,-0.13886532498132242,M2_INTERMEDIATE_5H,8,MONTHLY,CASH_0_ALWAYS_INVESTED,W0_EQUAL,DYNAMIC_POINT_IN_TIME,DOUBLE_COST,,172.16337719298247,17.0,11.671661157024793,115.23809523809524,0.25877192982456143
M2_INTERMEDIATE_5H|TOP_8|MONTHLY|CASH_0_ALWAYS_INVESTED|W0_EQUAL|DYNAMIC_POINT_IN_TIME|DOUBLE_COST,LATEST_3Y,2023-08-21,2026-08-21,2023-08-21,2026-08-21,753,3.0007460796594043,0.3173409448140114,0.28002037591733275,0.19694857723708845,0.14696424325726945,1.4217943579264436,1.9053639831774645,-0.18348613737278896,-0.03494159890724401,1.5261118901228767,0.049965493698282126,5.604275174548314,-0.0860326290819674,-0.08489137292220106,-0.03626549991457961,143,0.8918918918918919,0.6388888888888888,1.0,3,3,-0.13382248056241397,6.695896865373206,357,35,0.0,0.0,0.0,0.1793989096847663,0.8922654592208261,0.07465634507879657,0.17131474103585656,2.0,0.8286852589641435,"HISTORICAL UK RETAIL, ISA, ACCOUNT AND BROKER ELIGIBILITY REMAIN PARTLY UNRESOLVED",0.18682342362237514,0.2078150463037296,0.09319695229495761,0.07220532961360315,0.037320568896678674,0.39351926334850856,209763.84799917854,0.0,0.0,0.09727472053316277,M2_INTERMEDIATE_5H,8,MONTHLY,CASH_0_ALWAYS_INVESTED,W0_EQUAL,DYNAMIC_POINT_IN_TIME,DOUBLE_COST,,172.16337719298247,17.0,11.663765967153285,103.33333333333333,0.27941176470588236
M2_INTERMEDIATE_5H|TOP_9|DAILY|CASH_0_ALWAYS_INVESTED|W0_EQUAL|DYNAMIC_POINT_IN_TIME|DOUBLE_COST,FULL_HISTORY,2017-02-06,2026-08-21,2017-02-06,2026-08-21,2160,9.536130105340971,0.1625013419156165,0.009208942675277054,0.17898470273826594,0.13559115681714098,0.051451004104767176,0.06791698582302301,-0.3660042335597521,-0.14958491727056328,0.025160754523823416,0.17841090977260435,0.051616477305196286,-0.08927058337582972,-0.1974719689683283,-0.21319384166483946,1528,1.0,0.5263157894736842,0.4077669902912621,5,13,-0.1974719689683283,26.351349310727933,9682,979,0.0,0.0,0.0,1.2177792549126778,0.014514120466541103,0.10683981426123444,0.017592592592592594,3.0,0.9824074074074074,"HISTORICAL UK RETAIL, ISA, ACCOUNT AND BROKER ELIGIBILITY REMAIN PARTLY UNRESOLVED",0.12033444661541659,0.12406505246808441,-0.11112550394013954,-0.11485610979280736,0.15329239924033944,-0.3138108777478294,109135.0354622863,0.0,0.0,-0.22074550882713206,M2_INTERMEDIATE_5H,9,DAILY,CASH_0_ALWAYS_INVESTED,W0_EQUAL,DYNAMIC_POINT_IN_TIME,DOUBLE_COST,,274.3836430525422,,102.66218992248062,30.029411764705884,0.11542831174733018
M2_INTERMEDIATE_5H|TOP_9|DAILY|CASH_0_ALWAYS_INVESTED|W0_EQUAL|DYNAMIC_POINT_IN_TIME|DOUBLE_COST,PRE_2020,2017-02-06,2019-12-31,2017-02-06,2019-12-31,623,2.896705613393841,0.054857575628875166,-0.04536012167976777,0.13165465558590037,0.09383517656620714,-0.3445386832535654,-0.48340210291780183,-0.222845156265561,-0.08902911235896498,-0.2035499556728657,0.10895730044430833,-0.41631099058803156,-0.07727167664347134,-0.14249601993407568,-0.14376529359877033,718,1.0,0.47058823529411764,0.043478260869565216,5,4,-0.16484411700072454,19.21575880841098,2024,222,0.0,0.0,0.0,0.27088776500054945,0.7445061945838141,0.03297485947076657,0.01765650080256822,6.0,0.9823434991974318,"HISTORICAL UK RETAIL, ISA, ACCOUNT AND BROKER ELIGIBILITY REMAIN PARTLY UNRESOLVED",0.09536344780005646,0.08379798415408746,-0.14072356947982423,-0.12915810583385523,0.10021769730864294,-0.5795867767479747,87418.06231311474,0.0,0.0,-0.1882899720582587,M2_INTERMEDIATE_5H,9,DAILY,CASH_0_ALWAYS_INVESTED,W0_EQUAL,DYNAMIC_POINT_IN_TIME,DOUBLE_COST,,274.3836430525422,,76.63878544423441,50.31428571428572,0.08597285067873303
M2_INTERMEDIATE_5H|TOP_9|DAILY|CASH_0_ALWAYS_INVESTED|W0_EQUAL|DYNAMIC_POINT_IN_TIME|DOUBLE_COST,POST_2020,2020-01-02,2026-08-21,2020-01-03,2026-08-21,1537,6.631210770926165,0.21106066653191569,0.03245892261793548,0.19492955527830946,0.1480632474733667,0.16651616822083473,0.21922336009666496,-0.36412827361466527,-0.1571496488686838,0.08914145088410459,0.18934590216362418,0.1714265914764078,-0.08927058337582972,-0.16320042455956374,-0.21319384166483946,1528,1.0,0.5569620253164557,0.5735294117647058,3,9,-0.16320042455956374,29.501022638301645,7658,757,0.0,0.0,0.0,0.9468914899121283,0.008951426714821298,0.11827768879711148,0.034482758620689655,3.0,0.9655172413793104,"HISTORICAL UK RETAIL, ISA, ACCOUNT AND BROKER ELIGIBILITY REMAIN PARTLY UNRESOLVED",0.12967523294147298,0.14034082798086622,-0.0972163103235375,-0.10788190536293074,0.1786017439139802,-0.2962744537577315,123592.84811673386,0.0,0.0,-0.22074550882713206,M2_INTERMEDIATE_5H,9,DAILY,CASH_0_ALWAYS_INVESTED,W0_EQUAL,DYNAMIC_POINT_IN_TIME,DOUBLE_COST,,274.3836430525422,,114.11001754023937,25.554513481828838,0.12404467960023519
M2_INTERMEDIATE_5H|TOP_9|DAILY|CASH_0_ALWAYS_INVESTED|W0_EQUAL|DYNAMIC_POINT_IN_TIME|DOUBLE_COST,LATEST_5Y,2021-09-01,2026-08-21,2021-09-01,2026-08-21,1190,4.969301217684142,0.19321050225882908,0.006158642390375002,0.1871036413582569,0.138091797888553,0.032915673610984054,0.04459817660818158,-0.3641282736146654,-0.19072826062138726,0.016913386948063023,0.21194443866338822,0.02905781547850003,-0.08561747972386002,-0.16320042455956374,-0.21319384166483946,1528,1.0,0.5423728813559322,0.5208333333333334,3,7,-0.16320042455956374,31.548810209820385,6113,604,0.0,0.0,0.0,0.756121458731066,0.02901529919256174,0.11648885403514446,0.015966386554621848,2.5,0.9840336134453781,"HISTORICAL UK RETAIL, ISA, ACCOUNT AND BROKER ELIGIBILITY REMAIN PARTLY UNRESOLVED",0.11516454821291355,0.11553781826242937,-0.10900590582253855,-0.10937917587205437,0.18705185986845407,-0.30038638523248445,103098.05031891592,0.0,0.0,-0.22074550882713206,M2_INTERMEDIATE_5H,9,DAILY,CASH_0_ALWAYS_INVESTED,W0_EQUAL,DYNAMIC_POINT_IN_TIME,DOUBLE_COST,,274.3836430525422,,121.54626446280992,23.846715328467152,0.12456237331859223
M2_INTERMEDIATE_5H|TOP_9|DAILY|CASH_0_ALWAYS_INVESTED|W0_EQUAL|DYNAMIC_POINT_IN_TIME|DOUBLE_COST,LATEST_3Y,2023-08-21,2026-08-21,2023-08-21,2026-08-21,744,3.0007460796594043,0.33763197184796323,0.1241251225013702,0.18803937556013808,0.14227456729117993,0.6601017586429548,0.8724336672719237,-0.24199338056455078,-0.06683741232722877,0.5129277594775379,0.08310405765475061,1.4936108537207466,-0.0853006502281991,-0.10098923214431932,-0.09204787895000721,490,0.9459459459459459,0.6111111111111112,0.72,3,3,-0.11659800932835962,32.10555928791849,3754,371,0.0,0.0,0.0,0.4637290238418594,0.6073875105117923,0.07651780550024444,0.08198924731182795,2.5,0.918010752688172,"HISTORICAL UK RETAIL, ISA, ACCOUNT AND BROKER ELIGIBILITY REMAIN PARTLY UNRESOLVED",0.18682342362237514,0.20808704219268837,-0.06269830112100494,-0.08396191969131817,0.21350684934659303,-0.3469595717677974,142063.29159661743,0.0,0.0,-0.026384444361926884,M2_INTERMEDIATE_5H,9,DAILY,CASH_0_ALWAYS_INVESTED,W0_EQUAL,DYNAMIC_POINT_IN_TIME,DOUBLE_COST,,274.3836430525422,,123.63591925182482,23.127659574468087,0.12432432432432435
M2_INTERMEDIATE_5H|TOP_9|WEEKLY|CASH_0_ALWAYS_INVESTED|W0_EQUAL|DYNAMIC_POINT_IN_TIME|DOUBLE_COST,FULL_HISTORY,2017-02-06,2026-08-21,2017-02-06,2026-08-21,2183,9.536130105340971,0.15158593609572346,0.094831373467134,0.17761734267384727,0.13325763444524913,0.5339082999415752,0.7116393282975233,-0.25225336188270053,-0.06935932521742919,0.3759370053955166,0.09553257318846085,0.9926600980385656,-0.0905808755313805,-0.17032425612526503,-0.16366953348997193,912,0.9739130434782609,0.6403508771929824,0.6796116504854369,3,8,-0.17032425612526503,10.630492317846564,3311,327,0.0,0.0,0.0,0.6772805155852276,0.7772435652909122,0.11879036047842613,0.07237746220797069,3.0,0.9276225377920293,"HISTORICAL UK RETAIL, ISA, ACCOUNT AND BROKER ELIGIBILITY REMAIN PARTLY UNRESOLVED",0.12033444661541659,0.12288196680580055,-0.025503073148282596,-0.028050593338666552,0.05675456262858947,-0.1112000772925685,237257.71486089574,0.0,0.0,-0.17354820953672223,M2_INTERMEDIATE_5H,9,WEEKLY,CASH_0_ALWAYS_INVESTED,W0_EQUAL,DYNAMIC_POINT_IN_TIME,DOUBLE_COST,,274.4317663167503,,34.290639534883724,73.31414868105516,0.13960706982179377
M2_INTERMEDIATE_5H|TOP_9|WEEKLY|CASH_0_ALWAYS_INVESTED|W0_EQUAL|DYNAMIC_POINT_IN_TIME|DOUBLE_COST,PRE_2020,2017-02-06,2019-12-31,2017-02-06,2019-12-31,625,2.896705613393841,0.058043386021253474,0.021558846002991627,0.13276300589221074,0.09363187771901614,0.1623859437206106,0.23025113378254017,-0.1621187895465387,-0.04520617547094514,0.13298178492014234,0.05728655269643236,0.3763334497929084,-0.06852658590982019,-0.11984481662786439,-0.11022998966046826,706,0.9714285714285714,0.6470588235294118,0.4782608695652174,2,2,-0.060450571151311916,7.268937642907144,691,74,0.0,0.0,0.0,0.10812007361351227,0.012700891030428485,0.030269356932949226,0.0336,6.5,0.9664,"HISTORICAL UK RETAIL, ISA, ACCOUNT AND BROKER ELIGIBILITY REMAIN PARTLY UNRESOLVED",0.09536344780005646,0.08429223208636127,-0.07380460179706483,-0.06273338608336965,0.036484540018261846,-0.3869593787298854,106373.4660573019,0.0,0.0,-0.12306693890206133,M2_INTERMEDIATE_5H,9,WEEKLY,CASH_0_ALWAYS_INVESTED,W0_EQUAL,DYNAMIC_POINT_IN_TIME,DOUBLE_COST,,274.4317663167503,,25.546261814744803,118.20270270270271,0.10138073494237877
M2_INTERMEDIATE_5H|TOP_9|WEEKLY|CASH_0_ALWAYS_INVESTED|W0_EQUAL|DYNAMIC_POINT_IN_TIME|DOUBLE_COST,POST_2020,2020-01-02,2026-08-21,2020-01-03,2026-08-21,1558,6.631210770926165,0.19316878571383556,0.12666519515622565,0.19268813771926852,0.14510530109789171,0.657358551779492,0.8729191435313179,-0.25225336188270076,-0.07900588903423744,0.5021348148181497,0.10710023479306775,1.1826789679869523,-0.0905808755313805,-0.15139129981072286,-0.16366953348997193,912,0.975,0.6455696202531646,0.7352941176470589,3,6,-0.15139129981072286,12.11208452389093,2620,253,0.0,0.0,0.0,0.5691604419717153,0.67834327275938,0.12883609495968412,0.09050064184852374,3.0,0.9094993581514762,"HISTORICAL UK RETAIL, ISA, ACCOUNT AND BROKER ELIGIBILITY REMAIN PARTLY UNRESOLVED",0.12967523294147298,0.13838929147148993,-0.0030100377852473326,-0.011724096315264276,0.0665035905576099,-0.04647746308616512,220527.50049148226,0.0,0.0,-0.17354820953672223,M2_INTERMEDIATE_5H,9,WEEKLY,CASH_0_ALWAYS_INVESTED,W0_EQUAL,DYNAMIC_POINT_IN_TIME,DOUBLE_COST,,274.4317663167503,,38.13716570367313,61.84615384615385,0.15079365079365079
M2_INTERMEDIATE_5H|TOP_9|WEEKLY|CASH_0_ALWAYS_INVESTED|W0_EQUAL|DYNAMIC_POINT_IN_TIME|DOUBLE_COST,LATEST_5Y,2021-09-01,2026-08-21,2021-09-01,2026-08-21,1204,4.969301217684142,0.17455995478224517,0.10513266785681097,0.18457871572123957,0.13486552102422655,0.5695817496941945,0.7795370310987452,-0.23558489616060374,-0.0927635626228705,0.4462623435126315,0.11746521341798852,0.8950110828361296,-0.0905808755313805,-0.15139129981072286,-0.16366953348997193,912,0.9666666666666667,0.6101694915254238,0.7291666666666666,3,5,-0.15139129981072286,12.999066664967428,2076,200,0.0,0.0,0.0,0.47491345020318043,0.6485240576197756,0.1261685037300166,0.07641196013289037,3.0,0.9235880398671097,"HISTORICAL UK RETAIL, ISA, ACCOUNT AND BROKER ELIGIBILITY REMAIN PARTLY UNRESOLVED",0.11516454821291355,0.11284113792316619,-0.010031880356102585,-0.007708470066355222,0.0694272869254342,-0.03272056142809842,164338.49853462138,0.0,0.0,-0.17354820953672223,M2_INTERMEDIATE_5H,9,WEEKLY,CASH_0_ALWAYS_INVESTED,W0_EQUAL,DYNAMIC_POINT_IN_TIME,DOUBLE_COST,,274.4317663167503,,40.24710743801653,57.359154929577464,0.15354550530429928
M2_INTERMEDIATE_5H|TOP_9|WEEKLY|CASH_0_ALWAYS_INVESTED|W0_EQUAL|DYNAMIC_POINT_IN_TIME|DOUBLE_COST,LATEST_3Y,2023-08-21,2026-08-21,2023-08-21,2026-08-21,747,3.0007460796594043,0.32406740208193474,0.24796254346199031,0.18629707922912467,0.13824260542072836,1.3310060709917195,1.7936767229418142,-0.18562108719066306,-0.03704525606864459,1.3358533085591318,0.05125652334565852,4.837677768150715,-0.08554310788835107,-0.08753179962714475,-0.055923626165118034,188,0.8648648648648649,0.6944444444444444,0.92,3,2,-0.10472657507559413,12.912031171514059,1236,119,0.0,0.0,0.0,0.31208786350164375,0.873514894451777,0.07601309884043901,0.15528781793842034,3.0,0.8447121820615796,"HISTORICAL UK RETAIL, ISA, ACCOUNT AND BROKER ELIGIBILITY REMAIN PARTLY UNRESOLVED",0.18682342362237514,0.20914998737126234,0.061139119839615175,0.03881255609072798,0.07610485861994443,0.20909561881221592,194391.12166044355,0.0,0.0,0.08760054754088697,M2_INTERMEDIATE_5H,9,WEEKLY,CASH_0_ALWAYS_INVESTED,W0_EQUAL,DYNAMIC_POINT_IN_TIME,DOUBLE_COST,,274.4317663167503,,39.65680428832117,57.017341040462426,0.1544256120527307
M2_INTERMEDIATE_5H|TOP_9|MONTHLY|CASH_0_ALWAYS_INVESTED|W0_EQUAL|DYNAMIC_POINT_IN_TIME|DOUBLE_COST,FULL_HISTORY,2017-03-01,2026-08-21,2017-03-01,2026-08-21,2141,9.473158244180237,0.12643998437808213,0.1036002164657317,0.181200888015985,0.13856147275321684,0.5717423220166139,0.7476841463012417,-0.2527319963136383,-0.06378211498067049,0.40992125246051037,0.08952309738550168,1.157245666105715,-0.09366405171141079,-0.18074436738643151,-0.15927655306745991,913,0.9649122807017544,0.6194690265486725,0.7058823529411765,4,7,-0.18074436738643151,4.609323574987658,1016,94,0.0,0.0,0.0,0.30089169193021653,0.8150888568498836,0.11653605069104266,0.085007006071929,3.0,0.914992993928071,"HISTORICAL UK RETAIL, ISA, ACCOUNT AND BROKER ELIGIBILITY REMAIN PARTLY UNRESOLVED",0.11601083229325537,0.11531968560703398,-0.012410615827523674,-0.011719469141302286,0.022839767912350428,-0.04637113350206169,254426.73113085947,0.0,0.0,-0.1507116244399923,M2_INTERMEDIATE_5H,9,MONTHLY,CASH_0_ALWAYS_INVESTED,W0_EQUAL,DYNAMIC_POINT_IN_TIME,DOUBLE_COST,,268.9428007889546,,9.922773121387284,162.22340425531914,0.214200375490698
M2_INTERMEDIATE_5H|TOP_9|MONTHLY|CASH_0_ALWAYS_INVESTED|W0_EQUAL|DYNAMIC_POINT_IN_TIME|DOUBLE_COST,PRE_2020,2017-03-01,2019-12-31,2017-03-01,2019-12-31,607,2.833733752233105,0.04158277274488564,0.03237034181309473,0.13044719230842652,0.0945532407954328,0.248149011414205,0.342350421210082,-0.15096826913425865,-0.03885223961208218,0.21441818203736066,0.05095087082225774,0.6353246036955631,-0.06768272055290392,-0.11541125506986971,-0.09629080975492543,496,0.9705882352941176,0.6363636363636364,0.5454545454545454,3,1,-0.051452110758754666,2.1270393166838395,170,18,0.0,0.0,0.0,0.030064339695397027,0.14330949002769322,0.028520675862166226,0.057660626029654036,4.0,0.942339373970346,"HISTORICAL UK RETAIL, ISA, ACCOUNT AND BROKER ELIGIBILITY REMAIN PARTLY UNRESOLVED",0.0807540672530016,0.07326279250483347,-0.04838372543990688,-0.040892450691738746,0.009212430931790916,-0.27086785141169234,109447.58387453297,0.0,0.0,-0.09462377892961116,M2_INTERMEDIATE_5H,9,MONTHLY,CASH_0_ALWAYS_INVESTED,W0_EQUAL,DYNAMIC_POINT_IN_TIME,DOUBLE_COST,,268.9428007889546,,6.35204347826087,333.5769230769231,0.11297852474323061
M2_INTERMEDIATE_5H|TOP_9|MONTHLY|CASH_0_ALWAYS_INVESTED|W0_EQUAL|DYNAMIC_POINT_IN_TIME|DOUBLE_COST,POST_2020,2020-01-02,2026-08-21,2020-01-03,2026-08-21,1534,6.631210770926165,0.16322052024458666,0.13433865733702444,0.19773857118480834,0.15120848523030642,0.6793750785802445,0.8884333252357667,-0.2527319963136383,-0.07362818457563088,0.5315459035519637,0.10078798179191586,1.332883692565413,-0.09366405171141079,-0.13761928081183183,-0.15927655306745991,913,0.9625,0.620253164556962,0.75,4,6,-0.14449331531059784,5.67579433389328,846,76,0.0,0.0,0.0,0.2708273522348195,0.6875945661524498,0.13021615602407408,0.09778357235984354,3.0,0.9022164276401564,"HISTORICAL UK RETAIL, ISA, ACCOUNT AND BROKER ELIGIBILITY REMAIN PARTLY UNRESOLVED",0.12967523294147298,0.13196812661918522,0.004663424395551452,0.0023705307178392143,0.028881862907562228,0.009379622495037808,230680.3485544674,0.0,0.0,-0.1507116244399923,M2_INTERMEDIATE_5H,9,MONTHLY,CASH_0_ALWAYS_INVESTED,W0_EQUAL,DYNAMIC_POINT_IN_TIME,DOUBLE_COST,,268.9428007889546,,11.456223689640941,128.98224852071007,0.23703703703703696
M2_INTERMEDIATE_5H|TOP_9|MONTHLY|CASH_0_ALWAYS_INVESTED|W0_EQUAL|DYNAMIC_POINT_IN_TIME|DOUBLE_COST,LATEST_5Y,2021-09-01,2026-08-21,2021-09-01,2026-08-21,1194,4.969301217684142,0.13997230729260823,0.1092180943405463,0.1887101247477425,0.13967747997359467,0.5787611792771752,0.7819305901079647,-0.22972865515931817,-0.08573218633780567,0.47542216387765346,0.10975224144583554,0.9951331553847778,-0.09366405171141079,-0.13761928081183183,-0.15927655306745991,913,0.9666666666666667,0.5932203389830508,0.7083333333333334,4,5,-0.14449331531059784,6.209334771415102,673,60,0.0,0.0,0.0,0.23143130850708285,0.6349620642355795,0.12989629178800882,0.08207705192629816,3.0,0.9179229480737019,"HISTORICAL UK RETAIL, ISA, ACCOUNT AND BROKER ELIGIBILITY REMAIN PARTLY UNRESOLVED",0.11516454821291355,0.10989964278450803,-0.005946453872367252,-0.0006815484439617325,0.030754212952061932,-0.0029667541625970632,167379.6910817311,0.0,0.0,-0.1507116244399923,M2_INTERMEDIATE_5H,9,MONTHLY,CASH_0_ALWAYS_INVESTED,W0_EQUAL,DYNAMIC_POINT_IN_TIME,DOUBLE_COST,,268.9428007889546,,12.074132231404958,115.85106382978724,0.24858757062146894
M2_INTERMEDIATE_5H|TOP_9|MONTHLY|CASH_0_ALWAYS_INVESTED|W0_EQUAL|DYNAMIC_POINT_IN_TIME|DOUBLE_COST,LATEST_3Y,2023-08-21,2026-08-21,2023-08-21,2026-08-21,742,3.0007460796594043,0.296247172096181,0.25867106590491407,0.19172824885008213,0.14420087254479147,1.3491546887656418,1.793824554179213,-0.18902282186081765,-0.03534055707268136,1.3684647354136963,0.05107727639009644,5.06430812655995,-0.08771398618603299,-0.09344962825262915,-0.03391378308024817,184,0.8918918918918919,0.6944444444444444,1.0,3,2,-0.14449331531059784,6.72028554421382,411,36,0.0,0.0,0.0,0.16270472913693354,0.8863868133679123,0.07426527376016742,0.16711590296495957,2.0,0.8328840970350404,"HISTORICAL UK RETAIL, ISA, ACCOUNT AND BROKER ELIGIBILITY REMAIN PARTLY UNRESOLVED",0.18682342362237514,0.2078150463037296,0.07184764228253893,0.050856019601184466,0.037576106191266945,0.2690469812086027,199439.55156242283,0.0,0.0,0.09385957338828388,M2_INTERMEDIATE_5H,9,MONTHLY,CASH_0_ALWAYS_INVESTED,W0_EQUAL,DYNAMIC_POINT_IN_TIME,DOUBLE_COST,,268.9428007889546,,11.997016423357664,103.88297872340425,0.2698412698412699
