analysis_context_id,robustness_variant_id,score_column,forward_horizon_sessions,observation_count,mean_top3_advantage_vs_global,median_top3_advantage_vs_global,positive_frequency,hac_t_statistic,hac_p_value,neighbourhood_not_optimisation_grid,warning
ALL_EQUITY_OPPORTUNITIES,RS42_NEIGHBOUR_32,RANK_RS_32,10,700,-0.0016900107632019093,-0.0014056062145975656,0.48,-1.0853785457930596,0.27775403052278036,YES,"HISTORICAL UK RETAIL, ACCOUNT AND BROKER ELIGIBILITY REMAIN UNRESOLVED"
ALL_EQUITY_OPPORTUNITIES,RS42_NEIGHBOUR_32,RANK_RS_32,21,689,-0.004310536713247342,-0.0037038157045200526,0.4528301886792453,-1.548983392215415,0.12138571247552836,YES,"HISTORICAL UK RETAIL, ACCOUNT AND BROKER ELIGIBILITY REMAIN UNRESOLVED"
ALL_EQUITY_OPPORTUNITIES,RS42_NEIGHBOUR_32,RANK_RS_32,42,668,-0.010402603415017862,-0.009673001615598975,0.41317365269461076,-2.3466848658774926,0.018941267324089437,YES,"HISTORICAL UK RETAIL, ACCOUNT AND BROKER ELIGIBILITY REMAIN UNRESOLVED"
ALL_EQUITY_OPPORTUNITIES,RS42_NEIGHBOUR_32,RANK_RS_32,63,662,-0.011015208534129812,-0.012979840542855059,0.4123867069486405,-1.6615744295167285,0.0965981339071505,YES,"HISTORICAL UK RETAIL, ACCOUNT AND BROKER ELIGIBILITY REMAIN UNRESOLVED"
ALL_EQUITY_OPPORTUNITIES,RS42_CENTRAL_42,RANK_RS_42,10,695,-0.001621888237118994,-0.0020599099224655193,0.4546762589928058,-1.0253714189348768,0.30518796870334175,YES,"HISTORICAL UK RETAIL, ACCOUNT AND BROKER ELIGIBILITY REMAIN UNRESOLVED"
ALL_EQUITY_OPPORTUNITIES,RS42_CENTRAL_42,RANK_RS_42,21,691,-0.005853455399755651,-0.004809187936714476,0.44573082489146165,-2.065407617570488,0.0388844484210624,YES,"HISTORICAL UK RETAIL, ACCOUNT AND BROKER ELIGIBILITY REMAIN UNRESOLVED"
ALL_EQUITY_OPPORTUNITIES,RS42_CENTRAL_42,RANK_RS_42,42,664,-0.010115724514530416,-0.008217402792130069,0.411144578313253,-2.2995645635912263,0.021472901647038842,YES,"HISTORICAL UK RETAIL, ACCOUNT AND BROKER ELIGIBILITY REMAIN UNRESOLVED"
ALL_EQUITY_OPPORTUNITIES,RS42_CENTRAL_42,RANK_RS_42,63,660,-0.010978385183503542,-0.01201282426481759,0.42424242424242425,-1.6250959757875352,0.10414211023672701,YES,"HISTORICAL UK RETAIL, ACCOUNT AND BROKER ELIGIBILITY REMAIN UNRESOLVED"
ALL_EQUITY_OPPORTUNITIES,RS42_NEIGHBOUR_52,RANK_RS_52,10,696,-0.0021257669521895285,-0.001473438239193381,0.4640804597701149,-1.3752864662582838,0.1690426506252849,YES,"HISTORICAL UK RETAIL, ACCOUNT AND BROKER ELIGIBILITY REMAIN UNRESOLVED"
ALL_EQUITY_OPPORTUNITIES,RS42_NEIGHBOUR_52,RANK_RS_52,21,681,-0.004897764862062453,-0.003421644571829696,0.46402349486049926,-1.7223093500687088,0.08501349484917572,YES,"HISTORICAL UK RETAIL, ACCOUNT AND BROKER ELIGIBILITY REMAIN UNRESOLVED"
ALL_EQUITY_OPPORTUNITIES,RS42_NEIGHBOUR_52,RANK_RS_52,42,657,-0.0062804332477597365,-0.00507273212039161,0.4429223744292237,-1.3998309309647838,0.16156395301589932,YES,"HISTORICAL UK RETAIL, ACCOUNT AND BROKER ELIGIBILITY REMAIN UNRESOLVED"
ALL_EQUITY_OPPORTUNITIES,RS42_NEIGHBOUR_52,RANK_RS_52,63,655,-0.007153016093677184,-0.00950063488507491,0.44122137404580153,-1.0317058874367182,0.3022099185507132,YES,"HISTORICAL UK RETAIL, ACCOUNT AND BROKER ELIGIBILITY REMAIN UNRESOLVED"
ALL_EQUITY_OPPORTUNITIES,RS63_NEIGHBOUR_50,RANK_RS_50,10,694,-0.0022469249233830653,-0.0016253459900567035,0.4610951008645533,-1.4340842302325219,0.15154822753619146,YES,"HISTORICAL UK RETAIL, ACCOUNT AND BROKER ELIGIBILITY REMAIN UNRESOLVED"
ALL_EQUITY_OPPORTUNITIES,RS63_NEIGHBOUR_50,RANK_RS_50,21,683,-0.00546113921088823,-0.004171190006034942,0.4538799414348463,-1.9082876662183827,0.05635404623707816,YES,"HISTORICAL UK RETAIL, ACCOUNT AND BROKER ELIGIBILITY REMAIN UNRESOLVED"
ALL_EQUITY_OPPORTUNITIES,RS63_NEIGHBOUR_50,RANK_RS_50,42,662,-0.00712691603477357,-0.006490697775751009,0.43051359516616317,-1.5709564248587586,0.11619277076998345,YES,"HISTORICAL UK RETAIL, ACCOUNT AND BROKER ELIGIBILITY REMAIN UNRESOLVED"
ALL_EQUITY_OPPORTUNITIES,RS63_NEIGHBOUR_50,RANK_RS_50,63,653,-0.007677527639728659,-0.010648690720990284,0.450229709035222,-1.085253426652117,0.2778094272027384,YES,"HISTORICAL UK RETAIL, ACCOUNT AND BROKER ELIGIBILITY REMAIN UNRESOLVED"
ALL_EQUITY_OPPORTUNITIES,RS63_CENTRAL_63,RANK_RS_63,10,686,-0.002953074888292551,-0.002359262078729385,0.45481049562682213,-1.9257709708567186,0.05413297767051502,YES,"HISTORICAL UK RETAIL, ACCOUNT AND BROKER ELIGIBILITY REMAIN UNRESOLVED"
ALL_EQUITY_OPPORTUNITIES,RS63_CENTRAL_63,RANK_RS_63,21,676,-0.0035206536899181273,-0.0035169960730694894,0.4541420118343195,-1.2057803534446723,0.22790219273197976,YES,"HISTORICAL UK RETAIL, ACCOUNT AND BROKER ELIGIBILITY REMAIN UNRESOLVED"
ALL_EQUITY_OPPORTUNITIES,RS63_CENTRAL_63,RANK_RS_63,42,658,-0.004051596700725421,-0.006490568503971728,0.43465045592705165,-0.8174647215243634,0.4136629020818191,YES,"HISTORICAL UK RETAIL, ACCOUNT AND BROKER ELIGIBILITY REMAIN UNRESOLVED"
ALL_EQUITY_OPPORTUNITIES,RS63_CENTRAL_63,RANK_RS_63,63,655,-0.0036069681488265248,-0.008953311305519684,0.44122137404580153,-0.45740491615838136,0.6473800314298741,YES,"HISTORICAL UK RETAIL, ACCOUNT AND BROKER ELIGIBILITY REMAIN UNRESOLVED"
ALL_EQUITY_OPPORTUNITIES,RS63_NEIGHBOUR_75,RANK_RS_75,10,685,-0.0004956385453639179,-0.0016188638685484813,0.46715328467153283,-0.3219038644450769,0.7475255254899025,YES,"HISTORICAL UK RETAIL, ACCOUNT AND BROKER ELIGIBILITY REMAIN UNRESOLVED"
ALL_EQUITY_OPPORTUNITIES,RS63_NEIGHBOUR_75,RANK_RS_75,21,680,0.0006292578692580663,-0.002442027292626825,0.4764705882352941,0.209683908070349,0.8339143858354522,YES,"HISTORICAL UK RETAIL, ACCOUNT AND BROKER ELIGIBILITY REMAIN UNRESOLVED"
ALL_EQUITY_OPPORTUNITIES,RS63_NEIGHBOUR_75,RANK_RS_75,42,665,-0.0005505995355126055,-0.005681897511077616,0.44511278195488724,-0.10568215700139008,0.9158345377109572,YES,"HISTORICAL UK RETAIL, ACCOUNT AND BROKER ELIGIBILITY REMAIN UNRESOLVED"
ALL_EQUITY_OPPORTUNITIES,RS63_NEIGHBOUR_75,RANK_RS_75,63,659,0.0011237140689858802,-0.009995702750504543,0.4324734446130501,0.1357481502096872,0.8920203816398597,YES,"HISTORICAL UK RETAIL, ACCOUNT AND BROKER ELIGIBILITY REMAIN UNRESOLVED"
ALL_EQUITY_OPPORTUNITIES,MH_RECENCY_CENTRAL,MH_LEVEL_RECENCY_TILT,10,642,-0.0010192919107737748,-0.0017301641433504211,0.45950155763239875,-0.6772164999339947,0.49826860042653764,YES,"HISTORICAL UK RETAIL, ACCOUNT AND BROKER ELIGIBILITY REMAIN UNRESOLVED"
ALL_EQUITY_OPPORTUNITIES,MH_RECENCY_CENTRAL,MH_LEVEL_RECENCY_TILT,21,638,-0.0023084069492883682,-0.004547865483381874,0.445141065830721,-0.7944334220523649,0.42694315363423396,YES,"HISTORICAL UK RETAIL, ACCOUNT AND BROKER ELIGIBILITY REMAIN UNRESOLVED"
ALL_EQUITY_OPPORTUNITIES,MH_RECENCY_CENTRAL,MH_LEVEL_RECENCY_TILT,42,623,-0.005506695588680879,-0.009068200790580017,0.4044943820224719,-1.1980277849933256,0.23090620033964737,YES,"HISTORICAL UK RETAIL, ACCOUNT AND BROKER ELIGIBILITY REMAIN UNRESOLVED"
ALL_EQUITY_OPPORTUNITIES,MH_RECENCY_CENTRAL,MH_LEVEL_RECENCY_TILT,63,617,-0.005564431173498763,-0.009806005688017483,0.42625607779578606,-0.8366027219905842,0.40281591505697956,YES,"HISTORICAL UK RETAIL, ACCOUNT AND BROKER ELIGIBILITY REMAIN UNRESOLVED"
ALL_EQUITY_OPPORTUNITIES,MH_RECENCY_WHOLE_STRUCTURE_NEIGHBOUR,MH_STRUCTURE_FAST_NEIGHBOUR,10,641,-0.00012162637630909171,-0.0013436695150678135,0.46489859594383776,-0.08024710776687458,0.9360407243592771,YES,"HISTORICAL UK RETAIL, ACCOUNT AND BROKER ELIGIBILITY REMAIN UNRESOLVED"
ALL_EQUITY_OPPORTUNITIES,MH_RECENCY_WHOLE_STRUCTURE_NEIGHBOUR,MH_STRUCTURE_FAST_NEIGHBOUR,21,636,-0.0022869550551972337,-0.004357070072207703,0.4481132075471698,-0.7774907887254789,0.4368692668896226,YES,"HISTORICAL UK RETAIL, ACCOUNT AND BROKER ELIGIBILITY REMAIN UNRESOLVED"
ALL_EQUITY_OPPORTUNITIES,MH_RECENCY_WHOLE_STRUCTURE_NEIGHBOUR,MH_STRUCTURE_FAST_NEIGHBOUR,42,623,-0.005016831442806342,-0.005773487273837641,0.4317817014446228,-1.100455216011314,0.2711338319512041,YES,"HISTORICAL UK RETAIL, ACCOUNT AND BROKER ELIGIBILITY REMAIN UNRESOLVED"
ALL_EQUITY_OPPORTUNITIES,MH_RECENCY_WHOLE_STRUCTURE_NEIGHBOUR,MH_STRUCTURE_FAST_NEIGHBOUR,63,621,-0.00464968630429478,-0.008953311305519684,0.43800322061191627,-0.7143521268055393,0.4750094667611203,YES,"HISTORICAL UK RETAIL, ACCOUNT AND BROKER ELIGIBILITY REMAIN UNRESOLVED"
ALL_EQUITY_OPPORTUNITIES,MH_60D_CENTRAL,MH_LEVEL_60D_CENTERED,10,643,-0.0013929112908732976,-0.0019565988210162866,0.4618973561430793,-0.886101380343546,0.37556289929316855,YES,"HISTORICAL UK RETAIL, ACCOUNT AND BROKER ELIGIBILITY REMAIN UNRESOLVED"
ALL_EQUITY_OPPORTUNITIES,MH_60D_CENTRAL,MH_LEVEL_60D_CENTERED,21,635,-0.002725930494554193,-0.00426491577801702,0.44251968503937006,-0.9136566042252762,0.3608973132909954,YES,"HISTORICAL UK RETAIL, ACCOUNT AND BROKER ELIGIBILITY REMAIN UNRESOLVED"
ALL_EQUITY_OPPORTUNITIES,MH_60D_CENTRAL,MH_LEVEL_60D_CENTERED,42,626,-0.0029331253296491517,-0.007844707851086319,0.42012779552715657,-0.6247386758407808,0.5321425848809864,YES,"HISTORICAL UK RETAIL, ACCOUNT AND BROKER ELIGIBILITY REMAIN UNRESOLVED"
ALL_EQUITY_OPPORTUNITIES,MH_60D_CENTRAL,MH_LEVEL_60D_CENTERED,63,620,-0.002540779310760728,-0.009452063349917272,0.4258064516129032,-0.35779458899902633,0.7204970402350939,YES,"HISTORICAL UK RETAIL, ACCOUNT AND BROKER ELIGIBILITY REMAIN UNRESOLVED"
ALL_EQUITY_OPPORTUNITIES,MH_60D_WHOLE_STRUCTURE_NEIGHBOUR,MH_STRUCTURE_60D_NEIGHBOUR,10,640,-0.0007494529761920129,-0.0009298228837359424,0.4765625,-0.4803385265781368,0.6309866981725751,YES,"HISTORICAL UK RETAIL, ACCOUNT AND BROKER ELIGIBILITY REMAIN UNRESOLVED"
ALL_EQUITY_OPPORTUNITIES,MH_60D_WHOLE_STRUCTURE_NEIGHBOUR,MH_STRUCTURE_60D_NEIGHBOUR,21,634,-0.001316154633003485,-0.0033214984603453512,0.47003154574132494,-0.44407248574299013,0.656990178259746,YES,"HISTORICAL UK RETAIL, ACCOUNT AND BROKER ELIGIBILITY REMAIN UNRESOLVED"
ALL_EQUITY_OPPORTUNITIES,MH_60D_WHOLE_STRUCTURE_NEIGHBOUR,MH_STRUCTURE_60D_NEIGHBOUR,42,626,-0.0022545678476699194,-0.00614100515485716,0.426517571884984,-0.47909613956973873,0.6318702359528829,YES,"HISTORICAL UK RETAIL, ACCOUNT AND BROKER ELIGIBILITY REMAIN UNRESOLVED"
ALL_EQUITY_OPPORTUNITIES,MH_60D_WHOLE_STRUCTURE_NEIGHBOUR,MH_STRUCTURE_60D_NEIGHBOUR,63,623,-0.0018322515803058433,-0.008166725054018498,0.42857142857142855,-0.26081059078476293,0.7942385767786966,YES,"HISTORICAL UK RETAIL, ACCOUNT AND BROKER ELIGIBILITY REMAIN UNRESOLVED"
COUNTRY,RS42_NEIGHBOUR_32,RANK_RS_32,10,670,-0.0014231974683253808,-0.0017991590805699897,0.4701492537313433,-1.196999506704451,0.2313067470215937,YES,"HISTORICAL UK RETAIL, ACCOUNT AND BROKER ELIGIBILITY REMAIN UNRESOLVED"
COUNTRY,RS42_NEIGHBOUR_32,RANK_RS_32,21,672,-0.0031237059912951953,-0.0019483582580130943,0.46279761904761907,-1.347488020073361,0.1778231092033583,YES,"HISTORICAL UK RETAIL, ACCOUNT AND BROKER ELIGIBILITY REMAIN UNRESOLVED"
COUNTRY,RS42_NEIGHBOUR_32,RANK_RS_32,42,636,-0.004275140803537652,-0.005664550053058881,0.44654088050314467,-0.9818581026149922,0.32616975903467427,YES,"HISTORICAL UK RETAIL, ACCOUNT AND BROKER ELIGIBILITY REMAIN UNRESOLVED"
COUNTRY,RS42_NEIGHBOUR_32,RANK_RS_32,63,642,-0.006741330892747815,-0.011355008652001064,0.4174454828660436,-1.0095231017072015,0.3127238280881669,YES,"HISTORICAL UK RETAIL, ACCOUNT AND BROKER ELIGIBILITY REMAIN UNRESOLVED"
COUNTRY,RS42_CENTRAL_42,RANK_RS_42,10,664,-0.00034891386785513103,-0.0003613921393026409,0.4939759036144578,-0.2894965566056383,0.7722014145706317,YES,"HISTORICAL UK RETAIL, ACCOUNT AND BROKER ELIGIBILITY REMAIN UNRESOLVED"
COUNTRY,RS42_CENTRAL_42,RANK_RS_42,21,668,-0.0016838846463898879,-0.0006255876758505807,0.4880239520958084,-0.6976838586508237,0.48537492484100875,YES,"HISTORICAL UK RETAIL, ACCOUNT AND BROKER ELIGIBILITY REMAIN UNRESOLVED"
COUNTRY,RS42_CENTRAL_42,RANK_RS_42,42,631,-0.00301048857237342,-0.006242000611242027,0.4405705229793978,-0.6286464739056712,0.5295805276801178,YES,"HISTORICAL UK RETAIL, ACCOUNT AND BROKER ELIGIBILITY REMAIN UNRESOLVED"
COUNTRY,RS42_CENTRAL_42,RANK_RS_42,63,640,-0.004867046075584427,-0.009845467731890156,0.4234375,-0.6699502210589875,0.5028895235142167,YES,"HISTORICAL UK RETAIL, ACCOUNT AND BROKER ELIGIBILITY REMAIN UNRESOLVED"
COUNTRY,RS42_NEIGHBOUR_52,RANK_RS_52,10,659,-0.0008086957433946262,-0.0017353477182316945,0.47344461305007585,-0.6752431314135185,0.4995213078763867,YES,"HISTORICAL UK RETAIL, ACCOUNT AND BROKER ELIGIBILITY REMAIN UNRESOLVED"
COUNTRY,RS42_NEIGHBOUR_52,RANK_RS_52,21,661,-0.0017543045948147918,-0.0015566848795672827,0.46444780635400906,-0.6983812902617716,0.48493877390823503,YES,"HISTORICAL UK RETAIL, ACCOUNT AND BROKER ELIGIBILITY REMAIN UNRESOLVED"
COUNTRY,RS42_NEIGHBOUR_52,RANK_RS_52,42,633,-0.0023648074173885474,-0.006799721887512433,0.4486571879936809,-0.47818347196806066,0.6325196252188834,YES,"HISTORICAL UK RETAIL, ACCOUNT AND BROKER ELIGIBILITY REMAIN UNRESOLVED"
COUNTRY,RS42_NEIGHBOUR_52,RANK_RS_52,63,638,-0.0037701174230809448,-0.010024381056017106,0.4216300940438871,-0.5067477827638863,0.6123317989432482,YES,"HISTORICAL UK RETAIL, ACCOUNT AND BROKER ELIGIBILITY REMAIN UNRESOLVED"
COUNTRY,RS63_NEIGHBOUR_50,RANK_RS_50,10,660,-0.0007174281516653517,-0.0019339759384106037,0.46515151515151515,-0.5871692752314375,0.5570900252428803,YES,"HISTORICAL UK RETAIL, ACCOUNT AND BROKER ELIGIBILITY REMAIN UNRESOLVED"
COUNTRY,RS63_NEIGHBOUR_50,RANK_RS_50,21,664,-0.0020252716207060746,-0.0022692067459538223,0.45933734939759036,-0.8022330203938711,0.4224181788719885,YES,"HISTORICAL UK RETAIL, ACCOUNT AND BROKER ELIGIBILITY REMAIN UNRESOLVED"
COUNTRY,RS63_NEIGHBOUR_50,RANK_RS_50,42,627,-0.003034715637897149,-0.0071297073727590865,0.44657097288676234,-0.6098154268121053,0.5419840811473583,YES,"HISTORICAL UK RETAIL, ACCOUNT AND BROKER ELIGIBILITY REMAIN UNRESOLVED"
COUNTRY,RS63_NEIGHBOUR_50,RANK_RS_50,63,637,-0.004804392101782755,-0.011094621657916748,0.41130298273155413,-0.6313601394542452,0.527805072728257,YES,"HISTORICAL UK RETAIL, ACCOUNT AND BROKER ELIGIBILITY REMAIN UNRESOLVED"
COUNTRY,RS63_CENTRAL_63,RANK_RS_63,10,654,-0.00038202418373788,-0.002110317255702654,0.46636085626911317,-0.30806816714417606,0.758030462948042,YES,"HISTORICAL UK RETAIL, ACCOUNT AND BROKER ELIGIBILITY REMAIN UNRESOLVED"
COUNTRY,RS63_CENTRAL_63,RANK_RS_63,21,657,-0.001668883590192616,-0.003030642735514344,0.4535768645357686,-0.6295031514588083,0.5290197061840937,YES,"HISTORICAL UK RETAIL, ACCOUNT AND BROKER ELIGIBILITY REMAIN UNRESOLVED"
COUNTRY,RS63_CENTRAL_63,RANK_RS_63,42,631,-0.0022673604463062966,-0.005649921488770859,0.4437400950871632,-0.4246662199005805,0.6710800122599168,YES,"HISTORICAL UK RETAIL, ACCOUNT AND BROKER ELIGIBILITY REMAIN UNRESOLVED"
COUNTRY,RS63_CENTRAL_63,RANK_RS_63,63,638,-0.0020119071958331165,-0.01033171572619429,0.41379310344827586,-0.2522550113818105,0.8008439595696042,YES,"HISTORICAL UK RETAIL, ACCOUNT AND BROKER ELIGIBILITY REMAIN UNRESOLVED"
COUNTRY,RS63_NEIGHBOUR_75,RANK_RS_75,10,655,-0.000988181355447107,-0.0021854799335407904,0.4534351145038168,-0.8045349060501121,0.4210881185308617,YES,"HISTORICAL UK RETAIL, ACCOUNT AND BROKER ELIGIBILITY REMAIN UNRESOLVED"
COUNTRY,RS63_NEIGHBOUR_75,RANK_RS_75,21,655,-0.002684422348738919,-0.0034522107778457434,0.45038167938931295,-1.0161309678294324,0.3095670239435345,YES,"HISTORICAL UK RETAIL, ACCOUNT AND BROKER ELIGIBILITY REMAIN UNRESOLVED"
COUNTRY,RS63_NEIGHBOUR_75,RANK_RS_75,42,633,-0.002668008803158362,-0.006705385526325602,0.4423380726698262,-0.503497620136406,0.6146144531280844,YES,"HISTORICAL UK RETAIL, ACCOUNT AND BROKER ELIGIBILITY REMAIN UNRESOLVED"
COUNTRY,RS63_NEIGHBOUR_75,RANK_RS_75,63,637,-0.002181675040608116,-0.007535976394951738,0.43328100470957615,-0.27472288609673273,0.7835291468853068,YES,"HISTORICAL UK RETAIL, ACCOUNT AND BROKER ELIGIBILITY REMAIN UNRESOLVED"
COUNTRY,MH_RECENCY_CENTRAL,MH_LEVEL_RECENCY_TILT,10,614,-0.0005937666327393004,-0.000684578816099124,0.4820846905537459,-0.46125900475352216,0.6446127932062715,YES,"HISTORICAL UK RETAIL, ACCOUNT AND BROKER ELIGIBILITY REMAIN UNRESOLVED"
COUNTRY,MH_RECENCY_CENTRAL,MH_LEVEL_RECENCY_TILT,21,629,-0.002374913563635727,-0.0019990847952742197,0.46899841017488075,-0.9111749498319642,0.36220320062760114,YES,"HISTORICAL UK RETAIL, ACCOUNT AND BROKER ELIGIBILITY REMAIN UNRESOLVED"
COUNTRY,MH_RECENCY_CENTRAL,MH_LEVEL_RECENCY_TILT,42,597,-0.0031258626475484013,-0.006309815667882801,0.4355108877721943,-0.6181512769363738,0.5364756240195072,YES,"HISTORICAL UK RETAIL, ACCOUNT AND BROKER ELIGIBILITY REMAIN UNRESOLVED"
COUNTRY,MH_RECENCY_CENTRAL,MH_LEVEL_RECENCY_TILT,63,600,-0.004388970952384511,-0.008381912892254983,0.43,-0.5686080958420077,0.5696221294704817,YES,"HISTORICAL UK RETAIL, ACCOUNT AND BROKER ELIGIBILITY REMAIN UNRESOLVED"
COUNTRY,MH_RECENCY_WHOLE_STRUCTURE_NEIGHBOUR,MH_STRUCTURE_FAST_NEIGHBOUR,10,616,-0.0008201322929256199,-0.0017917436947957888,0.4675324675324675,-0.6529443541357914,0.5137921531366857,YES,"HISTORICAL UK RETAIL, ACCOUNT AND BROKER ELIGIBILITY REMAIN UNRESOLVED"
COUNTRY,MH_RECENCY_WHOLE_STRUCTURE_NEIGHBOUR,MH_STRUCTURE_FAST_NEIGHBOUR,21,628,-0.002759442924902751,-0.0027902519682240223,0.4570063694267516,-1.0907793093370135,0.27537000290166935,YES,"HISTORICAL UK RETAIL, ACCOUNT AND BROKER ELIGIBILITY REMAIN UNRESOLVED"
COUNTRY,MH_RECENCY_WHOLE_STRUCTURE_NEIGHBOUR,MH_STRUCTURE_FAST_NEIGHBOUR,42,599,-0.0038890438400737003,-0.006354803075884319,0.43906510851419034,-0.7963220204531428,0.4258448896905208,YES,"HISTORICAL UK RETAIL, ACCOUNT AND BROKER ELIGIBILITY REMAIN UNRESOLVED"
COUNTRY,MH_RECENCY_WHOLE_STRUCTURE_NEIGHBOUR,MH_STRUCTURE_FAST_NEIGHBOUR,63,604,-0.006018078700407728,-0.010770251093618843,0.43211920529801323,-0.8040429224702222,0.421372186533873,YES,"HISTORICAL UK RETAIL, ACCOUNT AND BROKER ELIGIBILITY REMAIN UNRESOLVED"
COUNTRY,MH_60D_CENTRAL,MH_LEVEL_60D_CENTERED,10,614,-0.0005404194236146933,-0.0015974600044766918,0.46905537459283386,-0.42205874070016397,0.6729821425264355,YES,"HISTORICAL UK RETAIL, ACCOUNT AND BROKER ELIGIBILITY REMAIN UNRESOLVED"
COUNTRY,MH_60D_CENTRAL,MH_LEVEL_60D_CENTERED,21,624,-0.0022535313190030206,-0.0023548792479924363,0.4583333333333333,-0.857255578503975,0.39130365257793576,YES,"HISTORICAL UK RETAIL, ACCOUNT AND BROKER ELIGIBILITY REMAIN UNRESOLVED"
COUNTRY,MH_60D_CENTRAL,MH_LEVEL_60D_CENTERED,42,597,-0.002913233886698354,-0.006132136664527499,0.4371859296482412,-0.5616397583043993,0.5743614862371971,YES,"HISTORICAL UK RETAIL, ACCOUNT AND BROKER ELIGIBILITY REMAIN UNRESOLVED"
COUNTRY,MH_60D_CENTRAL,MH_LEVEL_60D_CENTERED,63,598,-0.0035611885830784755,-0.010395188572830338,0.4230769230769231,-0.4525151025469899,0.6508979438060944,YES,"HISTORICAL UK RETAIL, ACCOUNT AND BROKER ELIGIBILITY REMAIN UNRESOLVED"
COUNTRY,MH_60D_WHOLE_STRUCTURE_NEIGHBOUR,MH_STRUCTURE_60D_NEIGHBOUR,10,619,-0.0006552531643724606,-0.0011475360468561346,0.4701130856219709,-0.5057897049805246,0.6130042864719105,YES,"HISTORICAL UK RETAIL, ACCOUNT AND BROKER ELIGIBILITY REMAIN UNRESOLVED"
COUNTRY,MH_60D_WHOLE_STRUCTURE_NEIGHBOUR,MH_STRUCTURE_60D_NEIGHBOUR,21,625,-0.0023267909386372474,-0.002753680711382822,0.4544,-0.840160719684955,0.4008182790659671,YES,"HISTORICAL UK RETAIL, ACCOUNT AND BROKER ELIGIBILITY REMAIN UNRESOLVED"
COUNTRY,MH_60D_WHOLE_STRUCTURE_NEIGHBOUR,MH_STRUCTURE_60D_NEIGHBOUR,42,601,-0.002446141008113446,-0.006354803075884319,0.43427620632279534,-0.45357821649558955,0.6501324351368556,YES,"HISTORICAL UK RETAIL, ACCOUNT AND BROKER ELIGIBILITY REMAIN UNRESOLVED"
COUNTRY,MH_60D_WHOLE_STRUCTURE_NEIGHBOUR,MH_STRUCTURE_60D_NEIGHBOUR,63,603,-0.003172944835932231,-0.00787493384611393,0.4295190713101161,-0.395021454809233,0.6928270542700996,YES,"HISTORICAL UK RETAIL, ACCOUNT AND BROKER ELIGIBILITY REMAIN UNRESOLVED"
GEOGRAPHY,RS42_NEIGHBOUR_32,RANK_RS_32,10,711,-0.0017880718564054273,-0.0013669879026055876,0.4571026722925457,-2.480406856815648,0.013123254533103824,YES,"HISTORICAL UK RETAIL, ACCOUNT AND BROKER ELIGIBILITY REMAIN UNRESOLVED"
GEOGRAPHY,RS42_NEIGHBOUR_32,RANK_RS_32,21,701,-0.003314028747689911,-0.003202840683671826,0.4522111269614836,-2.2613143054149747,0.02373980101378783,YES,"HISTORICAL UK RETAIL, ACCOUNT AND BROKER ELIGIBILITY REMAIN UNRESOLVED"
GEOGRAPHY,RS42_NEIGHBOUR_32,RANK_RS_32,42,688,-0.005241559513605868,-0.0045113786732768335,0.42441860465116277,-2.1537350252925624,0.0312609577245555,YES,"HISTORICAL UK RETAIL, ACCOUNT AND BROKER ELIGIBILITY REMAIN UNRESOLVED"
GEOGRAPHY,RS42_NEIGHBOUR_32,RANK_RS_32,63,680,-0.006821656415329817,-0.0055481267279545166,0.43676470588235294,-2.0664218003717525,0.038788669230839595,YES,"HISTORICAL UK RETAIL, ACCOUNT AND BROKER ELIGIBILITY REMAIN UNRESOLVED"
GEOGRAPHY,RS42_CENTRAL_42,RANK_RS_42,10,705,-0.0020231007513215934,-0.001805105486619163,0.4397163120567376,-2.700765912188468,0.006918001059778099,YES,"HISTORICAL UK RETAIL, ACCOUNT AND BROKER ELIGIBILITY REMAIN UNRESOLVED"
GEOGRAPHY,RS42_CENTRAL_42,RANK_RS_42,21,697,-0.0033959662125764437,-0.0029706029652125654,0.43902439024390244,-2.334120594167426,0.019589408226631137,YES,"HISTORICAL UK RETAIL, ACCOUNT AND BROKER ELIGIBILITY REMAIN UNRESOLVED"
GEOGRAPHY,RS42_CENTRAL_42,RANK_RS_42,42,686,-0.005223374177118917,-0.004456637717217826,0.41836734693877553,-2.080106673636346,0.0375157496197485,YES,"HISTORICAL UK RETAIL, ACCOUNT AND BROKER ELIGIBILITY REMAIN UNRESOLVED"
GEOGRAPHY,RS42_CENTRAL_42,RANK_RS_42,63,677,-0.006747295599092901,-0.007468541469672352,0.4121122599704579,-1.9876818754021872,0.046846884689884224,YES,"HISTORICAL UK RETAIL, ACCOUNT AND BROKER ELIGIBILITY REMAIN UNRESOLVED"
GEOGRAPHY,RS42_NEIGHBOUR_52,RANK_RS_52,10,706,-0.0016746995791895379,-0.0012567602621723628,0.4447592067988669,-2.3145546743702807,0.020637315830738332,YES,"HISTORICAL UK RETAIL, ACCOUNT AND BROKER ELIGIBILITY REMAIN UNRESOLVED"
GEOGRAPHY,RS42_NEIGHBOUR_52,RANK_RS_52,21,698,-0.00373157615217407,-0.0034960694818326754,0.4355300859598854,-2.6948725230327986,0.007041556502853629,YES,"HISTORICAL UK RETAIL, ACCOUNT AND BROKER ELIGIBILITY REMAIN UNRESOLVED"
GEOGRAPHY,RS42_NEIGHBOUR_52,RANK_RS_52,42,684,-0.004727503281826234,-0.004439525042993331,0.42543859649122806,-2.0541998669408676,0.03995635128955357,YES,"HISTORICAL UK RETAIL, ACCOUNT AND BROKER ELIGIBILITY REMAIN UNRESOLVED"
GEOGRAPHY,RS42_NEIGHBOUR_52,RANK_RS_52,63,677,-0.006500258212013164,-0.00591611477359244,0.42688330871491875,-1.9513172668656673,0.05101931629880572,YES,"HISTORICAL UK RETAIL, ACCOUNT AND BROKER ELIGIBILITY REMAIN UNRESOLVED"
GEOGRAPHY,RS63_NEIGHBOUR_50,RANK_RS_50,10,707,-0.0016960328050516843,-0.0014160287173294872,0.44413012729844414,-2.3117107813699045,0.020793626855737254,YES,"HISTORICAL UK RETAIL, ACCOUNT AND BROKER ELIGIBILITY REMAIN UNRESOLVED"
GEOGRAPHY,RS63_NEIGHBOUR_50,RANK_RS_50,21,698,-0.003382415553293667,-0.0032641673418282724,0.4455587392550143,-2.3637339164660545,0.018091801359613337,YES,"HISTORICAL UK RETAIL, ACCOUNT AND BROKER ELIGIBILITY REMAIN UNRESOLVED"
GEOGRAPHY,RS63_NEIGHBOUR_50,RANK_RS_50,42,686,-0.004833846843858852,-0.004174825822684081,0.4446064139941691,-2.085109948743648,0.037059321404342364,YES,"HISTORICAL UK RETAIL, ACCOUNT AND BROKER ELIGIBILITY REMAIN UNRESOLVED"
GEOGRAPHY,RS63_NEIGHBOUR_50,RANK_RS_50,63,677,-0.00698391625390027,-0.007203258328070894,0.4327917282127031,-2.114050672050797,0.0345109396394512,YES,"HISTORICAL UK RETAIL, ACCOUNT AND BROKER ELIGIBILITY REMAIN UNRESOLVED"
GEOGRAPHY,RS63_CENTRAL_63,RANK_RS_63,10,699,-0.0012181088341389433,-0.0010658023296324926,0.45779685264663805,-1.7682801279867681,0.07701408435506864,YES,"HISTORICAL UK RETAIL, ACCOUNT AND BROKER ELIGIBILITY REMAIN UNRESOLVED"
GEOGRAPHY,RS63_CENTRAL_63,RANK_RS_63,21,697,-0.0024700695787305284,-0.0014221158339604578,0.4748923959827834,-1.9025676302994747,0.057096986273056725,YES,"HISTORICAL UK RETAIL, ACCOUNT AND BROKER ELIGIBILITY REMAIN UNRESOLVED"
GEOGRAPHY,RS63_CENTRAL_63,RANK_RS_63,42,687,-0.004017790100129224,-0.003490302737649942,0.4570596797671033,-1.8759062592695495,0.06066815301474465,YES,"HISTORICAL UK RETAIL, ACCOUNT AND BROKER ELIGIBILITY REMAIN UNRESOLVED"
GEOGRAPHY,RS63_CENTRAL_63,RANK_RS_63,63,680,-0.005550776361817381,-0.004992107867486939,0.43823529411764706,-1.7430690528293171,0.08132155359258476,YES,"HISTORICAL UK RETAIL, ACCOUNT AND BROKER ELIGIBILITY REMAIN UNRESOLVED"
GEOGRAPHY,RS63_NEIGHBOUR_75,RANK_RS_75,10,694,-0.001014520993578176,-0.0005199328673587411,0.4783861671469741,-1.561132038758498,0.11849260004758641,YES,"HISTORICAL UK RETAIL, ACCOUNT AND BROKER ELIGIBILITY REMAIN UNRESOLVED"
GEOGRAPHY,RS63_NEIGHBOUR_75,RANK_RS_75,21,693,-0.0020686479506017343,-0.0017865485949517534,0.4588744588744589,-1.7321474120357347,0.08324731940531911,YES,"HISTORICAL UK RETAIL, ACCOUNT AND BROKER ELIGIBILITY REMAIN UNRESOLVED"
GEOGRAPHY,RS63_NEIGHBOUR_75,RANK_RS_75,42,682,-0.003975827865740361,-0.004207326305698478,0.43841642228739003,-1.9393683546547247,0.05245650100030226,YES,"HISTORICAL UK RETAIL, ACCOUNT AND BROKER ELIGIBILITY REMAIN UNRESOLVED"
GEOGRAPHY,RS63_NEIGHBOUR_75,RANK_RS_75,63,673,-0.005874569698731008,-0.005839161819509275,0.4294205052005943,-1.8239633911057216,0.06815760698272604,YES,"HISTORICAL UK RETAIL, ACCOUNT AND BROKER ELIGIBILITY REMAIN UNRESOLVED"
GEOGRAPHY,MH_RECENCY_CENTRAL,MH_LEVEL_RECENCY_TILT,10,656,-0.001141210350752757,-0.000643649733435725,0.47103658536585363,-1.6386123267556074,0.10129402347932868,YES,"HISTORICAL UK RETAIL, ACCOUNT AND BROKER ELIGIBILITY REMAIN UNRESOLVED"
GEOGRAPHY,MH_RECENCY_CENTRAL,MH_LEVEL_RECENCY_TILT,21,654,-0.0022841495226242387,-0.002018759841356743,0.4602446483180428,-1.710263832830533,0.08721709654257295,YES,"HISTORICAL UK RETAIL, ACCOUNT AND BROKER ELIGIBILITY REMAIN UNRESOLVED"
GEOGRAPHY,MH_RECENCY_CENTRAL,MH_LEVEL_RECENCY_TILT,42,647,-0.004051189538364966,-0.0025746991611649284,0.46831530139103555,-1.762292673844425,0.07801986104980972,YES,"HISTORICAL UK RETAIL, ACCOUNT AND BROKER ELIGIBILITY REMAIN UNRESOLVED"
GEOGRAPHY,MH_RECENCY_CENTRAL,MH_LEVEL_RECENCY_TILT,63,637,-0.005086368309667302,-0.00441759516200535,0.44583987441130296,-1.5530102930092649,0.12042067559433414,YES,"HISTORICAL UK RETAIL, ACCOUNT AND BROKER ELIGIBILITY REMAIN UNRESOLVED"
GEOGRAPHY,MH_RECENCY_WHOLE_STRUCTURE_NEIGHBOUR,MH_STRUCTURE_FAST_NEIGHBOUR,10,655,-0.001578206096618532,-0.0010019380152332946,0.47022900763358777,-2.1994547779428992,0.0278456012952745,YES,"HISTORICAL UK RETAIL, ACCOUNT AND BROKER ELIGIBILITY REMAIN UNRESOLVED"
GEOGRAPHY,MH_RECENCY_WHOLE_STRUCTURE_NEIGHBOUR,MH_STRUCTURE_FAST_NEIGHBOUR,21,653,-0.002871582483211658,-0.0026912482050196473,0.442572741194487,-2.046771073845575,0.040680567058633356,YES,"HISTORICAL UK RETAIL, ACCOUNT AND BROKER ELIGIBILITY REMAIN UNRESOLVED"
GEOGRAPHY,MH_RECENCY_WHOLE_STRUCTURE_NEIGHBOUR,MH_STRUCTURE_FAST_NEIGHBOUR,42,646,-0.004661496695912832,-0.0038156400737284213,0.4411764705882353,-1.9389453282253102,0.05250799569043137,YES,"HISTORICAL UK RETAIL, ACCOUNT AND BROKER ELIGIBILITY REMAIN UNRESOLVED"
GEOGRAPHY,MH_RECENCY_WHOLE_STRUCTURE_NEIGHBOUR,MH_STRUCTURE_FAST_NEIGHBOUR,63,637,-0.005668977021000895,-0.005395789267552797,0.44427001569858715,-1.686637988687208,0.09167298261578935,YES,"HISTORICAL UK RETAIL, ACCOUNT AND BROKER ELIGIBILITY REMAIN UNRESOLVED"
GEOGRAPHY,MH_60D_CENTRAL,MH_LEVEL_60D_CENTERED,10,656,-0.0011097327819169272,-0.0007070772288916283,0.4740853658536585,-1.6208266654774302,0.10505481799283851,YES,"HISTORICAL UK RETAIL, ACCOUNT AND BROKER ELIGIBILITY REMAIN UNRESOLVED"
GEOGRAPHY,MH_60D_CENTRAL,MH_LEVEL_60D_CENTERED,21,653,-0.0025846931681285843,-0.0018299571797618652,0.46401225114854516,-2.039870175699266,0.041363257967658384,YES,"HISTORICAL UK RETAIL, ACCOUNT AND BROKER ELIGIBILITY REMAIN UNRESOLVED"
GEOGRAPHY,MH_60D_CENTRAL,MH_LEVEL_60D_CENTERED,42,648,-0.004633616354557888,-0.0037497552294856185,0.44753086419753085,-2.170947223323159,0.02993516207269328,YES,"HISTORICAL UK RETAIL, ACCOUNT AND BROKER ELIGIBILITY REMAIN UNRESOLVED"
GEOGRAPHY,MH_60D_CENTRAL,MH_LEVEL_60D_CENTERED,63,640,-0.005751450066664535,-0.005306748701849273,0.4203125,-1.7961740064325582,0.07246684736615704,YES,"HISTORICAL UK RETAIL, ACCOUNT AND BROKER ELIGIBILITY REMAIN UNRESOLVED"
GEOGRAPHY,MH_60D_WHOLE_STRUCTURE_NEIGHBOUR,MH_STRUCTURE_60D_NEIGHBOUR,10,655,-0.0010056799154647552,-0.0005469990074743469,0.4763358778625954,-1.5424069453576648,0.12297473487111506,YES,"HISTORICAL UK RETAIL, ACCOUNT AND BROKER ELIGIBILITY REMAIN UNRESOLVED"
GEOGRAPHY,MH_60D_WHOLE_STRUCTURE_NEIGHBOUR,MH_STRUCTURE_60D_NEIGHBOUR,21,654,-0.002607922103759686,-0.0025144130941059384,0.4510703363914373,-2.117423510938947,0.03422392057398355,YES,"HISTORICAL UK RETAIL, ACCOUNT AND BROKER ELIGIBILITY REMAIN UNRESOLVED"
GEOGRAPHY,MH_60D_WHOLE_STRUCTURE_NEIGHBOUR,MH_STRUCTURE_60D_NEIGHBOUR,42,645,-0.0043720184544333,-0.00347055621056791,0.4496124031007752,-2.077069759949628,0.037795121131658733,YES,"HISTORICAL UK RETAIL, ACCOUNT AND BROKER ELIGIBILITY REMAIN UNRESOLVED"
GEOGRAPHY,MH_60D_WHOLE_STRUCTURE_NEIGHBOUR,MH_STRUCTURE_60D_NEIGHBOUR,63,636,-0.005966495749176008,-0.004754496714915568,0.42924528301886794,-1.825297147646896,0.06795620038944485,YES,"HISTORICAL UK RETAIL, ACCOUNT AND BROKER ELIGIBILITY REMAIN UNRESOLVED"
INDUSTRY,RS42_NEIGHBOUR_32,RANK_RS_32,10,593,0.00017637948026099452,-0.002581450340571112,0.4671163575042159,0.11109073014843619,0.911544399511719,YES,"HISTORICAL UK RETAIL, ACCOUNT AND BROKER ELIGIBILITY REMAIN UNRESOLVED"
INDUSTRY,RS42_NEIGHBOUR_32,RANK_RS_32,21,594,0.0008810223667898696,-0.0008413315380956243,0.4898989898989899,0.29007339320007053,0.7717600902629895,YES,"HISTORICAL UK RETAIL, ACCOUNT AND BROKER ELIGIBILITY REMAIN UNRESOLVED"
INDUSTRY,RS42_NEIGHBOUR_32,RANK_RS_32,42,585,-0.0013752265215927636,-0.0008269499843986949,0.49230769230769234,-0.2532775782947486,0.8000537212795418,YES,"HISTORICAL UK RETAIL, ACCOUNT AND BROKER ELIGIBILITY REMAIN UNRESOLVED"
INDUSTRY,RS42_NEIGHBOUR_32,RANK_RS_32,63,572,-0.003107037697304254,-0.011243640750930983,0.4423076923076923,-0.40119820968701775,0.6882741987486926,YES,"HISTORICAL UK RETAIL, ACCOUNT AND BROKER ELIGIBILITY REMAIN UNRESOLVED"
INDUSTRY,RS42_CENTRAL_42,RANK_RS_42,10,590,0.0008353242602587598,-0.0004748865919911305,0.49322033898305084,0.5010942387517643,0.6163048012940348,YES,"HISTORICAL UK RETAIL, ACCOUNT AND BROKER ELIGIBILITY REMAIN UNRESOLVED"
INDUSTRY,RS42_CENTRAL_42,RANK_RS_42,21,594,0.00019951485916831446,-0.0008413315380956243,0.49158249158249157,0.0646471002709221,0.9484549825227635,YES,"HISTORICAL UK RETAIL, ACCOUNT AND BROKER ELIGIBILITY REMAIN UNRESOLVED"
INDUSTRY,RS42_CENTRAL_42,RANK_RS_42,42,585,-0.0020956819727046528,-0.002833211748880071,0.4700854700854701,-0.37981978519102433,0.7040791945825533,YES,"HISTORICAL UK RETAIL, ACCOUNT AND BROKER ELIGIBILITY REMAIN UNRESOLVED"
INDUSTRY,RS42_CENTRAL_42,RANK_RS_42,63,572,-0.0028302471712634628,-0.011676872284457851,0.42657342657342656,-0.34241374002811853,0.732039549726643,YES,"HISTORICAL UK RETAIL, ACCOUNT AND BROKER ELIGIBILITY REMAIN UNRESOLVED"
INDUSTRY,RS42_NEIGHBOUR_52,RANK_RS_52,10,592,0.0008402941887018563,-0.0007922257643317443,0.49324324324324326,0.5048420488063461,0.6136697795939627,YES,"HISTORICAL UK RETAIL, ACCOUNT AND BROKER ELIGIBILITY REMAIN UNRESOLVED"
INDUSTRY,RS42_NEIGHBOUR_52,RANK_RS_52,21,591,0.0010125066972168466,-0.0008494420113368539,0.494077834179357,0.31542022369792394,0.7524426136640245,YES,"HISTORICAL UK RETAIL, ACCOUNT AND BROKER ELIGIBILITY REMAIN UNRESOLVED"
INDUSTRY,RS42_NEIGHBOUR_52,RANK_RS_52,42,579,-0.00037553047521239673,-0.004288227681836787,0.45768566493955093,-0.0636414196491476,0.9492557504603443,YES,"HISTORICAL UK RETAIL, ACCOUNT AND BROKER ELIGIBILITY REMAIN UNRESOLVED"
INDUSTRY,RS42_NEIGHBOUR_52,RANK_RS_52,63,570,-0.001354010002855229,-0.013475878259819829,0.41228070175438597,-0.15474796930704146,0.8770200114235175,YES,"HISTORICAL UK RETAIL, ACCOUNT AND BROKER ELIGIBILITY REMAIN UNRESOLVED"
INDUSTRY,RS63_NEIGHBOUR_50,RANK_RS_50,10,590,0.0005243082767206216,-0.0009860425573025022,0.4847457627118644,0.31829966935880444,0.750257635094554,YES,"HISTORICAL UK RETAIL, ACCOUNT AND BROKER ELIGIBILITY REMAIN UNRESOLVED"
INDUSTRY,RS63_NEIGHBOUR_50,RANK_RS_50,21,591,0.00032573526977424755,-0.001385668996556122,0.48392554991539766,0.10485886387560932,0.9164878008280346,YES,"HISTORICAL UK RETAIL, ACCOUNT AND BROKER ELIGIBILITY REMAIN UNRESOLVED"
INDUSTRY,RS63_NEIGHBOUR_50,RANK_RS_50,42,582,-0.0012202995955169253,-0.0038616997324951163,0.46735395189003437,-0.21923688607169944,0.8264655234015003,YES,"HISTORICAL UK RETAIL, ACCOUNT AND BROKER ELIGIBILITY REMAIN UNRESOLVED"
INDUSTRY,RS63_NEIGHBOUR_50,RANK_RS_50,63,569,-0.002293475709419078,-0.012986739863379504,0.4077328646748682,-0.2686939724848897,0.7881651905313907,YES,"HISTORICAL UK RETAIL, ACCOUNT AND BROKER ELIGIBILITY REMAIN UNRESOLVED"
INDUSTRY,RS63_CENTRAL_63,RANK_RS_63,10,592,0.0017415001189864162,0.0003912221863835441,0.5050675675675675,1.0365087688260977,0.2999648506674827,YES,"HISTORICAL UK RETAIL, ACCOUNT AND BROKER ELIGIBILITY REMAIN UNRESOLVED"
INDUSTRY,RS63_CENTRAL_63,RANK_RS_63,21,591,0.0026284278246100396,-0.0005825884028783923,0.4957698815566836,0.789566489509512,0.42978098508023166,YES,"HISTORICAL UK RETAIL, ACCOUNT AND BROKER ELIGIBILITY REMAIN UNRESOLVED"
INDUSTRY,RS63_CENTRAL_63,RANK_RS_63,42,578,-0.0008502201971010317,-0.005872858302100659,0.44982698961937717,-0.14101198733158915,0.8878604724490442,YES,"HISTORICAL UK RETAIL, ACCOUNT AND BROKER ELIGIBILITY REMAIN UNRESOLVED"
INDUSTRY,RS63_CENTRAL_63,RANK_RS_63,63,568,-0.0011254012536603456,-0.012691521110240911,0.4225352112676056,-0.12319922945677719,0.9019493357258292,YES,"HISTORICAL UK RETAIL, ACCOUNT AND BROKER ELIGIBILITY REMAIN UNRESOLVED"
INDUSTRY,RS63_NEIGHBOUR_75,RANK_RS_75,10,588,0.0015978037626818925,-0.000807934706725022,0.4880952380952381,0.9446755262260731,0.34482455535365175,YES,"HISTORICAL UK RETAIL, ACCOUNT AND BROKER ELIGIBILITY REMAIN UNRESOLVED"
INDUSTRY,RS63_NEIGHBOUR_75,RANK_RS_75,21,586,0.0020234724903265347,-0.0013094918093768948,0.48293515358361777,0.620976839166046,0.5346148621790181,YES,"HISTORICAL UK RETAIL, ACCOUNT AND BROKER ELIGIBILITY REMAIN UNRESOLVED"
INDUSTRY,RS63_NEIGHBOUR_75,RANK_RS_75,42,575,-0.0008686761776512435,-0.00472889589364256,0.45565217391304347,-0.14939813256857648,0.8812394851894655,YES,"HISTORICAL UK RETAIL, ACCOUNT AND BROKER ELIGIBILITY REMAIN UNRESOLVED"
INDUSTRY,RS63_NEIGHBOUR_75,RANK_RS_75,63,564,-0.0007525720881619267,-0.011037493521013408,0.41843971631205673,-0.08380635310790505,0.9332103967432179,YES,"HISTORICAL UK RETAIL, ACCOUNT AND BROKER ELIGIBILITY REMAIN UNRESOLVED"
INDUSTRY,MH_RECENCY_CENTRAL,MH_LEVEL_RECENCY_TILT,10,550,0.00210591157875224,0.0017990215761030104,0.5145454545454545,1.251935507097663,0.21059336517990979,YES,"HISTORICAL UK RETAIL, ACCOUNT AND BROKER ELIGIBILITY REMAIN UNRESOLVED"
INDUSTRY,MH_RECENCY_CENTRAL,MH_LEVEL_RECENCY_TILT,21,553,0.0031591962657835206,0.0021427830105471557,0.515370705244123,0.9575411025173648,0.33829421073480426,YES,"HISTORICAL UK RETAIL, ACCOUNT AND BROKER ELIGIBILITY REMAIN UNRESOLVED"
INDUSTRY,MH_RECENCY_CENTRAL,MH_LEVEL_RECENCY_TILT,42,539,0.002457422399029204,-0.0005734238598501529,0.49907235621521334,0.4478471827336206,0.6542634888661656,YES,"HISTORICAL UK RETAIL, ACCOUNT AND BROKER ELIGIBILITY REMAIN UNRESOLVED"
INDUSTRY,MH_RECENCY_CENTRAL,MH_LEVEL_RECENCY_TILT,63,525,0.0015238997048385805,-0.004835845487112689,0.4780952380952381,0.19329339724582445,0.846729197057255,YES,"HISTORICAL UK RETAIL, ACCOUNT AND BROKER ELIGIBILITY REMAIN UNRESOLVED"
INDUSTRY,MH_RECENCY_WHOLE_STRUCTURE_NEIGHBOUR,MH_STRUCTURE_FAST_NEIGHBOUR,10,547,0.001374816679464961,0.001835168630981876,0.5173674588665448,0.8196422934445279,0.41242005582481955,YES,"HISTORICAL UK RETAIL, ACCOUNT AND BROKER ELIGIBILITY REMAIN UNRESOLVED"
INDUSTRY,MH_RECENCY_WHOLE_STRUCTURE_NEIGHBOUR,MH_STRUCTURE_FAST_NEIGHBOUR,21,551,0.002432687769306425,0.0021427830105471557,0.5136116152450091,0.7344231428450784,0.46269088624631993,YES,"HISTORICAL UK RETAIL, ACCOUNT AND BROKER ELIGIBILITY REMAIN UNRESOLVED"
INDUSTRY,MH_RECENCY_WHOLE_STRUCTURE_NEIGHBOUR,MH_STRUCTURE_FAST_NEIGHBOUR,42,542,0.0018638698332828552,-0.0007632373547759586,0.496309963099631,0.33779214829573956,0.7355198272218012,YES,"HISTORICAL UK RETAIL, ACCOUNT AND BROKER ELIGIBILITY REMAIN UNRESOLVED"
INDUSTRY,MH_RECENCY_WHOLE_STRUCTURE_NEIGHBOUR,MH_STRUCTURE_FAST_NEIGHBOUR,63,526,0.0007708377624082499,-0.005349680087776809,0.4752851711026616,0.09573922986194547,0.9237276830653256,YES,"HISTORICAL UK RETAIL, ACCOUNT AND BROKER ELIGIBILITY REMAIN UNRESOLVED"
INDUSTRY,MH_60D_CENTRAL,MH_LEVEL_60D_CENTERED,10,550,0.0021635102472697936,0.0003850511535378187,0.5054545454545455,1.2610656352557588,0.2072852005387752,YES,"HISTORICAL UK RETAIL, ACCOUNT AND BROKER ELIGIBILITY REMAIN UNRESOLVED"
INDUSTRY,MH_60D_CENTRAL,MH_LEVEL_60D_CENTERED,21,553,0.0038528874453614597,0.002210971063195899,0.5189873417721519,1.135173027427393,0.256302828417165,YES,"HISTORICAL UK RETAIL, ACCOUNT AND BROKER ELIGIBILITY REMAIN UNRESOLVED"
INDUSTRY,MH_60D_CENTRAL,MH_LEVEL_60D_CENTERED,42,539,0.002598989208497479,-0.0007162436655654414,0.49536178107606677,0.44420416602982565,0.6568949805260579,YES,"HISTORICAL UK RETAIL, ACCOUNT AND BROKER ELIGIBILITY REMAIN UNRESOLVED"
INDUSTRY,MH_60D_CENTRAL,MH_LEVEL_60D_CENTERED,63,527,0.003052174253274377,-0.005629127469805928,0.47058823529411764,0.35469664657776284,0.7228168634543264,YES,"HISTORICAL UK RETAIL, ACCOUNT AND BROKER ELIGIBILITY REMAIN UNRESOLVED"
INDUSTRY,MH_60D_WHOLE_STRUCTURE_NEIGHBOUR,MH_STRUCTURE_60D_NEIGHBOUR,10,550,0.0026241532713403948,0.0014665539592743082,0.5181818181818182,1.488735397631956,0.13655705988480765,YES,"HISTORICAL UK RETAIL, ACCOUNT AND BROKER ELIGIBILITY REMAIN UNRESOLVED"
INDUSTRY,MH_60D_WHOLE_STRUCTURE_NEIGHBOUR,MH_STRUCTURE_60D_NEIGHBOUR,21,550,0.0037928326482451168,0.001095600499503524,0.509090909090909,1.0987022885839621,0.27189794400281186,YES,"HISTORICAL UK RETAIL, ACCOUNT AND BROKER ELIGIBILITY REMAIN UNRESOLVED"
INDUSTRY,MH_60D_WHOLE_STRUCTURE_NEIGHBOUR,MH_STRUCTURE_60D_NEIGHBOUR,42,538,0.0033471444207495886,0.0007413547418285704,0.5018587360594795,0.5628510622715964,0.5735363063794003,YES,"HISTORICAL UK RETAIL, ACCOUNT AND BROKER ELIGIBILITY REMAIN UNRESOLVED"
INDUSTRY,MH_60D_WHOLE_STRUCTURE_NEIGHBOUR,MH_STRUCTURE_60D_NEIGHBOUR,63,529,0.00417526879703674,-0.006082104377717612,0.4612476370510397,0.47135461880986623,0.6373875175934197,YES,"HISTORICAL UK RETAIL, ACCOUNT AND BROKER ELIGIBILITY REMAIN UNRESOLVED"
SECTOR,RS42_NEIGHBOUR_32,RANK_RS_32,10,674,-0.000984503136390575,-0.0009748323021053218,0.47774480712166173,-0.9711671031231442,0.33146507268758973,YES,"HISTORICAL UK RETAIL, ACCOUNT AND BROKER ELIGIBILITY REMAIN UNRESOLVED"
SECTOR,RS42_NEIGHBOUR_32,RANK_RS_32,21,669,-0.0022758339971988336,-0.0018554009174290842,0.4678624813153961,-1.259924131601031,0.2076967324935205,YES,"HISTORICAL UK RETAIL, ACCOUNT AND BROKER ELIGIBILITY REMAIN UNRESOLVED"
SECTOR,RS42_NEIGHBOUR_32,RANK_RS_32,42,654,-0.004054847077696513,-0.0033466569647242483,0.46636085626911317,-1.453611455353544,0.14605405915265515,YES,"HISTORICAL UK RETAIL, ACCOUNT AND BROKER ELIGIBILITY REMAIN UNRESOLVED"
SECTOR,RS42_NEIGHBOUR_32,RANK_RS_32,63,642,-0.005850582696569012,-0.005210325653658421,0.43146417445482865,-1.5871347391737964,0.11248213146415885,YES,"HISTORICAL UK RETAIL, ACCOUNT AND BROKER ELIGIBILITY REMAIN UNRESOLVED"
SECTOR,RS42_CENTRAL_42,RANK_RS_42,10,671,-0.0006660626380353322,-0.0008072521872526384,0.4798807749627422,-0.6871746413073974,0.49197268243700465,YES,"HISTORICAL UK RETAIL, ACCOUNT AND BROKER ELIGIBILITY REMAIN UNRESOLVED"
SECTOR,RS42_CENTRAL_42,RANK_RS_42,21,667,-0.002719623452461402,-0.002606380085477533,0.4512743628185907,-1.604504713543135,0.10860284631928685,YES,"HISTORICAL UK RETAIL, ACCOUNT AND BROKER ELIGIBILITY REMAIN UNRESOLVED"
SECTOR,RS42_CENTRAL_42,RANK_RS_42,42,654,-0.004738531621108785,-0.0037591634052741574,0.45871559633027525,-1.7409020972208904,0.08170074104858968,YES,"HISTORICAL UK RETAIL, ACCOUNT AND BROKER ELIGIBILITY REMAIN UNRESOLVED"
SECTOR,RS42_CENTRAL_42,RANK_RS_42,63,642,-0.006186547644553244,-0.004172767077570194,0.46417445482866043,-1.6435214935914697,0.10027508203790644,YES,"HISTORICAL UK RETAIL, ACCOUNT AND BROKER ELIGIBILITY REMAIN UNRESOLVED"
SECTOR,RS42_NEIGHBOUR_52,RANK_RS_52,10,668,-0.0011078595262882438,-4.923816884444543e-05,0.49850299401197606,-1.1643338827450287,0.24428873048975086,YES,"HISTORICAL UK RETAIL, ACCOUNT AND BROKER ELIGIBILITY REMAIN UNRESOLVED"
SECTOR,RS42_NEIGHBOUR_52,RANK_RS_52,21,663,-0.003055305794484401,-0.0028672431082746863,0.45098039215686275,-1.9151339506660343,0.05547542307652909,YES,"HISTORICAL UK RETAIL, ACCOUNT AND BROKER ELIGIBILITY REMAIN UNRESOLVED"
SECTOR,RS42_NEIGHBOUR_52,RANK_RS_52,42,651,-0.0038534376725279733,-0.0017870382740756696,0.4792626728110599,-1.3690061133998161,0.1709973639473894,YES,"HISTORICAL UK RETAIL, ACCOUNT AND BROKER ELIGIBILITY REMAIN UNRESOLVED"
SECTOR,RS42_NEIGHBOUR_52,RANK_RS_52,63,640,-0.0052688951171936515,-0.004474006858042945,0.440625,-1.4374331102781472,0.15059496636481776,YES,"HISTORICAL UK RETAIL, ACCOUNT AND BROKER ELIGIBILITY REMAIN UNRESOLVED"
SECTOR,RS63_NEIGHBOUR_50,RANK_RS_50,10,669,-0.0012137066704901722,2.97513996208032e-05,0.5022421524663677,-1.289444113247606,0.19724373368654702,YES,"HISTORICAL UK RETAIL, ACCOUNT AND BROKER ELIGIBILITY REMAIN UNRESOLVED"
SECTOR,RS63_NEIGHBOUR_50,RANK_RS_50,21,664,-0.002881178579338934,-0.0023865497351164278,0.4563253012048193,-1.7627013266601537,0.07795087690048197,YES,"HISTORICAL UK RETAIL, ACCOUNT AND BROKER ELIGIBILITY REMAIN UNRESOLVED"
SECTOR,RS63_NEIGHBOUR_50,RANK_RS_50,42,653,-0.003251328384001861,-0.0005242445767860149,0.49157733537519144,-1.1799229870707275,0.23803084636486727,YES,"HISTORICAL UK RETAIL, ACCOUNT AND BROKER ELIGIBILITY REMAIN UNRESOLVED"
SECTOR,RS63_NEIGHBOUR_50,RANK_RS_50,63,643,-0.004732546582280744,-0.004024700865096542,0.4510108864696734,-1.2746895031744174,0.20241916363216017,YES,"HISTORICAL UK RETAIL, ACCOUNT AND BROKER ELIGIBILITY REMAIN UNRESOLVED"
SECTOR,RS63_CENTRAL_63,RANK_RS_63,10,668,-0.0011194268604579167,3.0378350990512004e-05,0.5014970059880239,-1.2063600636893312,0.22767868759897392,YES,"HISTORICAL UK RETAIL, ACCOUNT AND BROKER ELIGIBILITY REMAIN UNRESOLVED"
SECTOR,RS63_CENTRAL_63,RANK_RS_63,21,661,-0.002392460265896826,-0.0018422845933381282,0.4629349470499244,-1.3730292247326752,0.1697432615658635,YES,"HISTORICAL UK RETAIL, ACCOUNT AND BROKER ELIGIBILITY REMAIN UNRESOLVED"
SECTOR,RS63_CENTRAL_63,RANK_RS_63,42,651,-0.003737021705009465,-0.002371703893025323,0.46697388632872505,-1.229170733601921,0.2190077993243036,YES,"HISTORICAL UK RETAIL, ACCOUNT AND BROKER ELIGIBILITY REMAIN UNRESOLVED"
SECTOR,RS63_CENTRAL_63,RANK_RS_63,63,641,-0.006078005423525503,-0.005824952781186776,0.43213728549141966,-1.5864360000077735,0.11264043943101652,YES,"HISTORICAL UK RETAIL, ACCOUNT AND BROKER ELIGIBILITY REMAIN UNRESOLVED"
SECTOR,RS63_NEIGHBOUR_75,RANK_RS_75,10,666,-0.0009490115635010716,-0.0005949138379524599,0.481981981981982,-1.0213317034311717,0.30709731081814484,YES,"HISTORICAL UK RETAIL, ACCOUNT AND BROKER ELIGIBILITY REMAIN UNRESOLVED"
SECTOR,RS63_NEIGHBOUR_75,RANK_RS_75,21,660,-0.0017398251049446972,-0.0027570185497499677,0.44696969696969696,-0.9598849082876145,0.3371131424898982,YES,"HISTORICAL UK RETAIL, ACCOUNT AND BROKER ELIGIBILITY REMAIN UNRESOLVED"
SECTOR,RS63_NEIGHBOUR_75,RANK_RS_75,42,651,-0.003889817098359352,-0.004619531452063286,0.4470046082949309,-1.2556769958734744,0.20923310291433073,YES,"HISTORICAL UK RETAIL, ACCOUNT AND BROKER ELIGIBILITY REMAIN UNRESOLVED"
SECTOR,RS63_NEIGHBOUR_75,RANK_RS_75,63,647,-0.006016611130753455,-0.004466446706767435,0.44049459041731065,-1.576100747700947,0.11500258677256325,YES,"HISTORICAL UK RETAIL, ACCOUNT AND BROKER ELIGIBILITY REMAIN UNRESOLVED"
SECTOR,MH_RECENCY_CENTRAL,MH_LEVEL_RECENCY_TILT,10,626,-0.000943831385934516,-0.0006506023927027038,0.4792332268370607,-0.9852262371475258,0.3245129556535076,YES,"HISTORICAL UK RETAIL, ACCOUNT AND BROKER ELIGIBILITY REMAIN UNRESOLVED"
SECTOR,MH_RECENCY_CENTRAL,MH_LEVEL_RECENCY_TILT,21,623,-0.002420117494564029,-0.002985482231969594,0.44301765650080255,-1.4005941854252333,0.161335460708932,YES,"HISTORICAL UK RETAIL, ACCOUNT AND BROKER ELIGIBILITY REMAIN UNRESOLVED"
SECTOR,MH_RECENCY_CENTRAL,MH_LEVEL_RECENCY_TILT,42,616,-0.005380477897078946,-0.005027652204199151,0.43506493506493504,-1.8422713377086306,0.0654354701266611,YES,"HISTORICAL UK RETAIL, ACCOUNT AND BROKER ELIGIBILITY REMAIN UNRESOLVED"
SECTOR,MH_RECENCY_CENTRAL,MH_LEVEL_RECENCY_TILT,63,607,-0.007509254740799437,-0.006839416202085391,0.40197693574958815,-1.9248899832326238,0.05424312332154829,YES,"HISTORICAL UK RETAIL, ACCOUNT AND BROKER ELIGIBILITY REMAIN UNRESOLVED"
SECTOR,MH_RECENCY_WHOLE_STRUCTURE_NEIGHBOUR,MH_STRUCTURE_FAST_NEIGHBOUR,10,626,-0.0014322256782730513,-0.000687281163779363,0.48242811501597443,-1.4775310676719315,0.13953333672455967,YES,"HISTORICAL UK RETAIL, ACCOUNT AND BROKER ELIGIBILITY REMAIN UNRESOLVED"
SECTOR,MH_RECENCY_WHOLE_STRUCTURE_NEIGHBOUR,MH_STRUCTURE_FAST_NEIGHBOUR,21,625,-0.003479361700863882,-0.003554739789924599,0.4368,-1.97672879162902,0.04807229451219039,YES,"HISTORICAL UK RETAIL, ACCOUNT AND BROKER ELIGIBILITY REMAIN UNRESOLVED"
SECTOR,MH_RECENCY_WHOLE_STRUCTURE_NEIGHBOUR,MH_STRUCTURE_FAST_NEIGHBOUR,42,614,-0.005898231392175973,-0.004756948397937721,0.4201954397394137,-2.052911703107979,0.040081141783995654,YES,"HISTORICAL UK RETAIL, ACCOUNT AND BROKER ELIGIBILITY REMAIN UNRESOLVED"
SECTOR,MH_RECENCY_WHOLE_STRUCTURE_NEIGHBOUR,MH_STRUCTURE_FAST_NEIGHBOUR,63,607,-0.00799062847105859,-0.007592631711748066,0.40691927512355847,-2.044833472148783,0.04087127857944302,YES,"HISTORICAL UK RETAIL, ACCOUNT AND BROKER ELIGIBILITY REMAIN UNRESOLVED"
SECTOR,MH_60D_CENTRAL,MH_LEVEL_60D_CENTERED,10,628,-0.0010228677525990152,-0.000778687682992163,0.482484076433121,-1.0368241787519277,0.29981780501445643,YES,"HISTORICAL UK RETAIL, ACCOUNT AND BROKER ELIGIBILITY REMAIN UNRESOLVED"
SECTOR,MH_60D_CENTRAL,MH_LEVEL_60D_CENTERED,21,621,-0.0025884333103770815,-0.002401938226225142,0.45410628019323673,-1.5251196729239929,0.12722925116690567,YES,"HISTORICAL UK RETAIL, ACCOUNT AND BROKER ELIGIBILITY REMAIN UNRESOLVED"
SECTOR,MH_60D_CENTRAL,MH_LEVEL_60D_CENTERED,42,617,-0.005222789100970977,-0.004290217033510735,0.42787682333873583,-1.7659719008635055,0.07740056313868857,YES,"HISTORICAL UK RETAIL, ACCOUNT AND BROKER ELIGIBILITY REMAIN UNRESOLVED"
SECTOR,MH_60D_CENTRAL,MH_LEVEL_60D_CENTERED,63,607,-0.006525844450876351,-0.006668751351433189,0.4184514003294893,-1.6572356896484246,0.097471833567848,YES,"HISTORICAL UK RETAIL, ACCOUNT AND BROKER ELIGIBILITY REMAIN UNRESOLVED"
SECTOR,MH_60D_WHOLE_STRUCTURE_NEIGHBOUR,MH_STRUCTURE_60D_NEIGHBOUR,10,628,-0.0010428716797512391,-0.000542656563245647,0.4872611464968153,-1.0723174239141082,0.28357748330435606,YES,"HISTORICAL UK RETAIL, ACCOUNT AND BROKER ELIGIBILITY REMAIN UNRESOLVED"
SECTOR,MH_60D_WHOLE_STRUCTURE_NEIGHBOUR,MH_STRUCTURE_60D_NEIGHBOUR,21,623,-0.00264395545357289,-0.0033462239302537444,0.44141252006420545,-1.5187318320782075,0.1288300106645609,YES,"HISTORICAL UK RETAIL, ACCOUNT AND BROKER ELIGIBILITY REMAIN UNRESOLVED"
SECTOR,MH_60D_WHOLE_STRUCTURE_NEIGHBOUR,MH_STRUCTURE_60D_NEIGHBOUR,42,616,-0.0057838325599185595,-0.005033700052002266,0.41883116883116883,-1.9411652651814126,0.052238234789637475,YES,"HISTORICAL UK RETAIL, ACCOUNT AND BROKER ELIGIBILITY REMAIN UNRESOLVED"
SECTOR,MH_60D_WHOLE_STRUCTURE_NEIGHBOUR,MH_STRUCTURE_60D_NEIGHBOUR,63,607,-0.008117736289980446,-0.007131123876190304,0.4102141680395387,-2.062355726296568,0.039173881150442826,YES,"HISTORICAL UK RETAIL, ACCOUNT AND BROKER ELIGIBILITY REMAIN UNRESOLVED"
THEME,RS42_NEIGHBOUR_32,RANK_RS_32,10,631,-0.00021545743294549535,-0.00015676541227538365,0.4960380348652932,-0.19234987844055473,0.8474681504238998,YES,"HISTORICAL UK RETAIL, ACCOUNT AND BROKER ELIGIBILITY REMAIN UNRESOLVED"
THEME,RS42_NEIGHBOUR_32,RANK_RS_32,21,636,-0.0013638167543379594,-0.0025482958870799988,0.4449685534591195,-0.6118145808062648,0.5406604416378332,YES,"HISTORICAL UK RETAIL, ACCOUNT AND BROKER ELIGIBILITY REMAIN UNRESOLVED"
THEME,RS42_NEIGHBOUR_32,RANK_RS_32,42,618,-0.004613239966960166,-0.003831157130114282,0.45792880258899676,-1.1736408921639048,0.24053889476821977,YES,"HISTORICAL UK RETAIL, ACCOUNT AND BROKER ELIGIBILITY REMAIN UNRESOLVED"
THEME,RS42_NEIGHBOUR_32,RANK_RS_32,63,616,-0.005227324146865851,-0.005423148220847607,0.4577922077922078,-0.8916346784851363,0.37258877619263353,YES,"HISTORICAL UK RETAIL, ACCOUNT AND BROKER ELIGIBILITY REMAIN UNRESOLVED"
THEME,RS42_CENTRAL_42,RANK_RS_42,10,634,-0.0005387841822134205,-0.0005715245572769367,0.48738170347003157,-0.503454224093615,0.6146449563679246,YES,"HISTORICAL UK RETAIL, ACCOUNT AND BROKER ELIGIBILITY REMAIN UNRESOLVED"
THEME,RS42_CENTRAL_42,RANK_RS_42,21,640,-0.0016512623650677817,-0.0011018899055272313,0.475,-0.7713416981805868,0.44050442261156886,YES,"HISTORICAL UK RETAIL, ACCOUNT AND BROKER ELIGIBILITY REMAIN UNRESOLVED"
THEME,RS42_CENTRAL_42,RANK_RS_42,42,616,-0.004125229711638238,-0.002799717258461676,0.45616883116883117,-1.0384322601178284,0.29906885702294195,YES,"HISTORICAL UK RETAIL, ACCOUNT AND BROKER ELIGIBILITY REMAIN UNRESOLVED"
THEME,RS42_CENTRAL_42,RANK_RS_42,63,624,-0.0030922881624856377,-0.0034989498826532572,0.4823717948717949,-0.5155300997032409,0.6061826417800624,YES,"HISTORICAL UK RETAIL, ACCOUNT AND BROKER ELIGIBILITY REMAIN UNRESOLVED"
THEME,RS42_NEIGHBOUR_52,RANK_RS_52,10,629,-0.0007138859416260827,-0.0005838396089578035,0.48807631160572335,-0.6414401920576728,0.5212367269011713,YES,"HISTORICAL UK RETAIL, ACCOUNT AND BROKER ELIGIBILITY REMAIN UNRESOLVED"
THEME,RS42_NEIGHBOUR_52,RANK_RS_52,21,635,-0.002087575543581766,-0.0015601412977800377,0.4566929133858268,-0.9572315011091129,0.33845042054985985,YES,"HISTORICAL UK RETAIL, ACCOUNT AND BROKER ELIGIBILITY REMAIN UNRESOLVED"
THEME,RS42_NEIGHBOUR_52,RANK_RS_52,42,614,-0.0037168253365286426,-0.003392375325655561,0.44136807817589574,-0.8884920498134135,0.37427613044665786,YES,"HISTORICAL UK RETAIL, ACCOUNT AND BROKER ELIGIBILITY REMAIN UNRESOLVED"
THEME,RS42_NEIGHBOUR_52,RANK_RS_52,63,616,-0.0018567289775902448,-0.002065019728853368,0.48214285714285715,-0.2968144733182458,0.766608155053124,YES,"HISTORICAL UK RETAIL, ACCOUNT AND BROKER ELIGIBILITY REMAIN UNRESOLVED"
THEME,RS63_NEIGHBOUR_50,RANK_RS_50,10,630,0.0006528859329596882,0.0005400629314558092,0.5126984126984127,0.5738946572290285,0.566039088731146,YES,"HISTORICAL UK RETAIL, ACCOUNT AND BROKER ELIGIBILITY REMAIN UNRESOLVED"
THEME,RS63_NEIGHBOUR_50,RANK_RS_50,21,635,-0.00046308224442758215,-0.0010622284137644655,0.47716535433070867,-0.2049471114112759,0.837613446782283,YES,"HISTORICAL UK RETAIL, ACCOUNT AND BROKER ELIGIBILITY REMAIN UNRESOLVED"
THEME,RS63_NEIGHBOUR_50,RANK_RS_50,42,612,-0.0020633144642658156,-0.0026514502693126274,0.45751633986928103,-0.48545496149227635,0.6273536534293377,YES,"HISTORICAL UK RETAIL, ACCOUNT AND BROKER ELIGIBILITY REMAIN UNRESOLVED"
THEME,RS63_NEIGHBOUR_50,RANK_RS_50,63,619,-0.00021622984319465547,-0.0018635191959823771,0.4894991922455573,-0.03500394018120519,0.9720765989899436,YES,"HISTORICAL UK RETAIL, ACCOUNT AND BROKER ELIGIBILITY REMAIN UNRESOLVED"
THEME,RS63_CENTRAL_63,RANK_RS_63,10,632,-0.0009100639369692808,-8.87015609962738e-06,0.49841772151898733,-0.836835735359139,0.4026849075088891,YES,"HISTORICAL UK RETAIL, ACCOUNT AND BROKER ELIGIBILITY REMAIN UNRESOLVED"
THEME,RS63_CENTRAL_63,RANK_RS_63,21,633,-0.0013650882492600926,-0.000935355581513142,0.4802527646129542,-0.6352240296285916,0.5252823132442204,YES,"HISTORICAL UK RETAIL, ACCOUNT AND BROKER ELIGIBILITY REMAIN UNRESOLVED"
THEME,RS63_CENTRAL_63,RANK_RS_63,42,611,-0.0020652819961623106,-0.001817755865515136,0.46481178396072015,-0.4842474140660508,0.6282102910003695,YES,"HISTORICAL UK RETAIL, ACCOUNT AND BROKER ELIGIBILITY REMAIN UNRESOLVED"
THEME,RS63_CENTRAL_63,RANK_RS_63,63,614,0.00023984092692940368,-0.0012769773362621417,0.496742671009772,0.039409443332403836,0.9685639510691825,YES,"HISTORICAL UK RETAIL, ACCOUNT AND BROKER ELIGIBILITY REMAIN UNRESOLVED"
THEME,RS63_NEIGHBOUR_75,RANK_RS_75,10,633,-0.00042545593827452555,-0.00021988660024108153,0.4913112164296998,-0.39538972365277586,0.6925552918746862,YES,"HISTORICAL UK RETAIL, ACCOUNT AND BROKER ELIGIBILITY REMAIN UNRESOLVED"
THEME,RS63_NEIGHBOUR_75,RANK_RS_75,21,634,-0.00029839014120862535,-0.0008728543012586631,0.4810725552050473,-0.13703104615892733,0.8910062552912336,YES,"HISTORICAL UK RETAIL, ACCOUNT AND BROKER ELIGIBILITY REMAIN UNRESOLVED"
THEME,RS63_NEIGHBOUR_75,RANK_RS_75,42,611,-0.000709078373830405,-0.0016539659588896694,0.48117839607201307,-0.16906093971925074,0.8657487082092324,YES,"HISTORICAL UK RETAIL, ACCOUNT AND BROKER ELIGIBILITY REMAIN UNRESOLVED"
THEME,RS63_NEIGHBOUR_75,RANK_RS_75,63,613,0.0010810480377950282,8.395243010150821e-05,0.5008156606851549,0.17748343478954984,0.8591286757980117,YES,"HISTORICAL UK RETAIL, ACCOUNT AND BROKER ELIGIBILITY REMAIN UNRESOLVED"
THEME,MH_RECENCY_CENTRAL,MH_LEVEL_RECENCY_TILT,10,597,-4.220570677668983e-05,0.00027533299830517777,0.507537688442211,-0.04064322748969236,0.9675803220564541,YES,"HISTORICAL UK RETAIL, ACCOUNT AND BROKER ELIGIBILITY REMAIN UNRESOLVED"
THEME,MH_RECENCY_CENTRAL,MH_LEVEL_RECENCY_TILT,21,599,-0.00047583152391136933,-0.001536397507449494,0.46410684474123537,-0.22326247014066974,0.823331234552896,YES,"HISTORICAL UK RETAIL, ACCOUNT AND BROKER ELIGIBILITY REMAIN UNRESOLVED"
THEME,MH_RECENCY_CENTRAL,MH_LEVEL_RECENCY_TILT,42,578,-0.0017204892869092992,-0.004150609774622671,0.4463667820069204,-0.4205220045281638,0.6741041579751873,YES,"HISTORICAL UK RETAIL, ACCOUNT AND BROKER ELIGIBILITY REMAIN UNRESOLVED"
THEME,MH_RECENCY_CENTRAL,MH_LEVEL_RECENCY_TILT,63,586,-0.000564075559273049,-0.0050148910147509995,0.46245733788395904,-0.09174340470702916,0.9269019108186024,YES,"HISTORICAL UK RETAIL, ACCOUNT AND BROKER ELIGIBILITY REMAIN UNRESOLVED"
THEME,MH_RECENCY_WHOLE_STRUCTURE_NEIGHBOUR,MH_STRUCTURE_FAST_NEIGHBOUR,10,595,8.439312678519483e-05,0.00028672642274440996,0.5092436974789916,0.07819981161468448,0.9376691118699827,YES,"HISTORICAL UK RETAIL, ACCOUNT AND BROKER ELIGIBILITY REMAIN UNRESOLVED"
THEME,MH_RECENCY_WHOLE_STRUCTURE_NEIGHBOUR,MH_STRUCTURE_FAST_NEIGHBOUR,21,593,-0.0004711157361017008,-0.0015601412977800377,0.47217537942664417,-0.2214383844458565,0.8247511076958403,YES,"HISTORICAL UK RETAIL, ACCOUNT AND BROKER ELIGIBILITY REMAIN UNRESOLVED"
THEME,MH_RECENCY_WHOLE_STRUCTURE_NEIGHBOUR,MH_STRUCTURE_FAST_NEIGHBOUR,42,576,-0.0024905591454598766,-0.00536194079143254,0.4305555555555556,-0.6232640525313635,0.5331110162270767,YES,"HISTORICAL UK RETAIL, ACCOUNT AND BROKER ELIGIBILITY REMAIN UNRESOLVED"
THEME,MH_RECENCY_WHOLE_STRUCTURE_NEIGHBOUR,MH_STRUCTURE_FAST_NEIGHBOUR,63,584,-0.0022484097429104257,-0.0075043223355553135,0.4417808219178082,-0.37457566688911187,0.7079760726123641,YES,"HISTORICAL UK RETAIL, ACCOUNT AND BROKER ELIGIBILITY REMAIN UNRESOLVED"
THEME,MH_60D_CENTRAL,MH_LEVEL_60D_CENTERED,10,596,-0.0005294081593034893,-8.549855421824404e-05,0.4949664429530201,-0.5009443226982664,0.6164103079436982,YES,"HISTORICAL UK RETAIL, ACCOUNT AND BROKER ELIGIBILITY REMAIN UNRESOLVED"
THEME,MH_60D_CENTRAL,MH_LEVEL_60D_CENTERED,21,600,-0.00032803253213788277,-0.001421790544022139,0.47,-0.15510446690093602,0.8767389607274124,YES,"HISTORICAL UK RETAIL, ACCOUNT AND BROKER ELIGIBILITY REMAIN UNRESOLVED"
THEME,MH_60D_CENTRAL,MH_LEVEL_60D_CENTERED,42,578,-0.0015753171891255504,-0.00536194079143254,0.4359861591695502,-0.378744199815973,0.7048778275844427,YES,"HISTORICAL UK RETAIL, ACCOUNT AND BROKER ELIGIBILITY REMAIN UNRESOLVED"
THEME,MH_60D_CENTRAL,MH_LEVEL_60D_CENTERED,63,583,0.0010038729235643494,-0.007146029942294074,0.45969125214408235,0.15665610933939758,0.875515879556303,YES,"HISTORICAL UK RETAIL, ACCOUNT AND BROKER ELIGIBILITY REMAIN UNRESOLVED"
THEME,MH_60D_WHOLE_STRUCTURE_NEIGHBOUR,MH_STRUCTURE_60D_NEIGHBOUR,10,597,0.00026213771412566264,-0.0003076172824391099,0.48408710217755446,0.25719324301609264,0.7970295999005582,YES,"HISTORICAL UK RETAIL, ACCOUNT AND BROKER ELIGIBILITY REMAIN UNRESOLVED"
THEME,MH_60D_WHOLE_STRUCTURE_NEIGHBOUR,MH_STRUCTURE_60D_NEIGHBOUR,21,597,0.00015590301498791687,-0.0014067727396772645,0.46901172529313234,0.07336833596332426,0.9415130139075268,YES,"HISTORICAL UK RETAIL, ACCOUNT AND BROKER ELIGIBILITY REMAIN UNRESOLVED"
THEME,MH_60D_WHOLE_STRUCTURE_NEIGHBOUR,MH_STRUCTURE_60D_NEIGHBOUR,42,576,-0.001047280468401761,-0.0047584978670350275,0.4409722222222222,-0.24899060539615364,0.8033680484228748,YES,"HISTORICAL UK RETAIL, ACCOUNT AND BROKER ELIGIBILITY REMAIN UNRESOLVED"
THEME,MH_60D_WHOLE_STRUCTURE_NEIGHBOUR,MH_STRUCTURE_60D_NEIGHBOUR,63,586,0.0007128257090216006,-0.007718382606528018,0.45563139931740615,0.1122076326085459,0.9106587774449958,YES,"HISTORICAL UK RETAIL, ACCOUNT AND BROKER ELIGIBILITY REMAIN UNRESOLVED"
