analysis_context_id,baseline_signal_id,quality_feature,quality_tercile,forward_horizon_sessions,date_observation_count,mean_forward_return,median_forward_return,hac_t_statistic,hac_p_value,trend_quality_in_primary_signal,warning,tercile_3_mean,tercile_1_mean,tercile_3_minus_tercile_1
ALL_EQUITY_OPPORTUNITIES,MH_LEVEL_EQ,LARGEST_1_DAY_MOVE_SHARE_63,1,21,129,0.005443335226685024,0.010497111880411794,1.0105708712858616,0.3122218632047814,NO,"HISTORICAL UK RETAIL, ACCOUNT AND BROKER ELIGIBILITY REMAIN UNRESOLVED",0.005982897454817098,0.005443335226685024,0.0005395622281320744
ALL_EQUITY_OPPORTUNITIES,MH_LEVEL_EQ,LARGEST_1_DAY_MOVE_SHARE_63,1,42,126,0.0116724109015147,0.015590710657492322,1.1332096953804889,0.2571262036287729,NO,"HISTORICAL UK RETAIL, ACCOUNT AND BROKER ELIGIBILITY REMAIN UNRESOLVED",0.01869629699854626,0.0116724109015147,0.00702388609703156
ALL_EQUITY_OPPORTUNITIES,MH_LEVEL_EQ,LARGEST_1_DAY_MOVE_SHARE_63,1,63,122,0.021112338294813744,0.026434199950152712,1.272887715435724,0.2030578890526462,NO,"HISTORICAL UK RETAIL, ACCOUNT AND BROKER ELIGIBILITY REMAIN UNRESOLVED",0.021647038777021805,0.021112338294813744,0.0005347004822080607
ALL_EQUITY_OPPORTUNITIES,MH_LEVEL_EQ,LARGEST_1_DAY_MOVE_SHARE_63,2,21,127,0.010920664445931065,0.012120810601586865,1.7371805324562495,0.08235531002166688,NO,"HISTORICAL UK RETAIL, ACCOUNT AND BROKER ELIGIBILITY REMAIN UNRESOLVED",0.005982897454817098,0.005443335226685024,0.0005395622281320744
ALL_EQUITY_OPPORTUNITIES,MH_LEVEL_EQ,LARGEST_1_DAY_MOVE_SHARE_63,2,42,124,0.016062068347343625,0.020747012283938302,1.242986260498781,0.21387289650931351,NO,"HISTORICAL UK RETAIL, ACCOUNT AND BROKER ELIGIBILITY REMAIN UNRESOLVED",0.01869629699854626,0.0116724109015147,0.00702388609703156
ALL_EQUITY_OPPORTUNITIES,MH_LEVEL_EQ,LARGEST_1_DAY_MOVE_SHARE_63,2,63,120,0.0249310919512038,0.0423934273271577,1.1980369576921208,0.23090262950481188,NO,"HISTORICAL UK RETAIL, ACCOUNT AND BROKER ELIGIBILITY REMAIN UNRESOLVED",0.021647038777021805,0.021112338294813744,0.0005347004822080607
ALL_EQUITY_OPPORTUNITIES,MH_LEVEL_EQ,LARGEST_1_DAY_MOVE_SHARE_63,3,21,129,0.005982897454817098,0.002007512711257549,0.8469814483050289,0.39700546199971176,NO,"HISTORICAL UK RETAIL, ACCOUNT AND BROKER ELIGIBILITY REMAIN UNRESOLVED",0.005982897454817098,0.005443335226685024,0.0005395622281320744
ALL_EQUITY_OPPORTUNITIES,MH_LEVEL_EQ,LARGEST_1_DAY_MOVE_SHARE_63,3,42,125,0.01869629699854626,0.022237999034501965,1.6765235322494974,0.09363569079188554,NO,"HISTORICAL UK RETAIL, ACCOUNT AND BROKER ELIGIBILITY REMAIN UNRESOLVED",0.01869629699854626,0.0116724109015147,0.00702388609703156
ALL_EQUITY_OPPORTUNITIES,MH_LEVEL_EQ,LARGEST_1_DAY_MOVE_SHARE_63,3,63,122,0.021647038777021805,0.03023230608355766,1.4019768376591324,0.16092216347702648,NO,"HISTORICAL UK RETAIL, ACCOUNT AND BROKER ELIGIBILITY REMAIN UNRESOLVED",0.021647038777021805,0.021112338294813744,0.0005347004822080607
ALL_EQUITY_OPPORTUNITIES,MH_LEVEL_EQ,LARGEST_3_DAY_MOVE_SHARE_63,1,21,129,0.004431913559066175,0.011500053044846848,0.7556796158922195,0.4498413084379034,NO,"HISTORICAL UK RETAIL, ACCOUNT AND BROKER ELIGIBILITY REMAIN UNRESOLVED",0.005467851207049695,0.004431913559066175,0.00103593764798352
ALL_EQUITY_OPPORTUNITIES,MH_LEVEL_EQ,LARGEST_3_DAY_MOVE_SHARE_63,1,42,126,0.0085491448195614,0.015416404542649118,0.7824520562089469,0.4339489510202603,NO,"HISTORICAL UK RETAIL, ACCOUNT AND BROKER ELIGIBILITY REMAIN UNRESOLVED",0.01472972593557254,0.0085491448195614,0.006180581116011141
ALL_EQUITY_OPPORTUNITIES,MH_LEVEL_EQ,LARGEST_3_DAY_MOVE_SHARE_63,1,63,122,0.018509817638123566,0.02400929260871587,1.0263033703032918,0.3047486091514525,NO,"HISTORICAL UK RETAIL, ACCOUNT AND BROKER ELIGIBILITY REMAIN UNRESOLVED",0.016506372970329572,0.018509817638123566,-0.0020034446677939938
ALL_EQUITY_OPPORTUNITIES,MH_LEVEL_EQ,LARGEST_3_DAY_MOVE_SHARE_63,2,21,129,0.011901766407530583,0.011792448319585983,1.8165181940667003,0.06929091958465426,NO,"HISTORICAL UK RETAIL, ACCOUNT AND BROKER ELIGIBILITY REMAIN UNRESOLVED",0.005467851207049695,0.004431913559066175,0.00103593764798352
ALL_EQUITY_OPPORTUNITIES,MH_LEVEL_EQ,LARGEST_3_DAY_MOVE_SHARE_63,2,42,126,0.021862790666514965,0.0247800595943186,1.6915791256037,0.09072624933948983,NO,"HISTORICAL UK RETAIL, ACCOUNT AND BROKER ELIGIBILITY REMAIN UNRESOLVED",0.01472972593557254,0.0085491448195614,0.006180581116011141
ALL_EQUITY_OPPORTUNITIES,MH_LEVEL_EQ,LARGEST_3_DAY_MOVE_SHARE_63,2,63,122,0.031095721847559033,0.03729000273056558,1.6354702124764906,0.10195051414072982,NO,"HISTORICAL UK RETAIL, ACCOUNT AND BROKER ELIGIBILITY REMAIN UNRESOLVED",0.016506372970329572,0.018509817638123566,-0.0020034446677939938
ALL_EQUITY_OPPORTUNITIES,MH_LEVEL_EQ,LARGEST_3_DAY_MOVE_SHARE_63,3,21,129,0.005467851207049695,0.004133116386583585,0.8771783796545024,0.3803897573957725,NO,"HISTORICAL UK RETAIL, ACCOUNT AND BROKER ELIGIBILITY REMAIN UNRESOLVED",0.005467851207049695,0.004431913559066175,0.00103593764798352
ALL_EQUITY_OPPORTUNITIES,MH_LEVEL_EQ,LARGEST_3_DAY_MOVE_SHARE_63,3,42,125,0.01472972593557254,0.02018582030650027,1.492111632604764,0.13566988284662335,NO,"HISTORICAL UK RETAIL, ACCOUNT AND BROKER ELIGIBILITY REMAIN UNRESOLVED",0.01472972593557254,0.0085491448195614,0.006180581116011141
ALL_EQUITY_OPPORTUNITIES,MH_LEVEL_EQ,LARGEST_3_DAY_MOVE_SHARE_63,3,63,122,0.016506372970329572,0.020872085794708874,1.0805154214022221,0.2799127233007235,NO,"HISTORICAL UK RETAIL, ACCOUNT AND BROKER ELIGIBILITY REMAIN UNRESOLVED",0.016506372970329572,0.018509817638123566,-0.0020034446677939938
ALL_EQUITY_OPPORTUNITIES,MH_LEVEL_EQ,LOG_PRICE_R2_63,1,21,129,0.009410803378361976,0.008060712303012281,1.1909728562581892,0.23366424096279048,NO,"HISTORICAL UK RETAIL, ACCOUNT AND BROKER ELIGIBILITY REMAIN UNRESOLVED",0.0033343496308466678,0.009410803378361976,-0.006076453747515308
ALL_EQUITY_OPPORTUNITIES,MH_LEVEL_EQ,LOG_PRICE_R2_63,1,42,127,0.018023098489018775,0.029033461415981444,1.3853650570391711,0.16594087005479718,NO,"HISTORICAL UK RETAIL, ACCOUNT AND BROKER ELIGIBILITY REMAIN UNRESOLVED",0.009129008953803636,0.018023098489018775,-0.008894089535215139
ALL_EQUITY_OPPORTUNITIES,MH_LEVEL_EQ,LOG_PRICE_R2_63,1,63,124,0.01808695832100411,0.03208476268160031,0.9297901798930377,0.3524797317777043,NO,"HISTORICAL UK RETAIL, ACCOUNT AND BROKER ELIGIBILITY REMAIN UNRESOLVED",0.017093703789039367,0.01808695832100411,-0.000993254531964742
ALL_EQUITY_OPPORTUNITIES,MH_LEVEL_EQ,LOG_PRICE_R2_63,2,21,129,0.00860594199707129,0.013382873006281359,1.4281613402747766,0.1532454252112081,NO,"HISTORICAL UK RETAIL, ACCOUNT AND BROKER ELIGIBILITY REMAIN UNRESOLVED",0.0033343496308466678,0.009410803378361976,-0.006076453747515308
ALL_EQUITY_OPPORTUNITIES,MH_LEVEL_EQ,LOG_PRICE_R2_63,2,42,125,0.01603858920875902,0.011613081315772641,1.6339574449496128,0.1022677863810084,NO,"HISTORICAL UK RETAIL, ACCOUNT AND BROKER ELIGIBILITY REMAIN UNRESOLVED",0.009129008953803636,0.018023098489018775,-0.008894089535215139
ALL_EQUITY_OPPORTUNITIES,MH_LEVEL_EQ,LOG_PRICE_R2_63,2,63,121,0.02718476657847483,0.026515951197440116,1.8179252006372875,0.06907556600892524,NO,"HISTORICAL UK RETAIL, ACCOUNT AND BROKER ELIGIBILITY REMAIN UNRESOLVED",0.017093703789039367,0.01808695832100411,-0.000993254531964742
ALL_EQUITY_OPPORTUNITIES,MH_LEVEL_EQ,LOG_PRICE_R2_63,3,21,129,0.0033343496308466678,0.005611536025920629,0.5947973122704631,0.5519789643882493,NO,"HISTORICAL UK RETAIL, ACCOUNT AND BROKER ELIGIBILITY REMAIN UNRESOLVED",0.0033343496308466678,0.009410803378361976,-0.006076453747515308
ALL_EQUITY_OPPORTUNITIES,MH_LEVEL_EQ,LOG_PRICE_R2_63,3,42,125,0.009129008953803636,0.01699143813767861,0.8158189312200713,0.4146037040314404,NO,"HISTORICAL UK RETAIL, ACCOUNT AND BROKER ELIGIBILITY REMAIN UNRESOLVED",0.009129008953803636,0.018023098489018775,-0.008894089535215139
ALL_EQUITY_OPPORTUNITIES,MH_LEVEL_EQ,LOG_PRICE_R2_63,3,63,121,0.017093703789039367,0.022442069946082416,0.9806787424437271,0.3267511899317963,NO,"HISTORICAL UK RETAIL, ACCOUNT AND BROKER ELIGIBILITY REMAIN UNRESOLVED",0.017093703789039367,0.01808695832100411,-0.000993254531964742
ALL_EQUITY_OPPORTUNITIES,MH_LEVEL_EQ,LOG_PRICE_SLOPE_63,1,21,129,0.01250844794073997,0.013286953124071762,1.9145748171656116,0.05554674924583436,NO,"HISTORICAL UK RETAIL, ACCOUNT AND BROKER ELIGIBILITY REMAIN UNRESOLVED",0.005143625445035963,0.01250844794073997,-0.0073648224957040065
ALL_EQUITY_OPPORTUNITIES,MH_LEVEL_EQ,LOG_PRICE_SLOPE_63,1,42,125,0.022702059573671954,0.0277762243169815,2.27609359441538,0.022840408391978376,NO,"HISTORICAL UK RETAIL, ACCOUNT AND BROKER ELIGIBILITY REMAIN UNRESOLVED",0.009390425076515217,0.022702059573671954,-0.013311634497156737
ALL_EQUITY_OPPORTUNITIES,MH_LEVEL_EQ,LOG_PRICE_SLOPE_63,1,63,121,0.03038469575734313,0.03209515641655029,1.9866486398452048,0.04696134708853822,NO,"HISTORICAL UK RETAIL, ACCOUNT AND BROKER ELIGIBILITY REMAIN UNRESOLVED",0.014944619382647897,0.03038469575734313,-0.015440076374695232
ALL_EQUITY_OPPORTUNITIES,MH_LEVEL_EQ,LOG_PRICE_SLOPE_63,2,21,129,0.004975870533076621,0.005761081831579279,0.94833253258879,0.3429601940507173,NO,"HISTORICAL UK RETAIL, ACCOUNT AND BROKER ELIGIBILITY REMAIN UNRESOLVED",0.005143625445035963,0.01250844794073997,-0.0073648224957040065
ALL_EQUITY_OPPORTUNITIES,MH_LEVEL_EQ,LOG_PRICE_SLOPE_63,2,42,125,0.013188409145919802,0.009198232598358209,1.5712175756541313,0.11613211896043446,NO,"HISTORICAL UK RETAIL, ACCOUNT AND BROKER ELIGIBILITY REMAIN UNRESOLVED",0.009390425076515217,0.022702059573671954,-0.013311634497156737
ALL_EQUITY_OPPORTUNITIES,MH_LEVEL_EQ,LOG_PRICE_SLOPE_63,2,63,121,0.020907110182237003,0.017842063976665296,1.6024234462074298,0.10906200354282655,NO,"HISTORICAL UK RETAIL, ACCOUNT AND BROKER ELIGIBILITY REMAIN UNRESOLVED",0.014944619382647897,0.03038469575734313,-0.015440076374695232
ALL_EQUITY_OPPORTUNITIES,MH_LEVEL_EQ,LOG_PRICE_SLOPE_63,3,21,129,0.005143625445035963,0.009889117427699861,0.6660573767429272,0.5053744270423246,NO,"HISTORICAL UK RETAIL, ACCOUNT AND BROKER ELIGIBILITY REMAIN UNRESOLVED",0.005143625445035963,0.01250844794073997,-0.0073648224957040065
ALL_EQUITY_OPPORTUNITIES,MH_LEVEL_EQ,LOG_PRICE_SLOPE_63,3,42,125,0.009390425076515217,0.01622968450797224,0.5847018403921082,0.5587482163707502,NO,"HISTORICAL UK RETAIL, ACCOUNT AND BROKER ELIGIBILITY REMAIN UNRESOLVED",0.009390425076515217,0.022702059573671954,-0.013311634497156737
ALL_EQUITY_OPPORTUNITIES,MH_LEVEL_EQ,LOG_PRICE_SLOPE_63,3,63,121,0.014944619382647897,0.0291974009398201,0.6015037866800088,0.5475044904304533,NO,"HISTORICAL UK RETAIL, ACCOUNT AND BROKER ELIGIBILITY REMAIN UNRESOLVED",0.014944619382647897,0.03038469575734313,-0.015440076374695232
ALL_EQUITY_OPPORTUNITIES,MH_LEVEL_EQ,MAX_FORMATION_PULLBACK_63,1,21,129,0.009137237661697977,0.016851831924450077,1.0597768174441209,0.28924614584602426,NO,"HISTORICAL UK RETAIL, ACCOUNT AND BROKER ELIGIBILITY REMAIN UNRESOLVED",0.0062056856732422404,0.009137237661697977,-0.0029315519884557367
ALL_EQUITY_OPPORTUNITIES,MH_LEVEL_EQ,MAX_FORMATION_PULLBACK_63,1,42,127,0.01811021877994766,0.022156400120949403,1.0298935010584636,0.30306000185352444,NO,"HISTORICAL UK RETAIL, ACCOUNT AND BROKER ELIGIBILITY REMAIN UNRESOLVED",0.015015518380020866,0.01811021877994766,-0.0030947003999267936
ALL_EQUITY_OPPORTUNITIES,MH_LEVEL_EQ,MAX_FORMATION_PULLBACK_63,1,63,124,0.019484458059176417,0.029490063750204874,0.7723335800389182,0.43991688164966436,NO,"HISTORICAL UK RETAIL, ACCOUNT AND BROKER ELIGIBILITY REMAIN UNRESOLVED",0.02846060556526188,0.019484458059176417,0.008976147506085462
ALL_EQUITY_OPPORTUNITIES,MH_LEVEL_EQ,MAX_FORMATION_PULLBACK_63,2,21,128,0.007566857043422996,0.00866949571113142,1.3208154847528575,0.1865628952807996,NO,"HISTORICAL UK RETAIL, ACCOUNT AND BROKER ELIGIBILITY REMAIN UNRESOLVED",0.0062056856732422404,0.009137237661697977,-0.0029315519884557367
ALL_EQUITY_OPPORTUNITIES,MH_LEVEL_EQ,MAX_FORMATION_PULLBACK_63,2,42,124,0.011049368351080798,0.01154928016719525,1.1996635261375015,0.230270043890078,NO,"HISTORICAL UK RETAIL, ACCOUNT AND BROKER ELIGIBILITY REMAIN UNRESOLVED",0.015015518380020866,0.01811021877994766,-0.0030947003999267936
ALL_EQUITY_OPPORTUNITIES,MH_LEVEL_EQ,MAX_FORMATION_PULLBACK_63,2,63,120,0.017686414469071814,0.021433864659900763,1.135276645585964,0.25625942433381776,NO,"HISTORICAL UK RETAIL, ACCOUNT AND BROKER ELIGIBILITY REMAIN UNRESOLVED",0.02846060556526188,0.019484458059176417,0.008976147506085462
ALL_EQUITY_OPPORTUNITIES,MH_LEVEL_EQ,MAX_FORMATION_PULLBACK_63,3,21,129,0.0062056856732422404,0.005529672043206719,1.3714504542464856,0.17023457844778012,NO,"HISTORICAL UK RETAIL, ACCOUNT AND BROKER ELIGIBILITY REMAIN UNRESOLVED",0.0062056856732422404,0.009137237661697977,-0.0029315519884557367
ALL_EQUITY_OPPORTUNITIES,MH_LEVEL_EQ,MAX_FORMATION_PULLBACK_63,3,42,125,0.015015518380020866,0.010232034771449721,1.9821173050528331,0.04746611316210433,NO,"HISTORICAL UK RETAIL, ACCOUNT AND BROKER ELIGIBILITY REMAIN UNRESOLVED",0.015015518380020866,0.01811021877994766,-0.0030947003999267936
ALL_EQUITY_OPPORTUNITIES,MH_LEVEL_EQ,MAX_FORMATION_PULLBACK_63,3,63,121,0.02846060556526188,0.025421491434341494,2.4267356013146744,0.01523535450077968,NO,"HISTORICAL UK RETAIL, ACCOUNT AND BROKER ELIGIBILITY REMAIN UNRESOLVED",0.02846060556526188,0.019484458059176417,0.008976147506085462
ALL_EQUITY_OPPORTUNITIES,MH_LEVEL_EQ,PRICE_DISTANCE_HIGH_63,1,21,129,0.010102986497572393,0.011737796315405107,1.3683878145659953,0.17119071643080475,NO,"HISTORICAL UK RETAIL, ACCOUNT AND BROKER ELIGIBILITY REMAIN UNRESOLVED",0.004185733287776676,0.010102986497572393,-0.005917253209795716
ALL_EQUITY_OPPORTUNITIES,MH_LEVEL_EQ,PRICE_DISTANCE_HIGH_63,1,42,127,0.019786688322200503,0.018911190279539573,1.3472655861468326,0.17789471146225733,NO,"HISTORICAL UK RETAIL, ACCOUNT AND BROKER ELIGIBILITY REMAIN UNRESOLVED",0.007204436698914764,0.019786688322200503,-0.012582251623285738
ALL_EQUITY_OPPORTUNITIES,MH_LEVEL_EQ,PRICE_DISTANCE_HIGH_63,1,63,124,0.024664514650080033,0.02562507568129504,1.1619891212013556,0.24523988391212237,NO,"HISTORICAL UK RETAIL, ACCOUNT AND BROKER ELIGIBILITY REMAIN UNRESOLVED",0.01638290029744348,0.024664514650080033,-0.008281614352636555
ALL_EQUITY_OPPORTUNITIES,MH_LEVEL_EQ,PRICE_DISTANCE_HIGH_63,2,21,129,0.007809719546497572,0.0081013484154468,1.5958058239033612,0.11053215263303143,NO,"HISTORICAL UK RETAIL, ACCOUNT AND BROKER ELIGIBILITY REMAIN UNRESOLVED",0.004185733287776676,0.010102986497572393,-0.005917253209795716
ALL_EQUITY_OPPORTUNITIES,MH_LEVEL_EQ,PRICE_DISTANCE_HIGH_63,2,42,125,0.017574958702840888,0.02216373351251046,1.9380426104758386,0.05261802417040654,NO,"HISTORICAL UK RETAIL, ACCOUNT AND BROKER ELIGIBILITY REMAIN UNRESOLVED",0.007204436698914764,0.019786688322200503,-0.012582251623285738
ALL_EQUITY_OPPORTUNITIES,MH_LEVEL_EQ,PRICE_DISTANCE_HIGH_63,2,63,121,0.027065771994047996,0.030450325168077996,1.7650272928256625,0.07755917885201859,NO,"HISTORICAL UK RETAIL, ACCOUNT AND BROKER ELIGIBILITY REMAIN UNRESOLVED",0.01638290029744348,0.024664514650080033,-0.008281614352636555
ALL_EQUITY_OPPORTUNITIES,MH_LEVEL_EQ,PRICE_DISTANCE_HIGH_63,3,21,128,0.004185733287776676,0.007997265795736667,0.6253595158660965,0.5317351264604362,NO,"HISTORICAL UK RETAIL, ACCOUNT AND BROKER ELIGIBILITY REMAIN UNRESOLVED",0.004185733287776676,0.010102986497572393,-0.005917253209795716
ALL_EQUITY_OPPORTUNITIES,MH_LEVEL_EQ,PRICE_DISTANCE_HIGH_63,3,42,124,0.007204436698914764,0.011168912237564763,0.7043503507901301,0.4812146172134034,NO,"HISTORICAL UK RETAIL, ACCOUNT AND BROKER ELIGIBILITY REMAIN UNRESOLVED",0.007204436698914764,0.019786688322200503,-0.012582251623285738
ALL_EQUITY_OPPORTUNITIES,MH_LEVEL_EQ,PRICE_DISTANCE_HIGH_63,3,63,120,0.01638290029744348,0.01898989650870111,1.0105797031797403,0.31221763428362115,NO,"HISTORICAL UK RETAIL, ACCOUNT AND BROKER ELIGIBILITY REMAIN UNRESOLVED",0.01638290029744348,0.024664514650080033,-0.008281614352636555
ALL_EQUITY_OPPORTUNITIES,MH_LEVEL_EQ,REALISED_VOL_63,1,21,129,0.006225067808105486,0.005915681829651136,1.2114646066207275,0.22571739146915748,NO,"HISTORICAL UK RETAIL, ACCOUNT AND BROKER ELIGIBILITY REMAIN UNRESOLVED",0.006513015230192361,0.006225067808105486,0.0002879474220868752
ALL_EQUITY_OPPORTUNITIES,MH_LEVEL_EQ,REALISED_VOL_63,1,42,125,0.01554770217680962,0.013649221542973407,1.7166624482510702,0.08604086513017233,NO,"HISTORICAL UK RETAIL, ACCOUNT AND BROKER ELIGIBILITY REMAIN UNRESOLVED",0.014297068120058574,0.01554770217680962,-0.001250634056751047
ALL_EQUITY_OPPORTUNITIES,MH_LEVEL_EQ,REALISED_VOL_63,1,63,121,0.030182597296659293,0.030067586077419172,2.140796390812552,0.03229046115454138,NO,"HISTORICAL UK RETAIL, ACCOUNT AND BROKER ELIGIBILITY REMAIN UNRESOLVED",0.012039083140066052,0.030182597296659293,-0.01814351415659324
ALL_EQUITY_OPPORTUNITIES,MH_LEVEL_EQ,REALISED_VOL_63,2,21,128,0.009147710877107978,0.011621838365481856,1.717335599350272,0.0859178711170216,NO,"HISTORICAL UK RETAIL, ACCOUNT AND BROKER ELIGIBILITY REMAIN UNRESOLVED",0.006513015230192361,0.006225067808105486,0.0002879474220868752
ALL_EQUITY_OPPORTUNITIES,MH_LEVEL_EQ,REALISED_VOL_63,2,42,124,0.015027005618523055,0.016456436889194313,1.5979381026395465,0.11005675317091658,NO,"HISTORICAL UK RETAIL, ACCOUNT AND BROKER ELIGIBILITY REMAIN UNRESOLVED",0.014297068120058574,0.01554770217680962,-0.001250634056751047
ALL_EQUITY_OPPORTUNITIES,MH_LEVEL_EQ,REALISED_VOL_63,2,63,120,0.024097817944693158,0.020034151602792614,1.5664274658651018,0.1172485771291342,NO,"HISTORICAL UK RETAIL, ACCOUNT AND BROKER ELIGIBILITY REMAIN UNRESOLVED",0.012039083140066052,0.030182597296659293,-0.01814351415659324
ALL_EQUITY_OPPORTUNITIES,MH_LEVEL_EQ,REALISED_VOL_63,3,21,129,0.006513015230192361,0.005640097910433031,0.681116814212486,0.4957975785853972,NO,"HISTORICAL UK RETAIL, ACCOUNT AND BROKER ELIGIBILITY REMAIN UNRESOLVED",0.006513015230192361,0.006225067808105486,0.0002879474220868752
ALL_EQUITY_OPPORTUNITIES,MH_LEVEL_EQ,REALISED_VOL_63,3,42,127,0.014297068120058574,0.022237999034501965,0.7731435758549782,0.43943741455691276,NO,"HISTORICAL UK RETAIL, ACCOUNT AND BROKER ELIGIBILITY REMAIN UNRESOLVED",0.014297068120058574,0.01554770217680962,-0.001250634056751047
ALL_EQUITY_OPPORTUNITIES,MH_LEVEL_EQ,REALISED_VOL_63,3,63,124,0.012039083140066052,0.028065317626608962,0.47689740573418465,0.6334351794198592,NO,"HISTORICAL UK RETAIL, ACCOUNT AND BROKER ELIGIBILITY REMAIN UNRESOLVED",0.012039083140066052,0.030182597296659293,-0.01814351415659324
ALL_EQUITY_OPPORTUNITIES,MH_LEVEL_EQ,REL_R2_63,1,21,129,0.0077324720104876765,0.007419391531130408,1.1923531995840904,0.23312278278539023,NO,"HISTORICAL UK RETAIL, ACCOUNT AND BROKER ELIGIBILITY REMAIN UNRESOLVED",0.006644362203175976,0.0077324720104876765,-0.0010881098073117004
ALL_EQUITY_OPPORTUNITIES,MH_LEVEL_EQ,REL_R2_63,1,42,127,0.01400974450901306,0.019205591742158825,1.3001200285408265,0.1935598341366047,NO,"HISTORICAL UK RETAIL, ACCOUNT AND BROKER ELIGIBILITY REMAIN UNRESOLVED",0.01462908300005441,0.01400974450901306,0.0006193384910413505
ALL_EQUITY_OPPORTUNITIES,MH_LEVEL_EQ,REL_R2_63,1,63,124,0.016405089242255182,0.0259390503510692,1.009278572631178,0.3128410534022804,NO,"HISTORICAL UK RETAIL, ACCOUNT AND BROKER ELIGIBILITY REMAIN UNRESOLVED",0.02282243191254317,0.016405089242255182,0.006417342670287988
ALL_EQUITY_OPPORTUNITIES,MH_LEVEL_EQ,REL_R2_63,2,21,129,0.008052331415037335,0.004734902238831856,1.212948538935102,0.2251494961438475,NO,"HISTORICAL UK RETAIL, ACCOUNT AND BROKER ELIGIBILITY REMAIN UNRESOLVED",0.006644362203175976,0.0077324720104876765,-0.0010881098073117004
ALL_EQUITY_OPPORTUNITIES,MH_LEVEL_EQ,REL_R2_63,2,42,125,0.016125835549027953,0.013924508046116434,1.4808066990382749,0.13865809089163345,NO,"HISTORICAL UK RETAIL, ACCOUNT AND BROKER ELIGIBILITY REMAIN UNRESOLVED",0.01462908300005441,0.01400974450901306,0.0006193384910413505
ALL_EQUITY_OPPORTUNITIES,MH_LEVEL_EQ,REL_R2_63,2,63,121,0.025526794010513946,0.025370738986858203,1.6344819898068172,0.10215768489152473,NO,"HISTORICAL UK RETAIL, ACCOUNT AND BROKER ELIGIBILITY REMAIN UNRESOLVED",0.02282243191254317,0.016405089242255182,0.006417342670287988
ALL_EQUITY_OPPORTUNITIES,MH_LEVEL_EQ,REL_R2_63,3,21,129,0.006644362203175976,0.010210153182404237,1.1578309530073427,0.2469330291528058,NO,"HISTORICAL UK RETAIL, ACCOUNT AND BROKER ELIGIBILITY REMAIN UNRESOLVED",0.006644362203175976,0.0077324720104876765,-0.0010881098073117004
ALL_EQUITY_OPPORTUNITIES,MH_LEVEL_EQ,REL_R2_63,3,42,125,0.01462908300005441,0.019989279710331178,1.1437891352809966,0.25271109669291614,NO,"HISTORICAL UK RETAIL, ACCOUNT AND BROKER ELIGIBILITY REMAIN UNRESOLVED",0.01462908300005441,0.01400974450901306,0.0006193384910413505
ALL_EQUITY_OPPORTUNITIES,MH_LEVEL_EQ,REL_R2_63,3,63,121,0.02282243191254317,0.028546418316024207,1.1110270696697533,0.26655669766297885,NO,"HISTORICAL UK RETAIL, ACCOUNT AND BROKER ELIGIBILITY REMAIN UNRESOLVED",0.02282243191254317,0.016405089242255182,0.006417342670287988
