signal_id,forward_horizon_sessions,window_id,metric,observation_count,hac_maximum_lag_weeks,estimate,hac_standard_error,hac_z_statistic,raw_two_sided_p_value,warning,bh_q_value_within_window_metric
M1_EQUAL_5H,21,FULL_HISTORY,ic,628,5,0.023889295184145638,0.024437102649507606,0.9775829617275431,0.32828062761911436,"HISTORICAL UK RETAIL, ISA, ACCOUNT AND BROKER ELIGIBILITY REMAIN PARTLY UNRESOLVED",0.5144777280777408
M1_EQUAL_5H,21,FULL_HISTORY,top_quintile_advantage,628,5,-0.00019052707425726184,0.0022004160278969592,-0.08658684168891348,0.9309999254264796,"HISTORICAL UK RETAIL, ISA, ACCOUNT AND BROKER ELIGIBILITY REMAIN PARTLY UNRESOLVED",0.9585258752656376
M1_EQUAL_5H,21,FULL_HISTORY,rank1_advantage,628,5,-0.0018915909250269785,0.004170336241588053,-0.4535823529439597,0.650129457355094,"HISTORICAL UK RETAIL, ISA, ACCOUNT AND BROKER ELIGIBILITY REMAIN PARTLY UNRESOLVED",0.9540368020583583
M1_EQUAL_5H,21,POST_2020,ic,342,5,0.05916167200567536,0.03066736369521303,1.9291411088886687,0.05371334676816586,"HISTORICAL UK RETAIL, ISA, ACCOUNT AND BROKER ELIGIBILITY REMAIN PARTLY UNRESOLVED",0.2003476605357889
M1_EQUAL_5H,21,POST_2020,top_quintile_advantage,342,5,0.0020250156834314137,0.0033317710936052545,0.6077895589280048,0.5433270550638802,"HISTORICAL UK RETAIL, ISA, ACCOUNT AND BROKER ELIGIBILITY REMAIN PARTLY UNRESOLVED",0.8149905825958204
M1_EQUAL_5H,21,POST_2020,rank1_advantage,342,5,-0.0006116102926739024,0.006831216761195629,-0.08953167701369437,0.9286593800457517,"HISTORICAL UK RETAIL, ISA, ACCOUNT AND BROKER ELIGIBILITY REMAIN PARTLY UNRESOLVED",0.938447166646006
M1_EQUAL_5H,21,LATEST_5Y,ic,255,5,0.05684549343238464,0.03315889867072119,1.7143359915803944,0.08646703667202149,"HISTORICAL UK RETAIL, ISA, ACCOUNT AND BROKER ELIGIBILITY REMAIN PARTLY UNRESOLVED",0.34108297656467035
M1_EQUAL_5H,21,LATEST_5Y,top_quintile_advantage,255,5,0.0017635935314873191,0.0037733363448079365,0.4673830717248415,0.6402258318128489,"HISTORICAL UK RETAIL, ISA, ACCOUNT AND BROKER ELIGIBILITY REMAIN PARTLY UNRESOLVED",0.9148387489082973
M1_EQUAL_5H,21,LATEST_5Y,rank1_advantage,255,5,-0.000363896438501173,0.008263634795986706,-0.04403588099971479,0.9648758026951476,"HISTORICAL UK RETAIL, ISA, ACCOUNT AND BROKER ELIGIBILITY REMAIN PARTLY UNRESOLVED",0.99006917693114
M1_EQUAL_5H,21,LATEST_3Y,ic,152,5,0.10081489100707346,0.043214116134887764,2.332915723473128,0.01965256896943579,"HISTORICAL UK RETAIL, ISA, ACCOUNT AND BROKER ELIGIBILITY REMAIN PARTLY UNRESOLVED",0.10889239843160792
M1_EQUAL_5H,21,LATEST_3Y,top_quintile_advantage,152,5,0.004098497174360034,0.005137186137055042,0.7978097474018238,0.42498090392084453,"HISTORICAL UK RETAIL, ISA, ACCOUNT AND BROKER ELIGIBILITY REMAIN PARTLY UNRESOLVED",0.5994172833460463
M1_EQUAL_5H,21,LATEST_3Y,rank1_advantage,152,5,-0.001370013073572129,0.010793787822386538,-0.12692607045051355,0.8989989122808377,"HISTORICAL UK RETAIL, ISA, ACCOUNT AND BROKER ELIGIBILITY REMAIN PARTLY UNRESOLVED",0.9921073414003485
M1_EQUAL_5H,42,FULL_HISTORY,ic,622,9,0.017640599462147404,0.030585862493833802,0.5767566458426274,0.5641038604021074,"HISTORICAL UK RETAIL, ISA, ACCOUNT AND BROKER ELIGIBILITY REMAIN PARTLY UNRESOLVED",0.5641038604021074
M1_EQUAL_5H,42,FULL_HISTORY,top_quintile_advantage,622,9,-0.0021665092532358117,0.003287702051305334,-0.6589737206799596,0.5099126440967998,"HISTORICAL UK RETAIL, ISA, ACCOUNT AND BROKER ELIGIBILITY REMAIN PARTLY UNRESOLVED",0.9585258752656376
M1_EQUAL_5H,42,FULL_HISTORY,rank1_advantage,622,9,-0.0003556759130935082,0.0061708340313648465,-0.05763822382609776,0.9540368020583583,"HISTORICAL UK RETAIL, ISA, ACCOUNT AND BROKER ELIGIBILITY REMAIN PARTLY UNRESOLVED",0.9540368020583583
M1_EQUAL_5H,42,POST_2020,ic,338,9,0.0400339137053384,0.03737466776534965,1.0711510255203969,0.2841015282819206,"HISTORICAL UK RETAIL, ISA, ACCOUNT AND BROKER ELIGIBILITY REMAIN PARTLY UNRESOLVED",0.2918261105047919
M1_EQUAL_5H,42,POST_2020,top_quintile_advantage,338,9,0.0004343741617550039,0.00467419315486153,0.09293029777839207,0.9259589357446567,"HISTORICAL UK RETAIL, ISA, ACCOUNT AND BROKER ELIGIBILITY REMAIN PARTLY UNRESOLVED",0.9259589357446567
M1_EQUAL_5H,42,POST_2020,rank1_advantage,338,9,0.0019475751667392804,0.010183553446489451,0.1912471100557402,0.8483319962215943,"HISTORICAL UK RETAIL, ISA, ACCOUNT AND BROKER ELIGIBILITY REMAIN PARTLY UNRESOLVED",0.938447166646006
M1_EQUAL_5H,42,LATEST_5Y,ic,251,9,0.0359383556386729,0.042232650091204124,0.8509614140022401,0.39479078754852703,"HISTORICAL UK RETAIL, ISA, ACCOUNT AND BROKER ELIGIBILITY REMAIN PARTLY UNRESOLVED",0.41383912750592433
M1_EQUAL_5H,42,LATEST_5Y,top_quintile_advantage,251,9,-0.00015439346363286307,0.005580253449144192,-0.027667822804095292,0.9779270875562227,"HISTORICAL UK RETAIL, ISA, ACCOUNT AND BROKER ELIGIBILITY REMAIN PARTLY UNRESOLVED",0.9779270875562227
M1_EQUAL_5H,42,LATEST_5Y,rank1_advantage,251,9,0.002955409017075003,0.012376981878060555,0.23878268920420434,0.8112740940182681,"HISTORICAL UK RETAIL, ISA, ACCOUNT AND BROKER ELIGIBILITY REMAIN PARTLY UNRESOLVED",0.99006917693114
M1_EQUAL_5H,42,LATEST_3Y,ic,148,9,0.09165780144257128,0.05501435725254568,1.6660705681211971,0.09569935982619482,"HISTORICAL UK RETAIL, ISA, ACCOUNT AND BROKER ELIGIBILITY REMAIN PARTLY UNRESOLVED",0.12532790224822193
M1_EQUAL_5H,42,LATEST_3Y,top_quintile_advantage,148,9,0.0035969173962973806,0.0077689495099909555,0.46298632674490997,0.6433741679531206,"HISTORICAL UK RETAIL, ISA, ACCOUNT AND BROKER ELIGIBILITY REMAIN PARTLY UNRESOLVED",0.6433741679531206
M1_EQUAL_5H,42,LATEST_3Y,rank1_advantage,148,9,0.00015410132804984512,0.015578155781517581,0.009892141933300977,0.9921073414003485,"HISTORICAL UK RETAIL, ISA, ACCOUNT AND BROKER ELIGIBILITY REMAIN PARTLY UNRESOLVED",0.9921073414003485
M1_EQUAL_5H,63,FULL_HISTORY,ic,617,13,0.03947880224530886,0.03192503374570903,1.236609569774225,0.21623206539451423,"HISTORICAL UK RETAIL, ISA, ACCOUNT AND BROKER ELIGIBILITY REMAIN PARTLY UNRESOLVED",0.5144777280777408
M1_EQUAL_5H,63,FULL_HISTORY,top_quintile_advantage,617,13,-0.0013616808174816406,0.00472428413351532,-0.28823008502420866,0.7731706209854252,"HISTORICAL UK RETAIL, ISA, ACCOUNT AND BROKER ELIGIBILITY REMAIN PARTLY UNRESOLVED",0.9585258752656376
M1_EQUAL_5H,63,FULL_HISTORY,rank1_advantage,617,13,0.003365514425391776,0.008284632172113667,0.4062358298441063,0.6845693300254918,"HISTORICAL UK RETAIL, ISA, ACCOUNT AND BROKER ELIGIBILITY REMAIN PARTLY UNRESOLVED",0.9540368020583583
M1_EQUAL_5H,63,POST_2020,ic,334,13,0.061568075722753905,0.04104017632350139,1.500190331480066,0.13356510702385926,"HISTORICAL UK RETAIL, ISA, ACCOUNT AND BROKER ELIGIBILITY REMAIN PARTLY UNRESOLVED",0.2003476605357889
M1_EQUAL_5H,63,POST_2020,top_quintile_advantage,334,13,0.00528903853036023,0.00697986046380025,0.7577570580086588,0.44859643404573757,"HISTORICAL UK RETAIL, ISA, ACCOUNT AND BROKER ELIGIBILITY REMAIN PARTLY UNRESOLVED",0.8149905825958204
M1_EQUAL_5H,63,POST_2020,rank1_advantage,334,13,0.012674507222110065,0.013845932319474286,0.9153957227050278,0.35998392304865723,"HISTORICAL UK RETAIL, ISA, ACCOUNT AND BROKER ELIGIBILITY REMAIN PARTLY UNRESOLVED",0.938447166646006
M1_EQUAL_5H,63,LATEST_5Y,ic,247,13,0.06001905005343619,0.048352743500968666,1.2412749661709228,0.21450418929863968,"HISTORICAL UK RETAIL, ISA, ACCOUNT AND BROKER ELIGIBILITY REMAIN PARTLY UNRESOLVED",0.34108297656467035
M1_EQUAL_5H,63,LATEST_5Y,top_quintile_advantage,247,13,0.005719755699485065,0.008786503615137409,0.6509706192610057,0.5150654530597452,"HISTORICAL UK RETAIL, ISA, ACCOUNT AND BROKER ELIGIBILITY REMAIN PARTLY UNRESOLVED",0.9148387489082973
M1_EQUAL_5H,63,LATEST_5Y,rank1_advantage,247,13,0.01123894743658763,0.01799411345075445,0.6245902287626406,0.5322400343840339,"HISTORICAL UK RETAIL, ISA, ACCOUNT AND BROKER ELIGIBILITY REMAIN PARTLY UNRESOLVED",0.99006917693114
M1_EQUAL_5H,63,LATEST_3Y,ic,144,13,0.1013147537110633,0.06186264309388107,1.6377372295152468,0.10147652078532343,"HISTORICAL UK RETAIL, ISA, ACCOUNT AND BROKER ELIGIBILITY REMAIN PARTLY UNRESOLVED",0.12532790224822193
M1_EQUAL_5H,63,LATEST_3Y,top_quintile_advantage,144,13,0.008148109257541454,0.013083737783784055,0.6227661691325086,0.5334381930074683,"HISTORICAL UK RETAIL, ISA, ACCOUNT AND BROKER ELIGIBILITY REMAIN PARTLY UNRESOLVED",0.6001179671334018
M1_EQUAL_5H,63,LATEST_3Y,rank1_advantage,144,13,0.012863825668229224,0.025615978366288896,0.5021797521955381,0.6155410844120963,"HISTORICAL UK RETAIL, ISA, ACCOUNT AND BROKER ELIGIBILITY REMAIN PARTLY UNRESOLVED",0.9921073414003485
M2_INTERMEDIATE_5H,21,FULL_HISTORY,ic,628,5,0.024005529602035065,0.024422000538579684,0.982946895120786,0.3256335758425344,"HISTORICAL UK RETAIL, ISA, ACCOUNT AND BROKER ELIGIBILITY REMAIN PARTLY UNRESOLVED",0.5144777280777408
M2_INTERMEDIATE_5H,21,FULL_HISTORY,top_quintile_advantage,628,5,0.0007108974966446191,0.0021819638980864926,0.32580625979561434,0.7445709423077815,"HISTORICAL UK RETAIL, ISA, ACCOUNT AND BROKER ELIGIBILITY REMAIN PARTLY UNRESOLVED",0.9585258752656376
M2_INTERMEDIATE_5H,21,FULL_HISTORY,rank1_advantage,628,5,-0.0006181811917573729,0.004097597020635498,-0.150864320879826,0.8800827461021756,"HISTORICAL UK RETAIL, ISA, ACCOUNT AND BROKER ELIGIBILITY REMAIN PARTLY UNRESOLVED",0.9540368020583583
M2_INTERMEDIATE_5H,21,POST_2020,ic,342,5,0.05625114051365344,0.03100143660889029,1.8144688332773031,0.06960557682280144,"HISTORICAL UK RETAIL, ISA, ACCOUNT AND BROKER ELIGIBILITY REMAIN PARTLY UNRESOLVED",0.2003476605357889
M2_INTERMEDIATE_5H,21,POST_2020,top_quintile_advantage,342,5,0.0027274375334305372,0.003355177556514522,0.812904082567808,0.416273053639461,"HISTORICAL UK RETAIL, ISA, ACCOUNT AND BROKER ELIGIBILITY REMAIN PARTLY UNRESOLVED",0.8149905825958204
M2_INTERMEDIATE_5H,21,POST_2020,rank1_advantage,342,5,-0.0005160007212612946,0.006682067563540899,-0.07722171563734688,0.9384471666460061,"HISTORICAL UK RETAIL, ISA, ACCOUNT AND BROKER ELIGIBILITY REMAIN PARTLY UNRESOLVED",0.938447166646006
M2_INTERMEDIATE_5H,21,LATEST_5Y,ic,255,5,0.0569575481810199,0.034246964416561484,1.6631415119956092,0.09628411201861442,"HISTORICAL UK RETAIL, ISA, ACCOUNT AND BROKER ELIGIBILITY REMAIN PARTLY UNRESOLVED",0.34108297656467035
M2_INTERMEDIATE_5H,21,LATEST_5Y,top_quintile_advantage,255,5,0.0031101804432495136,0.0038187952161365087,0.8144402271447528,0.4153928014360231,"HISTORICAL UK RETAIL, ISA, ACCOUNT AND BROKER ELIGIBILITY REMAIN PARTLY UNRESOLVED",0.9148387489082973
M2_INTERMEDIATE_5H,21,LATEST_5Y,rank1_advantage,255,5,0.00010030700566264913,0.008058883353752676,0.012446762319241222,0.99006917693114,"HISTORICAL UK RETAIL, ISA, ACCOUNT AND BROKER ELIGIBILITY REMAIN PARTLY UNRESOLVED",0.99006917693114
M2_INTERMEDIATE_5H,21,LATEST_3Y,ic,152,5,0.09975089032387484,0.044837086214340585,2.2247406945005888,0.026098650702612636,"HISTORICAL UK RETAIL, ISA, ACCOUNT AND BROKER ELIGIBILITY REMAIN PARTLY UNRESOLVED",0.10889239843160792
M2_INTERMEDIATE_5H,21,LATEST_3Y,top_quintile_advantage,152,5,0.007270390272762894,0.005268367425985732,1.3800082046104776,0.1675841186728766,"HISTORICAL UK RETAIL, ISA, ACCOUNT AND BROKER ELIGIBILITY REMAIN PARTLY UNRESOLVED",0.5994172833460463
M2_INTERMEDIATE_5H,21,LATEST_3Y,rank1_advantage,152,5,-0.003861814593282578,0.01103450095792146,-0.34997637029613504,0.7263564313586441,"HISTORICAL UK RETAIL, ISA, ACCOUNT AND BROKER ELIGIBILITY REMAIN PARTLY UNRESOLVED",0.9921073414003485
M2_INTERMEDIATE_5H,42,FULL_HISTORY,ic,622,9,0.021993639531939408,0.031014990840083072,0.7091293254072262,0.4782442262551725,"HISTORICAL UK RETAIL, ISA, ACCOUNT AND BROKER ELIGIBILITY REMAIN PARTLY UNRESOLVED",0.5641038604021074
M2_INTERMEDIATE_5H,42,FULL_HISTORY,top_quintile_advantage,622,9,-0.0005098965887657697,0.0035085540817942416,-0.14532955082881702,0.8844506842083366,"HISTORICAL UK RETAIL, ISA, ACCOUNT AND BROKER ELIGIBILITY REMAIN PARTLY UNRESOLVED",0.9585258752656376
M2_INTERMEDIATE_5H,42,FULL_HISTORY,rank1_advantage,622,9,0.0042895182460216804,0.006165937995357706,0.6956797569568864,0.4866294055609428,"HISTORICAL UK RETAIL, ISA, ACCOUNT AND BROKER ELIGIBILITY REMAIN PARTLY UNRESOLVED",0.9540368020583583
M2_INTERMEDIATE_5H,42,POST_2020,ic,338,9,0.04421631145597831,0.038029533023222144,1.1626835235914759,0.2449579289367021,"HISTORICAL UK RETAIL, ISA, ACCOUNT AND BROKER ELIGIBILITY REMAIN PARTLY UNRESOLVED",0.2918261105047919
M2_INTERMEDIATE_5H,42,POST_2020,top_quintile_advantage,338,9,0.0023360359254001864,0.005013351031817725,0.4659629677982461,0.6412420080385595,"HISTORICAL UK RETAIL, ISA, ACCOUNT AND BROKER ELIGIBILITY REMAIN PARTLY UNRESOLVED",0.8244540103352908
M2_INTERMEDIATE_5H,42,POST_2020,rank1_advantage,338,9,0.0072610245466082374,0.010022043905963594,0.7245053618541405,0.4687555365818099,"HISTORICAL UK RETAIL, ISA, ACCOUNT AND BROKER ELIGIBILITY REMAIN PARTLY UNRESOLVED",0.938447166646006
M2_INTERMEDIATE_5H,42,LATEST_5Y,ic,251,9,0.04276380882008101,0.04451325093040685,0.9606983971343508,0.33670383739452237,"HISTORICAL UK RETAIL, ISA, ACCOUNT AND BROKER ELIGIBILITY REMAIN PARTLY UNRESOLVED",0.41383912750592433
M2_INTERMEDIATE_5H,42,LATEST_5Y,top_quintile_advantage,251,9,0.0022546404247276736,0.006097133778648082,0.3697869370397176,0.7115412491508979,"HISTORICAL UK RETAIL, ISA, ACCOUNT AND BROKER ELIGIBILITY REMAIN PARTLY UNRESOLVED",0.9148387489082973
M2_INTERMEDIATE_5H,42,LATEST_5Y,rank1_advantage,251,9,0.010510580729321838,0.01222892611326698,0.859485177354949,0.39007289435383496,"HISTORICAL UK RETAIL, ISA, ACCOUNT AND BROKER ELIGIBILITY REMAIN PARTLY UNRESOLVED",0.99006917693114
M2_INTERMEDIATE_5H,42,LATEST_3Y,ic,148,9,0.09631962195356798,0.05838802082626028,1.6496469753646417,0.09901516117438702,"HISTORICAL UK RETAIL, ISA, ACCOUNT AND BROKER ELIGIBILITY REMAIN PARTLY UNRESOLVED",0.12532790224822193
M2_INTERMEDIATE_5H,42,LATEST_3Y,top_quintile_advantage,148,9,0.006852981688204231,0.009225685893686636,0.7428154141790038,0.45759344194122775,"HISTORICAL UK RETAIL, ISA, ACCOUNT AND BROKER ELIGIBILITY REMAIN PARTLY UNRESOLVED",0.5994172833460463
M2_INTERMEDIATE_5H,42,LATEST_3Y,rank1_advantage,148,9,0.004374735478300371,0.015690766770566963,0.2788095408126633,0.7803909921795369,"HISTORICAL UK RETAIL, ISA, ACCOUNT AND BROKER ELIGIBILITY REMAIN PARTLY UNRESOLVED",0.9921073414003485
M2_INTERMEDIATE_5H,63,FULL_HISTORY,ic,617,13,0.051584728922816445,0.03283936309589739,1.5708200177993374,0.1162244609624119,"HISTORICAL UK RETAIL, ISA, ACCOUNT AND BROKER ELIGIBILITY REMAIN PARTLY UNRESOLVED",0.5144777280777408
M2_INTERMEDIATE_5H,63,FULL_HISTORY,top_quintile_advantage,617,13,0.0017849262934869921,0.004855045607962727,0.36764356869470943,0.7131390234499264,"HISTORICAL UK RETAIL, ISA, ACCOUNT AND BROKER ELIGIBILITY REMAIN PARTLY UNRESOLVED",0.9585258752656376
M2_INTERMEDIATE_5H,63,FULL_HISTORY,rank1_advantage,617,13,0.007806364588039183,0.008740339609900383,0.8931420215293161,0.37178112202946734,"HISTORICAL UK RETAIL, ISA, ACCOUNT AND BROKER ELIGIBILITY REMAIN PARTLY UNRESOLVED",0.9540368020583583
M2_INTERMEDIATE_5H,63,POST_2020,ic,334,13,0.06694370525059884,0.04123203215698525,1.6235849107732538,0.10446442798474442,"HISTORICAL UK RETAIL, ISA, ACCOUNT AND BROKER ELIGIBILITY REMAIN PARTLY UNRESOLVED",0.2003476605357889
M2_INTERMEDIATE_5H,63,POST_2020,top_quintile_advantage,334,13,0.007615659775448639,0.007361082175398413,1.0345842627461834,0.30086310657015947,"HISTORICAL UK RETAIL, ISA, ACCOUNT AND BROKER ELIGIBILITY REMAIN PARTLY UNRESOLVED",0.8149905825958204
M2_INTERMEDIATE_5H,63,POST_2020,rank1_advantage,334,13,0.01829683244630578,0.01476114881676365,1.2395263182718403,0.21515064842842335,"HISTORICAL UK RETAIL, ISA, ACCOUNT AND BROKER ELIGIBILITY REMAIN PARTLY UNRESOLVED",0.938447166646006
M2_INTERMEDIATE_5H,63,LATEST_5Y,ic,247,13,0.06944748960052398,0.05019699412964265,1.3834989685072279,0.16651192338683685,"HISTORICAL UK RETAIL, ISA, ACCOUNT AND BROKER ELIGIBILITY REMAIN PARTLY UNRESOLVED",0.34108297656467035
M2_INTERMEDIATE_5H,63,LATEST_5Y,top_quintile_advantage,247,13,0.00973951310156709,0.009443542158811123,1.0313410940279244,0.30238089391571066,"HISTORICAL UK RETAIL, ISA, ACCOUNT AND BROKER ELIGIBILITY REMAIN PARTLY UNRESOLVED",0.9148387489082973
M2_INTERMEDIATE_5H,63,LATEST_5Y,rank1_advantage,247,13,0.020382409157421275,0.019198075863204798,1.0616902080529007,0.288376346099267,"HISTORICAL UK RETAIL, ISA, ACCOUNT AND BROKER ELIGIBILITY REMAIN PARTLY UNRESOLVED",0.99006917693114
M2_INTERMEDIATE_5H,63,LATEST_3Y,ic,144,13,0.11357079971371412,0.06461703781337061,1.757598360384975,0.07881587253510047,"HISTORICAL UK RETAIL, ISA, ACCOUNT AND BROKER ELIGIBILITY REMAIN PARTLY UNRESOLVED",0.12532790224822193
M2_INTERMEDIATE_5H,63,LATEST_3Y,top_quintile_advantage,144,13,0.01296493974760938,0.015122564761467455,0.8573241346364912,0.3912657738926373,"HISTORICAL UK RETAIL, ISA, ACCOUNT AND BROKER ELIGIBILITY REMAIN PARTLY UNRESOLVED",0.5994172833460463
M2_INTERMEDIATE_5H,63,LATEST_3Y,rank1_advantage,144,13,0.016147309727765506,0.028111415234847028,0.5744040132049002,0.5656944378224655,"HISTORICAL UK RETAIL, ISA, ACCOUNT AND BROKER ELIGIBILITY REMAIN PARTLY UNRESOLVED",0.9921073414003485
M3_STRUCTURAL_DETERIORATION,21,FULL_HISTORY,ic,628,5,0.02318593703953171,0.024450427760283118,0.9482834929045526,0.3429851520518272,"HISTORICAL UK RETAIL, ISA, ACCOUNT AND BROKER ELIGIBILITY REMAIN PARTLY UNRESOLVED",0.5144777280777408
M3_STRUCTURAL_DETERIORATION,21,FULL_HISTORY,top_quintile_advantage,628,5,0.00011373670700272378,0.0021870956090422004,0.05200353680584305,0.9585258752656376,"HISTORICAL UK RETAIL, ISA, ACCOUNT AND BROKER ELIGIBILITY REMAIN PARTLY UNRESOLVED",0.9585258752656376
M3_STRUCTURAL_DETERIORATION,21,FULL_HISTORY,rank1_advantage,628,5,-0.0009994574632643705,0.004116984592019537,-0.24276444104302528,0.8081878835482259,"HISTORICAL UK RETAIL, ISA, ACCOUNT AND BROKER ELIGIBILITY REMAIN PARTLY UNRESOLVED",0.9540368020583583
M3_STRUCTURAL_DETERIORATION,21,POST_2020,ic,342,5,0.05403101686602957,0.031248252982749535,1.7290892036702712,0.08379313112638376,"HISTORICAL UK RETAIL, ISA, ACCOUNT AND BROKER ELIGIBILITY REMAIN PARTLY UNRESOLVED",0.2003476605357889
M3_STRUCTURAL_DETERIORATION,21,POST_2020,top_quintile_advantage,342,5,0.0024160126709825295,0.0033189688404981674,0.7279407512062973,0.46664985602705134,"HISTORICAL UK RETAIL, ISA, ACCOUNT AND BROKER ELIGIBILITY REMAIN PARTLY UNRESOLVED",0.8149905825958204
M3_STRUCTURAL_DETERIORATION,21,POST_2020,rank1_advantage,342,5,-0.0008242059883123886,0.0067515488338933385,-0.12207657955087368,0.9028383699436251,"HISTORICAL UK RETAIL, ISA, ACCOUNT AND BROKER ELIGIBILITY REMAIN PARTLY UNRESOLVED",0.938447166646006
M3_STRUCTURAL_DETERIORATION,21,LATEST_5Y,ic,255,5,0.05337998237457629,0.03421370654688414,1.560192909862835,0.11871430063353916,"HISTORICAL UK RETAIL, ISA, ACCOUNT AND BROKER ELIGIBILITY REMAIN PARTLY UNRESOLVED",0.34108297656467035
M3_STRUCTURAL_DETERIORATION,21,LATEST_5Y,top_quintile_advantage,255,5,0.002498249666632175,0.003762346225741354,0.6640137607590608,0.5066815038199528,"HISTORICAL UK RETAIL, ISA, ACCOUNT AND BROKER ELIGIBILITY REMAIN PARTLY UNRESOLVED",0.9148387489082973
M3_STRUCTURAL_DETERIORATION,21,LATEST_5Y,rank1_advantage,255,5,0.00027150788702734203,0.008118615013565516,0.033442636037510756,0.9733216100217232,"HISTORICAL UK RETAIL, ISA, ACCOUNT AND BROKER ELIGIBILITY REMAIN PARTLY UNRESOLVED",0.99006917693114
M3_STRUCTURAL_DETERIORATION,21,LATEST_3Y,ic,152,5,0.09354492119003947,0.04468181247668652,2.093579378384619,0.036297466143869306,"HISTORICAL UK RETAIL, ISA, ACCOUNT AND BROKER ELIGIBILITY REMAIN PARTLY UNRESOLVED",0.10889239843160792
M3_STRUCTURAL_DETERIORATION,21,LATEST_3Y,top_quintile_advantage,152,5,0.006400592833374574,0.005135518212996716,1.2463382599201518,0.21264023723964987,"HISTORICAL UK RETAIL, ISA, ACCOUNT AND BROKER ELIGIBILITY REMAIN PARTLY UNRESOLVED",0.5994172833460463
M3_STRUCTURAL_DETERIORATION,21,LATEST_3Y,rank1_advantage,152,5,-0.0012358435888442654,0.01079775933052139,-0.1144537075716236,0.9088781411821338,"HISTORICAL UK RETAIL, ISA, ACCOUNT AND BROKER ELIGIBILITY REMAIN PARTLY UNRESOLVED",0.9921073414003485
M3_STRUCTURAL_DETERIORATION,42,FULL_HISTORY,ic,622,9,0.019989942531842025,0.030797278818664224,0.649081454551349,0.5162857282706006,"HISTORICAL UK RETAIL, ISA, ACCOUNT AND BROKER ELIGIBILITY REMAIN PARTLY UNRESOLVED",0.5641038604021074
M3_STRUCTURAL_DETERIORATION,42,FULL_HISTORY,top_quintile_advantage,622,9,-0.0010927383340012151,0.0034076486587277404,-0.3206722416063848,0.7484587852201772,"HISTORICAL UK RETAIL, ISA, ACCOUNT AND BROKER ELIGIBILITY REMAIN PARTLY UNRESOLVED",0.9585258752656376
M3_STRUCTURAL_DETERIORATION,42,FULL_HISTORY,rank1_advantage,622,9,0.0014927454149688741,0.00601671169411822,0.24809987429315303,0.8040571328765449,"HISTORICAL UK RETAIL, ISA, ACCOUNT AND BROKER ELIGIBILITY REMAIN PARTLY UNRESOLVED",0.9540368020583583
M3_STRUCTURAL_DETERIORATION,42,POST_2020,ic,338,9,0.04014679320491305,0.03808545290982021,1.0541240851191593,0.2918261105047919,"HISTORICAL UK RETAIL, ISA, ACCOUNT AND BROKER ELIGIBILITY REMAIN PARTLY UNRESOLVED",0.2918261105047919
M3_STRUCTURAL_DETERIORATION,42,POST_2020,top_quintile_advantage,338,9,0.00135596991709732,0.004973313581980537,0.2726491894680263,0.7851228961738879,"HISTORICAL UK RETAIL, ISA, ACCOUNT AND BROKER ELIGIBILITY REMAIN PARTLY UNRESOLVED",0.8832632581956239
M3_STRUCTURAL_DETERIORATION,42,POST_2020,rank1_advantage,338,9,0.0037201635090452884,0.009856316445509957,0.377439536322924,0.7058469900713633,"HISTORICAL UK RETAIL, ISA, ACCOUNT AND BROKER ELIGIBILITY REMAIN PARTLY UNRESOLVED",0.938447166646006
M3_STRUCTURAL_DETERIORATION,42,LATEST_5Y,ic,251,9,0.03593499244668814,0.043975667341802846,0.8171562734314365,0.41383912750592433,"HISTORICAL UK RETAIL, ISA, ACCOUNT AND BROKER ELIGIBILITY REMAIN PARTLY UNRESOLVED",0.41383912750592433
M3_STRUCTURAL_DETERIORATION,42,LATEST_5Y,top_quintile_advantage,251,9,0.0012044680362283406,0.006073269160760771,0.19832284793342872,0.8427924766439856,"HISTORICAL UK RETAIL, ISA, ACCOUNT AND BROKER ELIGIBILITY REMAIN PARTLY UNRESOLVED",0.9481415362244838
M3_STRUCTURAL_DETERIORATION,42,LATEST_5Y,rank1_advantage,251,9,0.0066061664910193295,0.012123355809319369,0.5449123654311202,0.5858137912942867,"HISTORICAL UK RETAIL, ISA, ACCOUNT AND BROKER ELIGIBILITY REMAIN PARTLY UNRESOLVED",0.99006917693114
M3_STRUCTURAL_DETERIORATION,42,LATEST_3Y,ic,148,9,0.08676239893915622,0.05754947643810467,1.5076140446294153,0.13165333608522634,"HISTORICAL UK RETAIL, ISA, ACCOUNT AND BROKER ELIGIBILITY REMAIN PARTLY UNRESOLVED",0.13165333608522634
M3_STRUCTURAL_DETERIORATION,42,LATEST_3Y,top_quintile_advantage,148,9,0.006483780619374356,0.008898300352776401,0.7286538285203332,0.46621344260248043,"HISTORICAL UK RETAIL, ISA, ACCOUNT AND BROKER ELIGIBILITY REMAIN PARTLY UNRESOLVED",0.5994172833460463
M3_STRUCTURAL_DETERIORATION,42,LATEST_3Y,rank1_advantage,148,9,0.000454494031177465,0.01479159546104665,0.03072650495170486,0.9754876532440138,"HISTORICAL UK RETAIL, ISA, ACCOUNT AND BROKER ELIGIBILITY REMAIN PARTLY UNRESOLVED",0.9921073414003485
M3_STRUCTURAL_DETERIORATION,63,FULL_HISTORY,ic,617,13,0.04329936084345811,0.03315570699543473,1.3059399049889082,0.19157299477066414,"HISTORICAL UK RETAIL, ISA, ACCOUNT AND BROKER ELIGIBILITY REMAIN PARTLY UNRESOLVED",0.5144777280777408
M3_STRUCTURAL_DETERIORATION,63,FULL_HISTORY,top_quintile_advantage,617,13,0.0008965014514853033,0.004891524411531637,0.18327649543602914,0.8545810759419774,"HISTORICAL UK RETAIL, ISA, ACCOUNT AND BROKER ELIGIBILITY REMAIN PARTLY UNRESOLVED",0.9585258752656376
M3_STRUCTURAL_DETERIORATION,63,FULL_HISTORY,rank1_advantage,617,13,0.0051703866562001774,0.008225006609904823,0.6286179332638868,0.5295992169306856,"HISTORICAL UK RETAIL, ISA, ACCOUNT AND BROKER ELIGIBILITY REMAIN PARTLY UNRESOLVED",0.9540368020583583
M3_STRUCTURAL_DETERIORATION,63,POST_2020,ic,334,13,0.06346474874175748,0.042029280652477845,1.5100127281863411,0.13104017640990584,"HISTORICAL UK RETAIL, ISA, ACCOUNT AND BROKER ELIGIBILITY REMAIN PARTLY UNRESOLVED",0.2003476605357889
M3_STRUCTURAL_DETERIORATION,63,POST_2020,top_quintile_advantage,334,13,0.007581791428765579,0.007408009139447362,1.0234587034177418,0.30609101587796217,"HISTORICAL UK RETAIL, ISA, ACCOUNT AND BROKER ELIGIBILITY REMAIN PARTLY UNRESOLVED",0.8149905825958204
M3_STRUCTURAL_DETERIORATION,63,POST_2020,rank1_advantage,334,13,0.014031795644591703,0.01375199954577512,1.0203458484626362,0.3075644662341417,"HISTORICAL UK RETAIL, ISA, ACCOUNT AND BROKER ELIGIBILITY REMAIN PARTLY UNRESOLVED",0.938447166646006
M3_STRUCTURAL_DETERIORATION,63,LATEST_5Y,ic,247,13,0.061145995206292526,0.05065474242976025,1.2071129429012464,0.22738865104311357,"HISTORICAL UK RETAIL, ISA, ACCOUNT AND BROKER ELIGIBILITY REMAIN PARTLY UNRESOLVED",0.34108297656467035
M3_STRUCTURAL_DETERIORATION,63,LATEST_5Y,top_quintile_advantage,247,13,0.008825978951090179,0.009445853664807305,0.9343759986430223,0.3501099739893545,"HISTORICAL UK RETAIL, ISA, ACCOUNT AND BROKER ELIGIBILITY REMAIN PARTLY UNRESOLVED",0.9148387489082973
M3_STRUCTURAL_DETERIORATION,63,LATEST_5Y,rank1_advantage,247,13,0.015546042546399663,0.017986161768464074,0.8643335218777595,0.3874047003426895,"HISTORICAL UK RETAIL, ISA, ACCOUNT AND BROKER ELIGIBILITY REMAIN PARTLY UNRESOLVED",0.99006917693114
M3_STRUCTURAL_DETERIORATION,63,LATEST_3Y,ic,144,13,0.10235295425385255,0.06429526940383958,1.5919204508028744,0.11140257977619727,"HISTORICAL UK RETAIL, ISA, ACCOUNT AND BROKER ELIGIBILITY REMAIN PARTLY UNRESOLVED",0.12532790224822193
M3_STRUCTURAL_DETERIORATION,63,LATEST_3Y,top_quintile_advantage,144,13,0.012769119620896536,0.014666235888091069,0.8706473643496363,0.3839467264317782,"HISTORICAL UK RETAIL, ISA, ACCOUNT AND BROKER ELIGIBILITY REMAIN PARTLY UNRESOLVED",0.5994172833460463
M3_STRUCTURAL_DETERIORATION,63,LATEST_3Y,rank1_advantage,144,13,0.012884336704327311,0.02497303947573273,0.5159298577510968,0.6059033996037635,"HISTORICAL UK RETAIL, ISA, ACCOUNT AND BROKER ELIGIBILITY REMAIN PARTLY UNRESOLVED",0.9921073414003485
