economic_exposure_family_id,economic_exposure_name,universe_tier,opportunity_type,asset_class,sub_asset_class,a0_primary_geography,a0_geographic_scope,sector,industry,economic_theme,deepvue_theme,intended_rotation_role,primary_rotation_role,rotation_pool_id,primary_competition_pool_id,parent_exposure_family_id,secondary_parent_exposure_family_id,overlap_cluster_id,overlap_basis,breadth_level,economic_beta_cluster,selectable_flag,benchmark_only_flag,primary_equity_competition_flag,research_data_ready_flag,a2_lineage_validation_status,a2_lineage_issue,valid_return_observations,research_maturity,shorter_than_504_observations,recovered_by_dynamic_admission,data_quality_flags,warning,earliest_valid_21_session_signal_date,earliest_valid_42_session_signal_date,earliest_valid_63_session_signal_date,earliest_valid_126_session_signal_date,earliest_valid_252_session_signal_date
ASIA_PACIFIC_EX_JAPAN,Asia-Pacific equities excluding Japan,EXTENDED,GEOGRAPHY,EQUITY,BROAD_MARKET_EQUITY,ASIA_PACIFIC_EX_JAPAN,REGION,BROAD_MARKET,BROAD_MARKET,NOT_APPLICABLE,NOT_APPLICABLE,BROAD_GEOGRAPHY_ROTATION,BROAD_GEOGRAPHY_ROTATION,POOL_REGIONAL_SATELLITES,POOL_REGIONAL_SATELLITES,GLOBAL_ALL_WORLD,NOT_APPLICABLE,OVL_EMERGING_ASIA_EQUITY,COMMON_GEOGRAPHIC_BETA,BROAD_REGION,BETA_GLOBAL_OR_OTHER_EQUITY,YES,NO,YES,YES,PASS,NOT_APPLICABLE,2272,MATURE,NO,NO,HISTORICAL_ELIGIBILITY_UNRESOLVED;NOT_APPLICABLE,CURRENT ELIGIBILITY MUST NOT BE BACK-PROJECTED HISTORICALLY,2017-07-19,2017-08-17,2017-09-21,2017-12-29,2018-07-04
BROAD_COMMODITIES,Broad diversified commodity basket,EXPERIMENTAL,DEFENSIVE_DIVERSIFIER,COMMODITY,BROAD_COMMODITY_ETC_ETF,GLOBAL,GLOBAL_COMMODITY,NOT_APPLICABLE,NOT_APPLICABLE,NOT_APPLICABLE,NOT_APPLICABLE,DEFENSIVE_REFERENCE,DEFENSIVE_REFERENCE,POOL_DEFENSIVE_REAL_ASSETS,POOL_DEFENSIVE_REAL_ASSETS,NOT_APPLICABLE,NOT_APPLICABLE,OVL_BROAD_COMMODITIES,BROAD_INDEX_VERSUS_COMPONENTS,DEFENSIVE_ASSET,BETA_REAL_ASSET,YES,NO,NO,YES,PASS,NOT_APPLICABLE,4711,MATURE,NO,NO,HISTORICAL_ELIGIBILITY_UNRESOLVED;NOT_APPLICABLE,CURRENT ELIGIBILITY MUST NOT BE BACK-PROJECTED HISTORICALLY,2007-04-27,2007-06-04,2007-07-09,2007-10-12,2008-04-30
CANADA,Broad Canadian equities,EXTENDED,GEOGRAPHY,EQUITY,BROAD_MARKET_EQUITY,CANADA,SINGLE_COUNTRY,BROAD_MARKET,BROAD_MARKET,NOT_APPLICABLE,NOT_APPLICABLE,COUNTRY_ROTATION,COUNTRY_ROTATION,POOL_COUNTRY_ROTATION,POOL_COUNTRY_ROTATION,GLOBAL_DEVELOPED_WORLD,NOT_APPLICABLE,OVL_GLOBAL_BROAD_EQUITY,BROAD_INDEX_VERSUS_NARROW_SUBSET,SINGLE_COUNTRY,BETA_GLOBAL_OR_OTHER_EQUITY,YES,NO,YES,YES,PASS,NOT_APPLICABLE,3530,MATURE,NO,NO,HISTORICAL_ELIGIBILITY_UNRESOLVED;NOT_APPLICABLE,CURRENT ELIGIBILITY MUST NOT BE BACK-PROJECTED HISTORICALLY,2011-04-14,2011-06-03,2011-07-20,2011-11-17,2012-11-26
CHINA_A_SHARES,Mainland China A-shares,EXTENDED,GEOGRAPHY,EQUITY,BROAD_MARKET_EQUITY,CHINA,SINGLE_COUNTRY,BROAD_MARKET,BROAD_MARKET,NOT_APPLICABLE,NOT_APPLICABLE,COUNTRY_ROTATION,COUNTRY_ROTATION,POOL_COUNTRY_CHINA_IMPLEMENTATIONS,POOL_COUNTRY_CHINA_IMPLEMENTATIONS,CHINA_BROAD,EMERGING_MARKETS,OVL_CHINA_EQUITY,BROAD_INDEX_VERSUS_NARROW_SUBSET,SINGLE_COUNTRY,BETA_EMERGING_ASIA_EQUITY,YES,NO,YES,YES,PASS,NOT_APPLICABLE,3137,MATURE,NO,NO,HISTORICAL_ELIGIBILITY_UNRESOLVED;NOT_APPLICABLE,CURRENT ELIGIBILITY MUST NOT BE BACK-PROJECTED HISTORICALLY,2014-03-06,2014-04-04,2014-05-08,2014-08-06,2015-02-04
CHINA_INTERNET,China internet and digital economy,EXPERIMENTAL,THEMATIC,EQUITY,THEMATIC_EQUITY,CHINA,SINGLE_COUNTRY,COMMUNICATION_SERVICES,INTERNET_SERVICES,CHINA_INTERNET,China Internet,THEME_ROTATION,THEME_ROTATION,POOL_CHINA_THEMES,POOL_CHINA_THEMES,CHINA_BROAD,EMERGING_ASIA,OVL_TECHNOLOGY_INNOVATION,STRONG_PARENT_CHILD_OR_THEMATIC_OVERLAP,THEME,BETA_COMMUNICATION_SERVICES,YES,NO,YES,YES,PASS,NOT_APPLICABLE,1462,MATURE,NO,NO,HISTORICAL_ELIGIBILITY_UNRESOLVED;NOT_APPLICABLE,CURRENT ELIGIBILITY MUST NOT BE BACK-PROJECTED HISTORICALLY,2020-11-03,2020-12-02,2021-01-06,2021-04-07,2021-10-08
DEVELOPED_ASIA_PACIFIC,Developed Asia-Pacific equities,EXTENDED,GEOGRAPHY,EQUITY,BROAD_MARKET_EQUITY,DEVELOPED_ASIA_PACIFIC,REGION,BROAD_MARKET,BROAD_MARKET,NOT_APPLICABLE,NOT_APPLICABLE,BROAD_GEOGRAPHY_ROTATION,BROAD_GEOGRAPHY_ROTATION,POOL_BROAD_GEOGRAPHY_PRIMARY,POOL_BROAD_GEOGRAPHY_PRIMARY,GLOBAL_DEVELOPED_WORLD,NOT_APPLICABLE,OVL_GLOBAL_BROAD_EQUITY,BROAD_INDEX_VERSUS_NARROW_SUBSET,BROAD_REGION,BETA_GLOBAL_OR_OTHER_EQUITY,YES,NO,YES,YES,PASS_WITH_SCOPE_LIMITATION,Implementation is developed Pacific ex-Japan; effective scope must be displayed explicitly,4155,MATURE,NO,NO,HISTORICAL_ELIGIBILITY_UNRESOLVED;NOT_APPLICABLE;SCOPE_LIMITED_IMPLEMENTATION,CURRENT ELIGIBILITY MUST NOT BE BACK-PROJECTED HISTORICALLY,2009-11-02,2009-12-07,2010-01-21,2010-04-29,2010-12-02
EMERGING_ASIA,Emerging Asian equities,EXTENDED,GEOGRAPHY,EQUITY,BROAD_MARKET_EQUITY,EMERGING_ASIA,REGION,BROAD_MARKET,BROAD_MARKET,NOT_APPLICABLE,NOT_APPLICABLE,BROAD_GEOGRAPHY_ROTATION,BROAD_GEOGRAPHY_ROTATION,POOL_REGIONAL_SATELLITES,POOL_REGIONAL_SATELLITES,EMERGING_MARKETS,NOT_APPLICABLE,OVL_EMERGING_ASIA_EQUITY,COMMON_GEOGRAPHIC_BETA,BROAD_REGION,BETA_EMERGING_ASIA_EQUITY,YES,NO,YES,YES,PASS,NOT_APPLICABLE,3362,MATURE,NO,NO,HISTORICAL_ELIGIBILITY_UNRESOLVED;NOT_APPLICABLE,CURRENT ELIGIBILITY MUST NOT BE BACK-PROJECTED HISTORICALLY,2012-07-30,2013-05-20,2013-06-19,2013-09-17,2014-03-17
EMERGING_MARKETS,Broad emerging-market equities,CORE,GEOGRAPHY,EQUITY,BROAD_MARKET_EQUITY,EMERGING_MARKETS,MULTI_REGION,BROAD_MARKET,BROAD_MARKET,NOT_APPLICABLE,NOT_APPLICABLE,BROAD_GEOGRAPHY_ROTATION,BROAD_GEOGRAPHY_ROTATION,POOL_BROAD_GEOGRAPHY_PRIMARY,POOL_BROAD_GEOGRAPHY_PRIMARY,GLOBAL_ALL_WORLD,NOT_APPLICABLE,OVL_EMERGING_ASIA_EQUITY,COMMON_GEOGRAPHIC_BETA,BROAD_REGION,BETA_EMERGING_ASIA_EQUITY,YES,NO,YES,YES,PASS,NOT_APPLICABLE,3534,MATURE,NO,NO,HISTORICAL_ELIGIBILITY_UNRESOLVED;NOT_APPLICABLE,CURRENT ELIGIBILITY MUST NOT BE BACK-PROJECTED HISTORICALLY,2012-08-03,2012-09-10,2012-10-09,2013-01-11,2013-07-12
EUROPE_AEROSPACE_DEFENCE,Aerospace and defence businesses,EXTENDED,THEMATIC,EQUITY,INDUSTRY_EQUITY,EUROPE,REGION,INDUSTRIALS,AEROSPACE_AND_DEFENCE,DEFENCE,Aerospace,THEME_ROTATION,THEME_ROTATION,POOL_EUROPE_THEMES,POOL_EUROPE_THEMES,EUROPE_INDUSTRIALS,EUROPE_BROAD,OVL_INDUSTRIAL_DEFENCE_INFRA,STRONG_PARENT_CHILD_OR_THEMATIC_OVERLAP,THEME,BETA_INDUSTRIALS,YES,NO,YES,YES,PASS,NOT_APPLICABLE,916,DEVELOPING,NO,NO,HISTORICAL_ELIGIBILITY_UNRESOLVED;NOT_APPLICABLE,CURRENT ELIGIBILITY MUST NOT BE BACK-PROJECTED HISTORICALLY,2020-03-02,2020-11-06,2021-01-28,2021-10-20,2022-07-18
EUROPE_BANKS,Europe banking industry,EXTENDED,SECTOR_INDUSTRY,EQUITY,INDUSTRY_EQUITY,EUROPE,REGION,FINANCIALS,BANKS,NOT_APPLICABLE,Banks,INDUSTRY_ROTATION,INDUSTRY_ROTATION,POOL_EUROPE_INDUSTRIES,POOL_EUROPE_INDUSTRIES,EUROPE_FINANCIALS,NOT_APPLICABLE,OVL_FINANCIALS_AND_BANKS,STRONG_PARENT_CHILD_OVERLAP,INDUSTRY_OR_SUBSECTOR,BETA_FINANCIALS,YES,NO,YES,YES,PASS,NOT_APPLICABLE,2953,MATURE,NO,NO,HISTORICAL_ELIGIBILITY_UNRESOLVED;NOT_APPLICABLE,CURRENT ELIGIBILITY MUST NOT BE BACK-PROJECTED HISTORICALLY,2014-11-26,2014-12-29,2015-01-28,2015-04-29,2015-10-27
EUROPE_BROAD,Broad developed European equities,CORE,GEOGRAPHY,EQUITY,BROAD_MARKET_EQUITY,EUROPE,REGION,BROAD_MARKET,BROAD_MARKET,NOT_APPLICABLE,NOT_APPLICABLE,BROAD_GEOGRAPHY_ROTATION,BROAD_GEOGRAPHY_ROTATION,POOL_BROAD_GEOGRAPHY_PRIMARY,POOL_BROAD_GEOGRAPHY_PRIMARY,GLOBAL_DEVELOPED_WORLD,NOT_APPLICABLE,OVL_EUROPE_BROAD_EQUITY,COMMON_GEOGRAPHIC_BETA,BROAD_REGION,BETA_EUROPE_EQUITY,YES,NO,YES,YES,PASS,NOT_APPLICABLE,3392,MATURE,NO,NO,HISTORICAL_ELIGIBILITY_UNRESOLVED;NOT_APPLICABLE,CURRENT ELIGIBILITY MUST NOT BE BACK-PROJECTED HISTORICALLY,2011-02-07,2011-08-11,2012-03-29,2013-06-07,2014-01-24
EUROPE_CONSUMER_STAPLES,Broad consumer-staples sector,CORE,SECTOR_INDUSTRY,EQUITY,SECTOR_EQUITY,EUROPE,REGION,CONSUMER_STAPLES,BROAD_SECTOR,NOT_APPLICABLE,NOT_APPLICABLE,SECTOR_ROTATION,SECTOR_ROTATION,POOL_EUROPE_BROAD_SECTORS,POOL_EUROPE_BROAD_SECTORS,EUROPE_BROAD,NOT_APPLICABLE,OVL_CONSUMER_AND_RETAIL,COMMON_SECTOR_BETA,BROAD_SECTOR,BETA_CONSUMER_STAPLES,YES,NO,YES,YES,PASS,NOT_APPLICABLE,2852,MATURE,NO,NO,HISTORICAL_ELIGIBILITY_UNRESOLVED;NOT_APPLICABLE,CURRENT ELIGIBILITY MUST NOT BE BACK-PROJECTED HISTORICALLY,2015-01-14,2015-02-12,2015-03-13,2015-06-16,2015-12-10
EUROPE_EX_UK,Developed Europe excluding the UK,CORE,GEOGRAPHY,EQUITY,BROAD_MARKET_EQUITY,EUROPE_EX_UK,REGION,BROAD_MARKET,BROAD_MARKET,NOT_APPLICABLE,NOT_APPLICABLE,BROAD_GEOGRAPHY_ROTATION,BROAD_GEOGRAPHY_ROTATION,POOL_REGIONAL_SATELLITES,POOL_REGIONAL_SATELLITES,EUROPE_BROAD,GLOBAL_DEVELOPED_WORLD,OVL_EUROPE_BROAD_EQUITY,COMMON_GEOGRAPHIC_BETA,BROAD_REGION,BETA_EUROPE_EQUITY,YES,NO,YES,YES,PASS,NOT_APPLICABLE,2231,MATURE,NO,NO,HISTORICAL_ELIGIBILITY_UNRESOLVED;NOT_APPLICABLE,CURRENT ELIGIBILITY MUST NOT BE BACK-PROJECTED HISTORICALLY,2017-09-19,2017-10-20,2017-11-24,2018-02-26,2018-08-31
EUROPE_INFRASTRUCTURE,Europe listed infrastructure,EXTENDED,THEMATIC,INFRASTRUCTURE,LISTED_INFRASTRUCTURE_EQUITY,EUROPE,REGION,INDUSTRIALS,INFRASTRUCTURE,INFRASTRUCTURE,NOT_APPLICABLE,THEME_ROTATION,THEME_ROTATION,POOL_EUROPE_THEMES,POOL_EUROPE_THEMES,EUROPE_INDUSTRIALS,EUROPE_BROAD,OVL_INDUSTRIAL_DEFENCE_INFRA,STRONG_PARENT_CHILD_OR_THEMATIC_OVERLAP,THEME,BETA_INDUSTRIALS,YES,NO,YES,YES,PASS,NOT_APPLICABLE,131,NEW,YES,YES,HISTORICAL_ELIGIBILITY_UNRESOLVED;NOT_APPLICABLE,CURRENT ELIGIBILITY MUST NOT BE BACK-PROJECTED HISTORICALLY,2026-03-12,2026-04-14,2026-05-15,2026-08-14,
EUROZONE,Eurozone equities,CORE,GEOGRAPHY,EQUITY,BROAD_MARKET_EQUITY,EUROZONE,REGION,BROAD_MARKET,BROAD_MARKET,NOT_APPLICABLE,NOT_APPLICABLE,BROAD_GEOGRAPHY_ROTATION,BROAD_GEOGRAPHY_ROTATION,POOL_BROAD_GEOGRAPHY_PRIMARY,POOL_BROAD_GEOGRAPHY_PRIMARY,EUROPE_BROAD,NOT_APPLICABLE,OVL_EUROPE_BROAD_EQUITY,COMMON_GEOGRAPHIC_BETA,BROAD_REGION,BETA_EUROPE_EQUITY,YES,NO,YES,YES,PASS,NOT_APPLICABLE,3415,MATURE,NO,NO,HISTORICAL_ELIGIBILITY_UNRESOLVED;NOT_APPLICABLE,CURRENT ELIGIBILITY MUST NOT BE BACK-PROJECTED HISTORICALLY,2012-04-18,2012-06-29,2012-10-12,2013-07-04,2014-01-02
EUROZONE_USD_HEDGED,Eurozone equities hedged to USD,EXTENDED,GEOGRAPHY,EQUITY,BROAD_MARKET_EQUITY,EUROZONE,REGION,BROAD_MARKET,BROAD_MARKET,NOT_APPLICABLE,NOT_APPLICABLE,BROAD_GEOGRAPHY_ROTATION,BROAD_GEOGRAPHY_ROTATION,POOL_HEDGED_GEOGRAPHY_VARIANTS,POOL_HEDGED_GEOGRAPHY_VARIANTS,EUROZONE,NOT_APPLICABLE,OVL_EUROPE_BROAD_EQUITY,COMMON_GEOGRAPHIC_BETA,BROAD_REGION,BETA_EUROPE_EQUITY,YES,NO,YES,YES,PASS,NOT_APPLICABLE,2525,MATURE,NO,NO,HISTORICAL_ELIGIBILITY_UNRESOLVED;NOT_APPLICABLE,CURRENT ELIGIBILITY MUST NOT BE BACK-PROJECTED HISTORICALLY,2015-10-28,2015-12-11,2016-01-20,2016-06-13,2017-03-01
EUR_OVERNIGHT_CASH,Euro overnight-rate exposure,EXTENDED,DEFENSIVE_DIVERSIFIER,CASH_LIKE,OVERNIGHT_RATE,EUROZONE,REGION,NOT_APPLICABLE,NOT_APPLICABLE,NOT_APPLICABLE,NOT_APPLICABLE,DEFENSIVE_REFERENCE,DEFENSIVE_REFERENCE,POOL_DEFENSIVE_CASH_LIKE,POOL_DEFENSIVE_CASH_LIKE,NOT_APPLICABLE,NOT_APPLICABLE,OVL_CASH_AND_SHORT_RATES,COMMON_RATE_BETA,DEFENSIVE_ASSET,BETA_CASH_RATE,YES,NO,NO,YES,PASS,NOT_APPLICABLE,2863,MATURE,NO,NO,HISTORICAL_ELIGIBILITY_UNRESOLVED;NOT_APPLICABLE,CURRENT ELIGIBILITY MUST NOT BE BACK-PROJECTED HISTORICALLY,2015-04-01,2015-05-05,2015-06-04,2015-09-02,2016-03-07
GBP_CORPORATE_IG,Sterling investment-grade corporate bonds,CORE,DEFENSIVE_DIVERSIFIER,CORPORATE_BOND,INVESTMENT_GRADE_CORPORATE_BOND,GLOBAL,GBP_ISSUANCE,NOT_APPLICABLE,NOT_APPLICABLE,NOT_APPLICABLE,NOT_APPLICABLE,DEFENSIVE_REFERENCE,DEFENSIVE_REFERENCE,POOL_DEFENSIVE_FIXED_INCOME,POOL_DEFENSIVE_FIXED_INCOME,NOT_APPLICABLE,NOT_APPLICABLE,OVL_STERLING_FIXED_INCOME,COMMON_DURATION_CREDIT_BETA,DEFENSIVE_ASSET,BETA_FIXED_INCOME,YES,NO,NO,YES,PASS,NOT_APPLICABLE,5620,MATURE,NO,NO,HISTORICAL_ELIGIBILITY_UNRESOLVED;NOT_APPLICABLE,CURRENT ELIGIBILITY MUST NOT BE BACK-PROJECTED HISTORICALLY,2004-05-13,2004-06-14,2004-07-13,2004-10-11,2005-04-12
GLOBAL_AEROSPACE_DEFENCE,Aerospace and defence businesses,EXTENDED,THEMATIC,EQUITY,INDUSTRY_EQUITY,GLOBAL,GLOBAL,INDUSTRIALS,AEROSPACE_AND_DEFENCE,DEFENCE,Aerospace,THEME_ROTATION,THEME_ROTATION,POOL_GLOBAL_THEMES,POOL_GLOBAL_THEMES,GLOBAL_INDUSTRIALS,NOT_APPLICABLE,OVL_INDUSTRIAL_DEFENCE_INFRA,STRONG_PARENT_CHILD_OR_THEMATIC_OVERLAP,THEME,BETA_INDUSTRIALS,YES,NO,YES,YES,PASS,NOT_APPLICABLE,484,NEW,YES,YES,HISTORICAL_ELIGIBILITY_UNRESOLVED;NOT_APPLICABLE,CURRENT ELIGIBILITY MUST NOT BE BACK-PROJECTED HISTORICALLY,2024-10-15,2024-11-13,2024-12-12,2025-03-14,2025-09-18
GLOBAL_AGGREGATE_BONDS_GBP_HEDGED,Global aggregate bonds hedged to sterling,CORE,DEFENSIVE_DIVERSIFIER,AGGREGATE_BOND,GLOBAL_AGGREGATE_BOND,GLOBAL,GLOBAL,NOT_APPLICABLE,NOT_APPLICABLE,NOT_APPLICABLE,NOT_APPLICABLE,DEFENSIVE_REFERENCE,DEFENSIVE_REFERENCE,POOL_DEFENSIVE_FIXED_INCOME,POOL_DEFENSIVE_FIXED_INCOME,NOT_APPLICABLE,NOT_APPLICABLE,OVL_STERLING_FIXED_INCOME,COMMON_DURATION_CREDIT_BETA,DEFENSIVE_ASSET,BETA_FIXED_INCOME,YES,NO,NO,YES,PASS,NOT_APPLICABLE,2177,MATURE,NO,NO,HISTORICAL_ELIGIBILITY_UNRESOLVED;NOT_APPLICABLE,CURRENT ELIGIBILITY MUST NOT BE BACK-PROJECTED HISTORICALLY,2017-12-28,2018-01-29,2018-02-27,2018-06-04,2018-11-29
GLOBAL_AGRIBUSINESS,Agricultural inputs and food value chain,EXPERIMENTAL,THEMATIC,EQUITY,THEMATIC_EQUITY,GLOBAL,GLOBAL,CONSUMER_STAPLES,AGRIBUSINESS,AGRIBUSINESS,NOT_APPLICABLE,THEME_ROTATION,THEME_ROTATION,POOL_GLOBAL_THEMES,POOL_GLOBAL_THEMES,NOT_APPLICABLE,NOT_APPLICABLE,OVL_CONSUMER_AND_RETAIL,COMMON_SECTOR_BETA,THEME,BETA_CONSUMER_STAPLES,YES,NO,YES,YES,PASS,NOT_APPLICABLE,3620,MATURE,NO,NO,HISTORICAL_ELIGIBILITY_UNRESOLVED;NOT_APPLICABLE,CURRENT ELIGIBILITY MUST NOT BE BACK-PROJECTED HISTORICALLY,2011-12-19,2012-02-27,2012-03-30,2012-07-25,2013-03-05
GLOBAL_AI,Artificial-intelligence value chain,EXPERIMENTAL,THEMATIC,EQUITY,THEMATIC_EQUITY,GLOBAL,GLOBAL,TECHNOLOGY,SOFTWARE_AND_SERVICES,AI,AI,THEME_ROTATION,THEME_ROTATION,POOL_GLOBAL_THEMES,POOL_GLOBAL_THEMES,GLOBAL_TECHNOLOGY,NOT_APPLICABLE,OVL_TECHNOLOGY_INNOVATION,STRONG_PARENT_CHILD_OR_THEMATIC_OVERLAP,THEME,BETA_TECHNOLOGY,YES,NO,YES,YES,PASS_WITH_SCOPE_LIMITATION,History uses an AI/metaverse/blockchain composite; treat as broad AI-theme implementation with scope warning,979,DEVELOPING,NO,NO,HISTORICAL_ELIGIBILITY_UNRESOLVED;NOT_APPLICABLE;SCOPE_LIMITED_IMPLEMENTATION,CURRENT ELIGIBILITY MUST NOT BE BACK-PROJECTED HISTORICALLY,2022-10-18,2022-11-16,2022-12-15,2023-03-21,2023-09-26
GLOBAL_BATTERY_EV,Battery and electric-vehicle value chain,EXPERIMENTAL,THEMATIC,EQUITY,THEMATIC_EQUITY,GLOBAL,GLOBAL,INDUSTRIALS,BATTERY_AND_EV_VALUE_CHAIN,BATTERY_EV,NOT_APPLICABLE,THEME_ROTATION,THEME_ROTATION,POOL_GLOBAL_THEMES,POOL_GLOBAL_THEMES,GLOBAL_INDUSTRIALS,GLOBAL_MATERIALS,OVL_INDUSTRIAL_DEFENCE_INFRA,STRONG_PARENT_CHILD_OR_THEMATIC_OVERLAP,THEME,BETA_INDUSTRIALS,YES,NO,YES,YES,PASS,NOT_APPLICABLE,2141,MATURE,NO,NO,HISTORICAL_ELIGIBILITY_UNRESOLVED;NOT_APPLICABLE,CURRENT ELIGIBILITY MUST NOT BE BACK-PROJECTED HISTORICALLY,2018-02-23,2018-03-26,2018-04-26,2018-07-30,2019-01-29
GLOBAL_BIOTECHNOLOGY,Biotechnology industry,EXTENDED,SECTOR_INDUSTRY,EQUITY,INDUSTRY_EQUITY,GLOBAL,GLOBAL,HEALTHCARE,BIOTECHNOLOGY,BIOTECHNOLOGY,Biotechnology,INDUSTRY_ROTATION,INDUSTRY_ROTATION,POOL_GLOBAL_INDUSTRIES,POOL_GLOBAL_INDUSTRIES,GLOBAL_HEALTHCARE,US_HEALTHCARE,OVL_HEALTHCARE_INNOVATION,STRONG_PARENT_CHILD_OR_INDUSTRY_OVERLAP,INDUSTRY_OR_SUBSECTOR,BETA_HEALTHCARE,YES,NO,YES,YES,PASS_WITH_SCOPE_LIMITATION,Implementations are US-dominant Nasdaq/NYSE Arca biotechnology exposures despite GLOBAL label,2701,MATURE,NO,NO,HISTORICAL_ELIGIBILITY_UNRESOLVED;NOT_APPLICABLE;SCOPE_LIMITED_IMPLEMENTATION,CURRENT ELIGIBILITY MUST NOT BE BACK-PROJECTED HISTORICALLY,2014-12-10,2015-01-13,2015-02-11,2015-05-14,2015-11-10
GLOBAL_CLEAN_ENERGY,Clean-energy value chain,EXPERIMENTAL,THEMATIC,EQUITY,THEMATIC_EQUITY,GLOBAL,GLOBAL,UTILITIES,RENEWABLE_ENERGY,CLEAN_ENERGY,NOT_APPLICABLE,THEME_ROTATION,THEME_ROTATION,POOL_GLOBAL_THEMES,POOL_GLOBAL_THEMES,GLOBAL_UTILITIES,GLOBAL_ENERGY,OVL_ENERGY_AND_TRANSITION,COMMON_SECTOR_OR_THEMATIC_BETA,THEME,BETA_UTILITIES,YES,NO,YES,YES,PASS,NOT_APPLICABLE,1445,MATURE,NO,NO,HISTORICAL_ELIGIBILITY_UNRESOLVED;NOT_APPLICABLE,CURRENT ELIGIBILITY MUST NOT BE BACK-PROJECTED HISTORICALLY,2020-11-30,2021-01-04,2021-02-02,2021-05-06,2021-11-04
GLOBAL_CYBERSECURITY,Global cybersecurity businesses,EXTENDED,THEMATIC,EQUITY,THEMATIC_EQUITY,GLOBAL,GLOBAL,TECHNOLOGY,CYBERSECURITY,CYBERSECURITY,Cybersecurity,THEME_ROTATION,THEME_ROTATION,POOL_GLOBAL_THEMES,POOL_GLOBAL_THEMES,GLOBAL_TECHNOLOGY,NOT_APPLICABLE,OVL_TECHNOLOGY_INNOVATION,STRONG_PARENT_CHILD_OR_THEMATIC_OVERLAP,THEME,BETA_TECHNOLOGY,YES,NO,YES,YES,PASS,NOT_APPLICABLE,1548,MATURE,NO,NO,HISTORICAL_ELIGIBILITY_UNRESOLVED;NOT_APPLICABLE,CURRENT ELIGIBILITY MUST NOT BE BACK-PROJECTED HISTORICALLY,2020-07-01,2020-07-30,2020-09-04,2020-12-02,2021-06-10
GLOBAL_ENERGY,Broad global energy sector,CORE,SECTOR_INDUSTRY,EQUITY,SECTOR_EQUITY,GLOBAL,GLOBAL,ENERGY,BROAD_SECTOR,NOT_APPLICABLE,NOT_APPLICABLE,SECTOR_ROTATION,SECTOR_ROTATION,POOL_GLOBAL_BROAD_SECTORS,POOL_GLOBAL_BROAD_SECTORS,GLOBAL_DEVELOPED_WORLD,NOT_APPLICABLE,OVL_ENERGY_AND_TRANSITION,COMMON_SECTOR_OR_THEMATIC_BETA,BROAD_SECTOR,BETA_ENERGY,YES,NO,YES,YES,PASS,NOT_APPLICABLE,3663,MATURE,NO,NO,HISTORICAL_ELIGIBILITY_UNRESOLVED;NOT_APPLICABLE,CURRENT ELIGIBILITY MUST NOT BE BACK-PROJECTED HISTORICALLY,2012-02-03,2012-03-05,2012-04-03,2012-07-10,2013-01-08
GLOBAL_FINANCIALS,Broad global financials sector,CORE,SECTOR_INDUSTRY,EQUITY,SECTOR_EQUITY,GLOBAL,GLOBAL,FINANCIALS,BROAD_SECTOR,NOT_APPLICABLE,NOT_APPLICABLE,SECTOR_ROTATION,SECTOR_ROTATION,POOL_GLOBAL_BROAD_SECTORS,POOL_GLOBAL_BROAD_SECTORS,GLOBAL_DEVELOPED_WORLD,NOT_APPLICABLE,OVL_FINANCIALS_AND_BANKS,STRONG_PARENT_CHILD_OVERLAP,BROAD_SECTOR,BETA_FINANCIALS,YES,NO,YES,YES,PASS,NOT_APPLICABLE,3315,MATURE,NO,NO,HISTORICAL_ELIGIBILITY_UNRESOLVED;NOT_APPLICABLE,CURRENT ELIGIBILITY MUST NOT BE BACK-PROJECTED HISTORICALLY,2013-06-03,2013-07-02,2013-07-31,2013-10-29,2014-05-07
GLOBAL_GENOMICS,Genomics and genomic medicine,EXPERIMENTAL,THEMATIC,EQUITY,THEMATIC_EQUITY,GLOBAL,GLOBAL,HEALTHCARE,BIOTECHNOLOGY,GENOMICS,Genomics,THEME_ROTATION,THEME_ROTATION,POOL_GLOBAL_THEMES,POOL_GLOBAL_THEMES,GLOBAL_BIOTECHNOLOGY,GLOBAL_HEALTHCARE,OVL_HEALTHCARE_INNOVATION,STRONG_PARENT_CHILD_OR_INDUSTRY_OVERLAP,THEME,BETA_HEALTHCARE,YES,NO,YES,YES,PASS,NOT_APPLICABLE,1194,DEVELOPING,NO,NO,HISTORICAL_ELIGIBILITY_UNRESOLVED;NOT_APPLICABLE,CURRENT ELIGIBILITY MUST NOT BE BACK-PROJECTED HISTORICALLY,2021-12-03,2022-01-07,2022-02-07,2022-05-10,2022-11-10
GLOBAL_GOLD_MINERS,Global gold-mining equities,EXTENDED,SECTOR_INDUSTRY,EQUITY,INDUSTRY_EQUITY,GLOBAL,GLOBAL,MATERIALS,GOLD_MINERS,GOLD_MINERS,Gold Miners,INDUSTRY_ROTATION,INDUSTRY_ROTATION,POOL_GLOBAL_INDUSTRIES,POOL_GLOBAL_INDUSTRIES,GLOBAL_MATERIALS,GOLD,OVL_MATERIALS_AND_MINERS,STRONG_PARENT_CHILD_OR_COMMODITY_SENSITIVITY,INDUSTRY_OR_SUBSECTOR,BETA_MATERIALS,YES,NO,YES,YES,PASS,NOT_APPLICABLE,4196,MATURE,NO,NO,HISTORICAL_ELIGIBILITY_UNRESOLVED;NOT_APPLICABLE,CURRENT ELIGIBILITY MUST NOT BE BACK-PROJECTED HISTORICALLY,2009-01-21,2009-02-19,2009-03-20,2009-06-23,2009-12-17
GLOBAL_INDUSTRIALS,Broad global industrials sector,CORE,SECTOR_INDUSTRY,EQUITY,SECTOR_EQUITY,GLOBAL,GLOBAL,INDUSTRIALS,BROAD_SECTOR,NOT_APPLICABLE,Industrials,SECTOR_ROTATION,SECTOR_ROTATION,POOL_GLOBAL_BROAD_SECTORS,POOL_GLOBAL_BROAD_SECTORS,GLOBAL_DEVELOPED_WORLD,NOT_APPLICABLE,OVL_INDUSTRIAL_DEFENCE_INFRA,STRONG_PARENT_CHILD_OR_THEMATIC_OVERLAP,BROAD_SECTOR,BETA_INDUSTRIALS,YES,NO,YES,YES,PASS,NOT_APPLICABLE,2581,MATURE,NO,NO,HISTORICAL_ELIGIBILITY_UNRESOLVED;NOT_APPLICABLE,CURRENT ELIGIBILITY MUST NOT BE BACK-PROJECTED HISTORICALLY,2016-05-06,2016-06-07,2016-07-06,2016-10-04,2017-04-05
GLOBAL_MATERIALS,Broad global materials sector,CORE,SECTOR_INDUSTRY,EQUITY,SECTOR_EQUITY,GLOBAL,GLOBAL,MATERIALS,BROAD_SECTOR,NOT_APPLICABLE,Materials,SECTOR_ROTATION,SECTOR_ROTATION,POOL_GLOBAL_BROAD_SECTORS,POOL_GLOBAL_BROAD_SECTORS,GLOBAL_DEVELOPED_WORLD,NOT_APPLICABLE,OVL_MATERIALS_AND_MINERS,STRONG_PARENT_CHILD_OR_COMMODITY_SENSITIVITY,BROAD_SECTOR,BETA_MATERIALS,YES,NO,YES,YES,PASS,NOT_APPLICABLE,1555,MATURE,NO,NO,HISTORICAL_ELIGIBILITY_UNRESOLVED;NOT_APPLICABLE,CURRENT ELIGIBILITY MUST NOT BE BACK-PROJECTED HISTORICALLY,2019-02-22,2020-02-28,2020-04-16,2020-10-21,2021-04-23
GLOBAL_OIL_GAS,Global oil and gas equities,EXTENDED,SECTOR_INDUSTRY,EQUITY,INDUSTRY_EQUITY,GLOBAL,GLOBAL,ENERGY,OIL_AND_GAS,OIL_AND_GAS,Oil & Gas,INDUSTRY_ROTATION,INDUSTRY_ROTATION,POOL_GLOBAL_INDUSTRIES,POOL_GLOBAL_INDUSTRIES,GLOBAL_ENERGY,NOT_APPLICABLE,OVL_ENERGY_AND_TRANSITION,COMMON_SECTOR_OR_THEMATIC_BETA,INDUSTRY_OR_SUBSECTOR,BETA_ENERGY,YES,NO,YES,YES,PASS,NOT_APPLICABLE,3541,MATURE,NO,NO,HISTORICAL_ELIGIBILITY_UNRESOLVED;NOT_APPLICABLE,CURRENT ELIGIBILITY MUST NOT BE BACK-PROJECTED HISTORICALLY,2012-02-08,2012-03-21,2012-05-02,2012-09-25,2013-07-02
GLOBAL_QUANTUM_COMPUTING,Quantum-computing ecosystem,EXPERIMENTAL,THEMATIC,EQUITY,THEMATIC_EQUITY,GLOBAL,GLOBAL,TECHNOLOGY,COMPUTING,QUANTUM,Quantum,THEME_ROTATION,THEME_ROTATION,POOL_GLOBAL_THEMES,POOL_GLOBAL_THEMES,GLOBAL_TECHNOLOGY,NOT_APPLICABLE,OVL_TECHNOLOGY_INNOVATION,STRONG_PARENT_CHILD_OR_THEMATIC_OVERLAP,THEME,BETA_TECHNOLOGY,YES,NO,YES,YES,PASS,NOT_APPLICABLE,312,NEW,YES,YES,HISTORICAL_ELIGIBILITY_UNRESOLVED;NOT_APPLICABLE,CURRENT ELIGIBILITY MUST NOT BE BACK-PROJECTED HISTORICALLY,2025-06-25,2025-07-24,2025-08-22,2025-11-21,2026-05-29
GLOBAL_REAL_ESTATE,Global listed property and REITs,EXTENDED,SECTOR_INDUSTRY,PROPERTY,LISTED_REAL_ESTATE_EQUITY,GLOBAL,GLOBAL,REAL_ESTATE,REITS_AND_PROPERTY,NOT_APPLICABLE,Real Estate,SECTOR_ROTATION,SECTOR_ROTATION,POOL_GLOBAL_BROAD_SECTORS,POOL_GLOBAL_BROAD_SECTORS,GLOBAL_DEVELOPED_WORLD,NOT_APPLICABLE,OVL_REAL_ESTATE,COMMON_SECTOR_BETA,BROAD_SECTOR,BETA_REAL_ESTATE,YES,NO,YES,YES,PASS,NOT_APPLICABLE,1869,MATURE,NO,NO,HISTORICAL_ELIGIBILITY_UNRESOLVED;NOT_APPLICABLE,CURRENT ELIGIBILITY MUST NOT BE BACK-PROJECTED HISTORICALLY,2019-02-20,2019-03-21,2019-04-23,2019-07-25,2020-01-28
GLOBAL_RETAIL,Retail and e-commerce businesses,EXPERIMENTAL,SECTOR_INDUSTRY,EQUITY,INDUSTRY_EQUITY,GLOBAL,GLOBAL,CONSUMER_DISCRETIONARY,RETAIL,RETAIL,Retail,INDUSTRY_ROTATION,INDUSTRY_ROTATION,POOL_GLOBAL_INDUSTRIES,POOL_GLOBAL_INDUSTRIES,NOT_APPLICABLE,NOT_APPLICABLE,OVL_CONSUMER_AND_RETAIL,COMMON_SECTOR_BETA,INDUSTRY_OR_SUBSECTOR,BETA_CONSUMER_DISCRETIONARY,YES,NO,YES,YES,PASS_WITH_SCOPE_LIMITATION,Implementation is e-commerce rather than the full retail industry,1183,DEVELOPING,NO,NO,HISTORICAL_ELIGIBILITY_UNRESOLVED;NOT_APPLICABLE;SCOPE_LIMITED_IMPLEMENTATION,CURRENT ELIGIBILITY MUST NOT BE BACK-PROJECTED HISTORICALLY,2021-12-17,2022-01-21,2022-02-21,2022-05-24,2022-11-24
GLOBAL_ROBOTICS_AUTOMATION,Robotics and industrial automation,EXTENDED,THEMATIC,EQUITY,THEMATIC_EQUITY,GLOBAL,GLOBAL,INDUSTRIALS,INDUSTRIAL_AUTOMATION,ROBOTICS,Robotics,THEME_ROTATION,THEME_ROTATION,POOL_GLOBAL_THEMES,POOL_GLOBAL_THEMES,GLOBAL_INDUSTRIALS,GLOBAL_TECHNOLOGY,OVL_INDUSTRIAL_DEFENCE_INFRA,STRONG_PARENT_CHILD_OR_THEMATIC_OVERLAP,THEME,BETA_INDUSTRIALS,YES,NO,YES,YES,PASS,NOT_APPLICABLE,2480,MATURE,NO,NO,HISTORICAL_ELIGIBILITY_UNRESOLVED;NOT_APPLICABLE,CURRENT ELIGIBILITY MUST NOT BE BACK-PROJECTED HISTORICALLY,2016-10-13,2016-11-11,2016-12-12,2017-03-14,2017-09-14
GLOBAL_SEMICONDUCTORS,Global semiconductor value chain,EXTENDED,THEMATIC,EQUITY,THEMATIC_EQUITY,GLOBAL,GLOBAL,TECHNOLOGY,SEMICONDUCTORS,SEMICONDUCTORS,Semiconductors,THEME_ROTATION,THEME_ROTATION,POOL_GLOBAL_THEMES,POOL_GLOBAL_THEMES,GLOBAL_TECHNOLOGY,NOT_APPLICABLE,OVL_TECHNOLOGY_INNOVATION,STRONG_PARENT_CHILD_OR_THEMATIC_OVERLAP,THEME,BETA_TECHNOLOGY,YES,NO,YES,YES,PASS,NOT_APPLICABLE,3181,MATURE,NO,NO,HISTORICAL_ELIGIBILITY_UNRESOLVED;NOT_APPLICABLE,CURRENT ELIGIBILITY MUST NOT BE BACK-PROJECTED HISTORICALLY,2013-10-15,2013-11-13,2013-12-12,2014-03-20,2014-09-19
GLOBAL_SILVER_MINERS,Global silver-mining equities,EXPERIMENTAL,SECTOR_INDUSTRY,EQUITY,INDUSTRY_EQUITY,GLOBAL,GLOBAL,MATERIALS,SILVER_MINERS,SILVER_MINERS,Silver Miners,INDUSTRY_ROTATION,INDUSTRY_ROTATION,POOL_GLOBAL_INDUSTRIES,POOL_GLOBAL_INDUSTRIES,GLOBAL_MATERIALS,SILVER_PHYSICAL,OVL_MATERIALS_AND_MINERS,STRONG_PARENT_CHILD_OR_COMMODITY_SENSITIVITY,INDUSTRY_OR_SUBSECTOR,BETA_MATERIALS,YES,NO,YES,YES,PASS,NOT_APPLICABLE,1072,DEVELOPING,NO,NO,HISTORICAL_ELIGIBILITY_UNRESOLVED;NOT_APPLICABLE,CURRENT ELIGIBILITY MUST NOT BE BACK-PROJECTED HISTORICALLY,2022-06-10,2022-07-11,2022-08-09,2022-11-10,2023-05-17
GLOBAL_SMALL_CAP,Global small-cap equities,EXTENDED,GEOGRAPHY,EQUITY,BROAD_MARKET_EQUITY,GLOBAL,GLOBAL,BROAD_MARKET,BROAD_MARKET,NOT_APPLICABLE,NOT_APPLICABLE,BROAD_GEOGRAPHY_ROTATION,BROAD_GEOGRAPHY_ROTATION,POOL_GLOBAL_MARKET_CAP_SATELLITES,POOL_GLOBAL_MARKET_CAP_SATELLITES,GLOBAL_DEVELOPED_WORLD,GLOBAL_ALL_WORLD,OVL_GLOBAL_BROAD_EQUITY,BROAD_INDEX_VERSUS_NARROW_SUBSET,MARKET_SEGMENT,BETA_GLOBAL_OR_OTHER_EQUITY,YES,NO,YES,YES,PASS,NOT_APPLICABLE,3176,MATURE,NO,NO,HISTORICAL_ELIGIBILITY_UNRESOLVED;NOT_APPLICABLE,CURRENT ELIGIBILITY MUST NOT BE BACK-PROJECTED HISTORICALLY,2014-01-10,2014-02-10,2014-03-11,2014-06-12,2014-12-08
GLOBAL_SOFTWARE,Software and cloud businesses,EXTENDED,SECTOR_INDUSTRY,EQUITY,INDUSTRY_EQUITY,GLOBAL,GLOBAL,TECHNOLOGY,SOFTWARE,SOFTWARE,Software,INDUSTRY_ROTATION,INDUSTRY_ROTATION,POOL_GLOBAL_INDUSTRIES,POOL_GLOBAL_INDUSTRIES,GLOBAL_TECHNOLOGY,NOT_APPLICABLE,OVL_TECHNOLOGY_INNOVATION,STRONG_PARENT_CHILD_OR_THEMATIC_OVERLAP,INDUSTRY_OR_SUBSECTOR,BETA_TECHNOLOGY,YES,NO,YES,YES,PASS_WITH_SCOPE_LIMITATION,Implementation is cloud computing rather than the full software industry,1904,MATURE,NO,NO,HISTORICAL_ELIGIBILITY_UNRESOLVED;NOT_APPLICABLE;SCOPE_LIMITED_IMPLEMENTATION,CURRENT ELIGIBILITY MUST NOT BE BACK-PROJECTED HISTORICALLY,2019-01-31,2019-03-01,2019-04-01,2019-07-05,2020-01-06
GLOBAL_SOLAR,Solar-energy value chain,EXPERIMENTAL,THEMATIC,EQUITY,THEMATIC_EQUITY,GLOBAL,GLOBAL,UTILITIES,RENEWABLE_ENERGY,SOLAR,Solar,THEME_ROTATION,THEME_ROTATION,POOL_GLOBAL_THEMES,POOL_GLOBAL_THEMES,GLOBAL_CLEAN_ENERGY,GLOBAL_UTILITIES,OVL_ENERGY_AND_TRANSITION,COMMON_SECTOR_OR_THEMATIC_BETA,THEME,BETA_UTILITIES,YES,NO,YES,YES,PASS,NOT_APPLICABLE,1181,DEVELOPING,NO,NO,HISTORICAL_ELIGIBILITY_UNRESOLVED;NOT_APPLICABLE,CURRENT ELIGIBILITY MUST NOT BE BACK-PROJECTED HISTORICALLY,2021-11-09,2021-12-21,2022-02-04,2022-05-20,2022-11-28
GLOBAL_TRANSPORTATION,Transportation and logistics,EXPERIMENTAL,SECTOR_INDUSTRY,EQUITY,INDUSTRY_EQUITY,GLOBAL,GLOBAL,INDUSTRIALS,TRANSPORTATION,TRANSPORTATION,Transports,INDUSTRY_ROTATION,INDUSTRY_ROTATION,POOL_GLOBAL_INDUSTRIES,POOL_GLOBAL_INDUSTRIES,GLOBAL_INDUSTRIALS,NOT_APPLICABLE,OVL_TRANSPORT_LOGISTICS,COMMON_INDUSTRY_BETA,INDUSTRY_OR_SUBSECTOR,BETA_INDUSTRIALS,YES,NO,YES,YES,PASS_WITH_SCOPE_LIMITATION,Implementation is e-commerce logistics rather than the full transportation industry,2132,MATURE,NO,NO,HISTORICAL_ELIGIBILITY_UNRESOLVED;NOT_APPLICABLE;SCOPE_LIMITED_IMPLEMENTATION,CURRENT ELIGIBILITY MUST NOT BE BACK-PROJECTED HISTORICALLY,2018-02-23,2018-03-26,2018-04-26,2018-07-30,2019-01-29
GLOBAL_URANIUM_NUCLEAR,Uranium miners and nuclear-energy value chain,EXTENDED,THEMATIC,EQUITY,THEMATIC_EQUITY,GLOBAL,GLOBAL,ENERGY,URANIUM_AND_NUCLEAR,URANIUM_NUCLEAR,NOT_APPLICABLE,THEME_ROTATION,THEME_ROTATION,POOL_GLOBAL_THEMES,POOL_GLOBAL_THEMES,GLOBAL_ENERGY,GLOBAL_MATERIALS,OVL_ENERGY_AND_TRANSITION,COMMON_SECTOR_OR_THEMATIC_BETA,THEME,BETA_ENERGY,YES,NO,YES,YES,PASS,NOT_APPLICABLE,1074,DEVELOPING,NO,NO,HISTORICAL_ELIGIBILITY_UNRESOLVED;NOT_APPLICABLE,CURRENT ELIGIBILITY MUST NOT BE BACK-PROJECTED HISTORICALLY,2022-06-07,2022-07-06,2022-08-04,2022-11-07,2023-05-11
GLOBAL_UTILITIES,Broad global utilities sector,CORE,SECTOR_INDUSTRY,EQUITY,SECTOR_EQUITY,GLOBAL,GLOBAL,UTILITIES,BROAD_SECTOR,NOT_APPLICABLE,Utilities,SECTOR_ROTATION,SECTOR_ROTATION,POOL_GLOBAL_BROAD_SECTORS,POOL_GLOBAL_BROAD_SECTORS,GLOBAL_DEVELOPED_WORLD,NOT_APPLICABLE,OVL_UTILITIES_AND_WATER,COMMON_SECTOR_OR_INFRASTRUCTURE_BETA,BROAD_SECTOR,BETA_UTILITIES,YES,NO,YES,YES,PASS,NOT_APPLICABLE,1807,MATURE,NO,NO,HISTORICAL_ELIGIBILITY_UNRESOLVED;NOT_APPLICABLE,CURRENT ELIGIBILITY MUST NOT BE BACK-PROJECTED HISTORICALLY,2017-02-06,2018-01-16,2018-04-13,2019-04-02,2020-02-26
GLOBAL_WATER,Water infrastructure and services,EXTENDED,THEMATIC,EQUITY,THEMATIC_EQUITY,GLOBAL,GLOBAL,INDUSTRIALS,WATER_INFRASTRUCTURE,WATER,NOT_APPLICABLE,THEME_ROTATION,THEME_ROTATION,POOL_GLOBAL_THEMES,POOL_GLOBAL_THEMES,GLOBAL_INDUSTRIALS,GLOBAL_UTILITIES,OVL_INDUSTRIAL_DEFENCE_INFRA,STRONG_PARENT_CHILD_OR_THEMATIC_OVERLAP,THEME,BETA_INDUSTRIALS,YES,NO,YES,YES,PASS,NOT_APPLICABLE,3280,MATURE,NO,NO,HISTORICAL_ELIGIBILITY_UNRESOLVED;NOT_APPLICABLE,CURRENT ELIGIBILITY MUST NOT BE BACK-PROJECTED HISTORICALLY,2007-05-16,2007-06-25,2007-08-17,2009-02-18,2011-08-25
GOLD,"Unleveraged gold exposure, preferring physically backed implementations",CORE,DEFENSIVE_DIVERSIFIER,GOLD,PRECIOUS_METAL_ETC,GLOBAL,GLOBAL_COMMODITY,NOT_APPLICABLE,NOT_APPLICABLE,NOT_APPLICABLE,NOT_APPLICABLE,DEFENSIVE_REFERENCE,DEFENSIVE_REFERENCE,POOL_DEFENSIVE_REAL_ASSETS,POOL_DEFENSIVE_REAL_ASSETS,NOT_APPLICABLE,NOT_APPLICABLE,OVL_PRECIOUS_METALS,COMMON_REAL_ASSET_BETA,DEFENSIVE_ASSET,BETA_REAL_ASSET,YES,NO,NO,YES,PASS,NOT_APPLICABLE,4972,MATURE,NO,NO,HISTORICAL_ELIGIBILITY_UNRESOLVED;NOT_APPLICABLE,CURRENT ELIGIBILITY MUST NOT BE BACK-PROJECTED HISTORICALLY,2006-10-30,2006-11-30,2007-01-03,2007-04-02,2007-10-02
INDIA,Broad Indian equities,CORE,GEOGRAPHY,EQUITY,BROAD_MARKET_EQUITY,INDIA,SINGLE_COUNTRY,BROAD_MARKET,BROAD_MARKET,NOT_APPLICABLE,NOT_APPLICABLE,COUNTRY_ROTATION,COUNTRY_ROTATION,POOL_COUNTRY_ROTATION,POOL_COUNTRY_ROTATION,EMERGING_MARKETS,EMERGING_ASIA,OVL_EMERGING_ASIA_EQUITY,COMMON_GEOGRAPHIC_BETA,SINGLE_COUNTRY,BETA_EMERGING_ASIA_EQUITY,YES,NO,YES,YES,PASS,NOT_APPLICABLE,4336,MATURE,NO,NO,HISTORICAL_ELIGIBILITY_UNRESOLVED;NOT_APPLICABLE,CURRENT ELIGIBILITY MUST NOT BE BACK-PROJECTED HISTORICALLY,2007-10-19,2007-11-21,2008-01-10,2008-04-18,2009-01-09
JAPAN,Broad Japanese equities,CORE,GEOGRAPHY,EQUITY,BROAD_MARKET_EQUITY,JAPAN,SINGLE_COUNTRY,BROAD_MARKET,BROAD_MARKET,NOT_APPLICABLE,NOT_APPLICABLE,BROAD_GEOGRAPHY_ROTATION,BROAD_GEOGRAPHY_ROTATION,POOL_BROAD_GEOGRAPHY_PRIMARY,POOL_BROAD_GEOGRAPHY_PRIMARY,GLOBAL_DEVELOPED_WORLD,DEVELOPED_ASIA_PACIFIC,OVL_JAPAN_EQUITY,COMMON_GEOGRAPHIC_BETA,BROAD_REGION,BETA_JAPAN_EQUITY,YES,NO,YES,YES,PASS,NOT_APPLICABLE,3490,MATURE,NO,NO,HISTORICAL_ELIGIBILITY_UNRESOLVED;NOT_APPLICABLE,CURRENT ELIGIBILITY MUST NOT BE BACK-PROJECTED HISTORICALLY,2012-04-12,2012-07-17,2012-09-12,2013-02-19,2013-09-09
JAPAN_EUR_HEDGED,Broad Japanese equities hedged to EUR,EXTENDED,GEOGRAPHY,EQUITY,BROAD_MARKET_EQUITY,JAPAN,SINGLE_COUNTRY,BROAD_MARKET,BROAD_MARKET,NOT_APPLICABLE,NOT_APPLICABLE,BROAD_GEOGRAPHY_ROTATION,BROAD_GEOGRAPHY_ROTATION,POOL_HEDGED_GEOGRAPHY_VARIANTS,POOL_HEDGED_GEOGRAPHY_VARIANTS,JAPAN,NOT_APPLICABLE,OVL_JAPAN_EQUITY,COMMON_GEOGRAPHIC_BETA,BROAD_REGION,BETA_JAPAN_EQUITY,YES,NO,YES,YES,PASS,NOT_APPLICABLE,3926,MATURE,NO,NO,HISTORICAL_ELIGIBILITY_UNRESOLVED;NOT_APPLICABLE,CURRENT ELIGIBILITY MUST NOT BE BACK-PROJECTED HISTORICALLY,2010-11-10,2010-12-09,2011-01-12,2011-04-11,2011-11-01
JAPAN_GBP_HEDGED,Broad Japanese equities hedged to GBP,EXTENDED,GEOGRAPHY,EQUITY,BROAD_MARKET_EQUITY,JAPAN,SINGLE_COUNTRY,BROAD_MARKET,BROAD_MARKET,NOT_APPLICABLE,NOT_APPLICABLE,BROAD_GEOGRAPHY_ROTATION,BROAD_GEOGRAPHY_ROTATION,POOL_HEDGED_GEOGRAPHY_VARIANTS,POOL_HEDGED_GEOGRAPHY_VARIANTS,JAPAN,NOT_APPLICABLE,OVL_JAPAN_EQUITY,COMMON_GEOGRAPHIC_BETA,BROAD_REGION,BETA_JAPAN_EQUITY,YES,NO,YES,YES,PASS,NOT_APPLICABLE,3523,MATURE,NO,NO,HISTORICAL_ELIGIBILITY_UNRESOLVED;NOT_APPLICABLE,CURRENT ELIGIBILITY MUST NOT BE BACK-PROJECTED HISTORICALLY,2012-09-04,2012-10-03,2012-11-01,2013-02-01,2013-08-02
SILVER_PHYSICAL,Unleveraged silver exposure,EXPERIMENTAL,DEFENSIVE_DIVERSIFIER,COMMODITY,PHYSICAL_PRECIOUS_METAL_ETC,GLOBAL,GLOBAL_COMMODITY,NOT_APPLICABLE,NOT_APPLICABLE,NOT_APPLICABLE,NOT_APPLICABLE,DEFENSIVE_REFERENCE,DEFENSIVE_REFERENCE,POOL_DEFENSIVE_REAL_ASSETS,POOL_DEFENSIVE_REAL_ASSETS,NOT_APPLICABLE,NOT_APPLICABLE,OVL_PRECIOUS_METALS,COMMON_REAL_ASSET_BETA,DEFENSIVE_ASSET,BETA_REAL_ASSET,YES,NO,NO,YES,PASS,NOT_APPLICABLE,4737,MATURE,NO,NO,HISTORICAL_ELIGIBILITY_UNRESOLVED;NOT_APPLICABLE,CURRENT ELIGIBILITY MUST NOT BE BACK-PROJECTED HISTORICALLY,2007-05-30,2007-06-28,2007-07-27,2007-10-25,2008-06-02
SOUTH_KOREA,Broad South Korean equities,EXPERIMENTAL,GEOGRAPHY,EQUITY,BROAD_MARKET_EQUITY,SOUTH_KOREA,SINGLE_COUNTRY,BROAD_MARKET,BROAD_MARKET,NOT_APPLICABLE,NOT_APPLICABLE,COUNTRY_ROTATION,COUNTRY_ROTATION,POOL_COUNTRY_ROTATION,POOL_COUNTRY_ROTATION,EMERGING_MARKETS,EMERGING_ASIA,OVL_EMERGING_ASIA_EQUITY,COMMON_GEOGRAPHIC_BETA,SINGLE_COUNTRY,BETA_EMERGING_ASIA_EQUITY,YES,NO,YES,YES,PASS,NOT_APPLICABLE,5026,MATURE,NO,NO,HISTORICAL_ELIGIBILITY_UNRESOLVED;NOT_APPLICABLE,CURRENT ELIGIBILITY MUST NOT BE BACK-PROJECTED HISTORICALLY,2005-12-22,2006-01-25,2006-02-23,2006-05-26,2006-12-08
TAIWAN,Broad Taiwanese equities,EXPERIMENTAL,GEOGRAPHY,EQUITY,BROAD_MARKET_EQUITY,TAIWAN,SINGLE_COUNTRY,BROAD_MARKET,BROAD_MARKET,NOT_APPLICABLE,NOT_APPLICABLE,COUNTRY_ROTATION,COUNTRY_ROTATION,POOL_COUNTRY_ROTATION,POOL_COUNTRY_ROTATION,EMERGING_MARKETS,EMERGING_ASIA,OVL_EMERGING_ASIA_EQUITY,COMMON_GEOGRAPHIC_BETA,SINGLE_COUNTRY,BETA_EMERGING_ASIA_EQUITY,YES,NO,YES,YES,PASS,NOT_APPLICABLE,5006,MATURE,NO,NO,HISTORICAL_ELIGIBILITY_UNRESOLVED;NOT_APPLICABLE,CURRENT ELIGIBILITY MUST NOT BE BACK-PROJECTED HISTORICALLY,2005-12-08,2006-01-11,2006-02-09,2006-05-12,2006-11-08
UK_BROAD_MARKET,Broad UK equities,CORE,GEOGRAPHY,EQUITY,BROAD_MARKET_EQUITY,UNITED_KINGDOM,SINGLE_COUNTRY,BROAD_MARKET,BROAD_MARKET,NOT_APPLICABLE,NOT_APPLICABLE,BROAD_GEOGRAPHY_ROTATION,BROAD_GEOGRAPHY_ROTATION,POOL_BROAD_GEOGRAPHY_PRIMARY,POOL_BROAD_GEOGRAPHY_PRIMARY,EUROPE_BROAD,GLOBAL_DEVELOPED_WORLD,OVL_UK_BROAD_EQUITY,COMMON_GEOGRAPHIC_BETA,BROAD_REGION,BETA_UK_EQUITY,YES,NO,YES,YES,PASS,NOT_APPLICABLE,3697,MATURE,NO,NO,HISTORICAL_ELIGIBILITY_UNRESOLVED;NOT_APPLICABLE,CURRENT ELIGIBILITY MUST NOT BE BACK-PROJECTED HISTORICALLY,2011-06-29,2011-08-15,2011-10-05,2012-01-17,2012-08-07
UK_GILTS_ALL,Broad UK government bonds,CORE,DEFENSIVE_DIVERSIFIER,GOVERNMENT_BOND,NOMINAL_GOVERNMENT_BOND,UNITED_KINGDOM,SINGLE_COUNTRY,NOT_APPLICABLE,NOT_APPLICABLE,NOT_APPLICABLE,NOT_APPLICABLE,DEFENSIVE_REFERENCE,DEFENSIVE_REFERENCE,POOL_DEFENSIVE_FIXED_INCOME,POOL_DEFENSIVE_FIXED_INCOME,NOT_APPLICABLE,NOT_APPLICABLE,OVL_STERLING_FIXED_INCOME,COMMON_DURATION_CREDIT_BETA,DEFENSIVE_ASSET,BETA_FIXED_INCOME,YES,NO,NO,YES,PASS,NOT_APPLICABLE,3427,MATURE,NO,NO,HISTORICAL_ELIGIBILITY_UNRESOLVED;NOT_APPLICABLE,CURRENT ELIGIBILITY MUST NOT BE BACK-PROJECTED HISTORICALLY,2012-09-27,2012-12-31,2013-02-13,2013-06-19,2013-12-13
UK_GILTS_SHORT,Short-duration UK government bonds,CORE,DEFENSIVE_DIVERSIFIER,GOVERNMENT_BOND,NOMINAL_GOVERNMENT_BOND,UNITED_KINGDOM,SINGLE_COUNTRY,NOT_APPLICABLE,NOT_APPLICABLE,NOT_APPLICABLE,NOT_APPLICABLE,DEFENSIVE_REFERENCE,DEFENSIVE_REFERENCE,POOL_DEFENSIVE_FIXED_INCOME,POOL_DEFENSIVE_FIXED_INCOME,UK_GILTS_ALL,ACTUAL_GBP_CASH,OVL_STERLING_FIXED_INCOME,COMMON_DURATION_CREDIT_BETA,DEFENSIVE_ASSET,BETA_FIXED_INCOME,YES,NO,NO,YES,PASS,NOT_APPLICABLE,2033,MATURE,NO,NO,HISTORICAL_ELIGIBILITY_UNRESOLVED;NOT_APPLICABLE,CURRENT ELIGIBILITY MUST NOT BE BACK-PROJECTED HISTORICALLY,2018-07-13,2018-08-13,2018-09-13,2018-12-11,2019-06-20
UK_LARGE_CAP,UK large-cap equities,CORE,GEOGRAPHY,EQUITY,BROAD_MARKET_EQUITY,UNITED_KINGDOM,SINGLE_COUNTRY,BROAD_MARKET,BROAD_MARKET,NOT_APPLICABLE,NOT_APPLICABLE,BROAD_GEOGRAPHY_ROTATION,BROAD_GEOGRAPHY_ROTATION,POOL_UK_MARKET_CAP_BREADTH,POOL_UK_MARKET_CAP_BREADTH,UK_BROAD_MARKET,NOT_APPLICABLE,OVL_UK_BROAD_EQUITY,COMMON_GEOGRAPHIC_BETA,MARKET_SEGMENT,BETA_UK_EQUITY,YES,NO,YES,YES,PASS,NOT_APPLICABLE,6603,MATURE,NO,NO,HISTORICAL_ELIGIBILITY_UNRESOLVED;NOT_APPLICABLE,CURRENT ELIGIBILITY MUST NOT BE BACK-PROJECTED HISTORICALLY,2000-06-05,2000-07-04,2000-08-03,2000-11-09,2001-05-14
UK_MID_CAP,UK mid-cap equities,CORE,GEOGRAPHY,EQUITY,BROAD_MARKET_EQUITY,UNITED_KINGDOM,SINGLE_COUNTRY,BROAD_MARKET,BROAD_MARKET,NOT_APPLICABLE,NOT_APPLICABLE,BROAD_GEOGRAPHY_ROTATION,BROAD_GEOGRAPHY_ROTATION,POOL_UK_MARKET_CAP_BREADTH,POOL_UK_MARKET_CAP_BREADTH,UK_BROAD_MARKET,NOT_APPLICABLE,OVL_UK_BROAD_EQUITY,COMMON_GEOGRAPHIC_BETA,MARKET_SEGMENT,BETA_UK_EQUITY,YES,NO,YES,YES,PASS,NOT_APPLICABLE,5620,MATURE,NO,NO,HISTORICAL_ELIGIBILITY_UNRESOLVED;NOT_APPLICABLE,CURRENT ELIGIBILITY MUST NOT BE BACK-PROJECTED HISTORICALLY,2004-05-04,2004-06-03,2004-07-02,2004-10-04,2005-04-05
UK_SMALL_CAP,UK small-cap equities,EXTENDED,GEOGRAPHY,EQUITY,BROAD_MARKET_EQUITY,UNITED_KINGDOM,SINGLE_COUNTRY,BROAD_MARKET,BROAD_MARKET,NOT_APPLICABLE,NOT_APPLICABLE,BROAD_GEOGRAPHY_ROTATION,BROAD_GEOGRAPHY_ROTATION,POOL_UK_MARKET_CAP_BREADTH,POOL_UK_MARKET_CAP_BREADTH,UK_BROAD_MARKET,NOT_APPLICABLE,OVL_UK_BROAD_EQUITY,COMMON_GEOGRAPHIC_BETA,MARKET_SEGMENT,BETA_UK_EQUITY,YES,NO,YES,YES,PASS,NOT_APPLICABLE,3471,MATURE,NO,NO,HISTORICAL_ELIGIBILITY_UNRESOLVED;NOT_APPLICABLE,CURRENT ELIGIBILITY MUST NOT BE BACK-PROJECTED HISTORICALLY,2011-01-26,2011-03-29,2011-11-03,2013-03-26,2013-10-14
USD_OVERNIGHT_CASH,US-dollar overnight-rate exposure,EXTENDED,DEFENSIVE_DIVERSIFIER,CASH_LIKE,OVERNIGHT_RATE,UNITED_STATES,SINGLE_COUNTRY,NOT_APPLICABLE,NOT_APPLICABLE,NOT_APPLICABLE,NOT_APPLICABLE,DEFENSIVE_REFERENCE,DEFENSIVE_REFERENCE,POOL_DEFENSIVE_CASH_LIKE,POOL_DEFENSIVE_CASH_LIKE,NOT_APPLICABLE,NOT_APPLICABLE,OVL_CASH_AND_SHORT_RATES,COMMON_RATE_BETA,DEFENSIVE_ASSET,BETA_CASH_RATE,YES,NO,NO,YES,PASS,NOT_APPLICABLE,2228,MATURE,NO,NO,HISTORICAL_ELIGIBILITY_UNRESOLVED;NOT_APPLICABLE,CURRENT ELIGIBILITY MUST NOT BE BACK-PROJECTED HISTORICALLY,2016-02-02,2016-07-29,2016-10-03,2017-02-28,2017-11-24
US_BANKS,Us banking industry,EXTENDED,SECTOR_INDUSTRY,EQUITY,INDUSTRY_EQUITY,UNITED_STATES,SINGLE_COUNTRY,FINANCIALS,BANKS,NOT_APPLICABLE,Banks,INDUSTRY_ROTATION,INDUSTRY_ROTATION,POOL_US_INDUSTRIES,POOL_US_INDUSTRIES,US_FINANCIALS,NOT_APPLICABLE,OVL_FINANCIALS_AND_BANKS,STRONG_PARENT_CHILD_OVERLAP,INDUSTRY_OR_SUBSECTOR,BETA_FINANCIALS,YES,NO,YES,YES,PASS,NOT_APPLICABLE,1974,MATURE,NO,NO,HISTORICAL_ELIGIBILITY_UNRESOLVED;NOT_APPLICABLE,CURRENT ELIGIBILITY MUST NOT BE BACK-PROJECTED HISTORICALLY,2018-08-02,2018-10-25,2018-12-18,2019-03-20,2019-09-24
US_BROAD_LARGE_CAP,Broad US large-cap equities,CORE,GEOGRAPHY,EQUITY,BROAD_MARKET_EQUITY,UNITED_STATES,SINGLE_COUNTRY,BROAD_MARKET,BROAD_MARKET,NOT_APPLICABLE,NOT_APPLICABLE,BROAD_GEOGRAPHY_ROTATION,BROAD_GEOGRAPHY_ROTATION,POOL_BROAD_GEOGRAPHY_PRIMARY,POOL_BROAD_GEOGRAPHY_PRIMARY,GLOBAL_DEVELOPED_WORLD,NOT_APPLICABLE,OVL_US_BROAD_EQUITY,COMMON_GEOGRAPHIC_BETA,BROAD_REGION,BETA_US_EQUITY,YES,NO,YES,YES,PASS,NOT_APPLICABLE,6167,MATURE,NO,NO,HISTORICAL_ELIGIBILITY_UNRESOLVED;NOT_APPLICABLE,CURRENT ELIGIBILITY MUST NOT BE BACK-PROJECTED HISTORICALLY,2002-04-23,2002-05-23,2002-06-25,2002-09-23,2003-03-21
US_BROAD_LARGE_CAP_EUR_HEDGED,Broad US large-cap equities hedged to EUR,EXTENDED,GEOGRAPHY,EQUITY,BROAD_MARKET_EQUITY,UNITED_STATES,SINGLE_COUNTRY,BROAD_MARKET,BROAD_MARKET,NOT_APPLICABLE,NOT_APPLICABLE,BROAD_GEOGRAPHY_ROTATION,BROAD_GEOGRAPHY_ROTATION,POOL_HEDGED_GEOGRAPHY_VARIANTS,POOL_HEDGED_GEOGRAPHY_VARIANTS,US_BROAD_LARGE_CAP,NOT_APPLICABLE,OVL_US_BROAD_EQUITY,COMMON_GEOGRAPHIC_BETA,BROAD_REGION,BETA_US_EQUITY,YES,NO,YES,YES,PASS,NOT_APPLICABLE,3857,MATURE,NO,NO,HISTORICAL_ELIGIBILITY_UNRESOLVED;NOT_APPLICABLE,CURRENT ELIGIBILITY MUST NOT BE BACK-PROJECTED HISTORICALLY,2011-01-19,2011-02-17,2011-03-18,2011-07-05,2012-01-25
US_BROAD_LARGE_CAP_GBP_HEDGED,Broad US large-cap equities hedged to GBP,EXTENDED,GEOGRAPHY,EQUITY,BROAD_MARKET_EQUITY,UNITED_STATES,SINGLE_COUNTRY,BROAD_MARKET,BROAD_MARKET,NOT_APPLICABLE,NOT_APPLICABLE,BROAD_GEOGRAPHY_ROTATION,BROAD_GEOGRAPHY_ROTATION,POOL_HEDGED_GEOGRAPHY_VARIANTS,POOL_HEDGED_GEOGRAPHY_VARIANTS,US_BROAD_LARGE_CAP,NOT_APPLICABLE,OVL_US_BROAD_EQUITY,COMMON_GEOGRAPHIC_BETA,BROAD_REGION,BETA_US_EQUITY,YES,NO,YES,YES,PASS,NOT_APPLICABLE,3944,MATURE,NO,NO,HISTORICAL_ELIGIBILITY_UNRESOLVED;NOT_APPLICABLE,CURRENT ELIGIBILITY MUST NOT BE BACK-PROJECTED HISTORICALLY,2010-12-13,2011-01-18,2011-02-18,2011-05-24,2011-11-24
US_COMMUNICATION_SERVICES,Broad communication-services sector,EXTENDED,SECTOR_INDUSTRY,EQUITY,SECTOR_EQUITY,UNITED_STATES,SINGLE_COUNTRY,COMMUNICATION_SERVICES,BROAD_SECTOR,NOT_APPLICABLE,NOT_APPLICABLE,SECTOR_ROTATION,SECTOR_ROTATION,POOL_US_BROAD_SECTORS,POOL_US_BROAD_SECTORS,US_TOTAL_MARKET,US_BROAD_LARGE_CAP,OVL_OTHER_EQUITY,POTENTIAL_THEMATIC_OVERLAP,BROAD_SECTOR,BETA_COMMUNICATION_SERVICES,YES,NO,YES,YES,PASS,NOT_APPLICABLE,1381,MATURE,NO,NO,HISTORICAL_ELIGIBILITY_UNRESOLVED;NOT_APPLICABLE,CURRENT ELIGIBILITY MUST NOT BE BACK-PROJECTED HISTORICALLY,2021-03-02,2021-03-31,2021-05-05,2021-08-04,2022-02-04
US_CONSUMER_STAPLES,Broad consumer-staples sector,CORE,SECTOR_INDUSTRY,EQUITY,SECTOR_EQUITY,UNITED_STATES,SINGLE_COUNTRY,CONSUMER_STAPLES,BROAD_SECTOR,NOT_APPLICABLE,NOT_APPLICABLE,SECTOR_ROTATION,SECTOR_ROTATION,POOL_US_BROAD_SECTORS,POOL_US_BROAD_SECTORS,US_TOTAL_MARKET,US_BROAD_LARGE_CAP,OVL_CONSUMER_AND_RETAIL,COMMON_SECTOR_BETA,BROAD_SECTOR,BETA_CONSUMER_STAPLES,YES,NO,YES,YES,PASS,NOT_APPLICABLE,2777,MATURE,NO,NO,HISTORICAL_ELIGIBILITY_UNRESOLVED;NOT_APPLICABLE,CURRENT ELIGIBILITY MUST NOT BE BACK-PROJECTED HISTORICALLY,2015-08-11,2015-09-10,2015-10-09,2016-01-11,2016-07-11
US_FINANCIALS,Broad global financials sector,CORE,SECTOR_INDUSTRY,EQUITY,SECTOR_EQUITY,UNITED_STATES,SINGLE_COUNTRY,FINANCIALS,BROAD_SECTOR,NOT_APPLICABLE,NOT_APPLICABLE,SECTOR_ROTATION,SECTOR_ROTATION,POOL_US_BROAD_SECTORS,POOL_US_BROAD_SECTORS,US_TOTAL_MARKET,US_BROAD_LARGE_CAP,OVL_FINANCIALS_AND_BANKS,STRONG_PARENT_CHILD_OVERLAP,BROAD_SECTOR,BETA_FINANCIALS,YES,NO,YES,YES,PASS,NOT_APPLICABLE,3765,MATURE,NO,NO,HISTORICAL_ELIGIBILITY_UNRESOLVED;NOT_APPLICABLE,CURRENT ELIGIBILITY MUST NOT BE BACK-PROJECTED HISTORICALLY,2011-01-07,2011-03-28,2011-06-08,2011-09-29,2012-07-05
US_HEALTHCARE,Broad global healthcare sector,CORE,SECTOR_INDUSTRY,EQUITY,SECTOR_EQUITY,UNITED_STATES,SINGLE_COUNTRY,HEALTHCARE,BROAD_SECTOR,NOT_APPLICABLE,Healthcare,SECTOR_ROTATION,SECTOR_ROTATION,POOL_US_BROAD_SECTORS,POOL_US_BROAD_SECTORS,US_TOTAL_MARKET,US_BROAD_LARGE_CAP,OVL_HEALTHCARE_INNOVATION,STRONG_PARENT_CHILD_OR_INDUSTRY_OVERLAP,BROAD_SECTOR,BETA_HEALTHCARE,YES,NO,YES,YES,PASS,NOT_APPLICABLE,2775,MATURE,NO,NO,HISTORICAL_ELIGIBILITY_UNRESOLVED;NOT_APPLICABLE,CURRENT ELIGIBILITY MUST NOT BE BACK-PROJECTED HISTORICALLY,2015-08-11,2015-09-10,2015-10-09,2016-01-11,2016-07-11
US_NASDAQ_100,US Nasdaq-100 large-cap growth-biased equities,CORE,GEOGRAPHY,EQUITY,BROAD_MARKET_EQUITY,UNITED_STATES,SINGLE_COUNTRY,BROAD_MARKET,BROAD_MARKET,NOT_APPLICABLE,NOT_APPLICABLE,BROAD_GEOGRAPHY_ROTATION,BROAD_GEOGRAPHY_ROTATION,POOL_US_MARKET_BREADTH_STYLE,POOL_US_MARKET_BREADTH_STYLE,US_BROAD_LARGE_CAP,NOT_APPLICABLE,OVL_US_BROAD_EQUITY,COMMON_GEOGRAPHIC_BETA,MARKET_SEGMENT,BETA_US_EQUITY,YES,NO,YES,YES,PASS,NOT_APPLICABLE,4752,MATURE,NO,NO,HISTORICAL_ELIGIBILITY_UNRESOLVED;NOT_APPLICABLE,CURRENT ELIGIBILITY MUST NOT BE BACK-PROJECTED HISTORICALLY,2005-09-27,2005-11-03,2005-12-08,2006-04-06,2007-03-05
US_SMALL_CAP,US small-cap equities,CORE,GEOGRAPHY,EQUITY,BROAD_MARKET_EQUITY,UNITED_STATES,SINGLE_COUNTRY,BROAD_MARKET,BROAD_MARKET,NOT_APPLICABLE,NOT_APPLICABLE,BROAD_GEOGRAPHY_ROTATION,BROAD_GEOGRAPHY_ROTATION,POOL_US_MARKET_BREADTH_STYLE,POOL_US_MARKET_BREADTH_STYLE,US_TOTAL_MARKET,US_BROAD_LARGE_CAP,OVL_US_BROAD_EQUITY,COMMON_GEOGRAPHIC_BETA,MARKET_SEGMENT,BETA_US_EQUITY,YES,NO,YES,YES,PASS,NOT_APPLICABLE,3328,MATURE,NO,NO,HISTORICAL_ELIGIBILITY_UNRESOLVED;NOT_APPLICABLE,CURRENT ELIGIBILITY MUST NOT BE BACK-PROJECTED HISTORICALLY,2013-05-16,2013-06-17,2013-07-16,2013-10-14,2014-04-11
US_TOTAL_MARKET,Broad all-cap US equities,CORE,GEOGRAPHY,EQUITY,BROAD_MARKET_EQUITY,UNITED_STATES,SINGLE_COUNTRY,BROAD_MARKET,BROAD_MARKET,NOT_APPLICABLE,NOT_APPLICABLE,BROAD_GEOGRAPHY_ROTATION,BROAD_GEOGRAPHY_ROTATION,POOL_US_MARKET_BREADTH_STYLE,POOL_US_MARKET_BREADTH_STYLE,GLOBAL_DEVELOPED_WORLD,US_BROAD_LARGE_CAP,OVL_US_BROAD_EQUITY,COMMON_GEOGRAPHIC_BETA,BROAD_REGION,BETA_US_EQUITY,YES,NO,YES,YES,PASS_WITH_SCOPE_LIMITATION,Two isolated implementation selections use a screened US-equity line; retained with a minor-lineage warning,3295,MATURE,NO,NO,HISTORICAL_ELIGIBILITY_UNRESOLVED;NOT_APPLICABLE;SCOPE_LIMITED_IMPLEMENTATION,CURRENT ELIGIBILITY MUST NOT BE BACK-PROJECTED HISTORICALLY,2013-06-12,2013-07-11,2013-08-09,2013-11-07,2014-05-12
