module_id,window_start,window_end,first_observation_date,last_observation_date,observation_count,calendar_years,gross_cagr,net_cagr,annualised_volatility,downside_volatility,sharpe_zero_cash_hurdle,sortino_zero_cash_hurdle,maximum_drawdown,average_drawdown,calmar_mar,ulcer_index,ulcer_performance_index,worst_month,worst_quarter,worst_rolling_six_months,maximum_time_underwater_calendar_days,percentage_months_in_drawdown,percentage_positive_months,percentage_positive_rolling_12m,maximum_consecutive_losing_months,loss_cluster_count_ge_2_months,worst_loss_cluster_return,annual_turnover_traded_notional,trade_legs,executed_rebalances,average_cash_weight,percentage_time_with_cash,cash_return_contribution,total_transaction_cost_value,log_equity_curve_r2,log_equity_trend_standard_error,frequency_of_new_equity_highs,median_calendar_days_between_equity_highs,percentage_days_underwater,warning,global_benchmark_cagr,equal_weight_pool_cagr,unselected_pool_cagr,net_excess_vs_global,net_excess_vs_equal_pool,selected_vs_unselected_spread,architecture,crossover_variant,scout_episode_count,false_start_rate,slow_top3_conversion_rate,slow_rank1_conversion_rate,terminal_wealth_relative_to_baseline,drawdown_change_vs_baseline,passes_neighbourhood_robustness
EARLY_A_PRIMARY_WEEKLY,2021-09-01,2026-08-21,2021-09-01,2026-08-21,1256,4.969301217684142,0.024073288924675973,-0.0030573790199718287,0.3421549095200809,0.23587131034749206,-0.008935657314577837,-0.01296206399781141,-0.550531505781933,-0.2783694502691659,-0.005553504182525141,0.3144730363908502,-0.009722229463806535,-0.19881515222724488,-0.21086889770227113,-0.2749393106780298,1535,0.9833333333333333,0.4915254237288136,0.3333333333333333,5,6,-0.2831296627985066,13.246890191179093,163,75,0.0,0.0,0.0,0.10184756166222947,0.058943293036752276,0.21058885564125537,0.010350318471337579,3.0,0.9896496815286624,"HISTORICAL UK RETAIL, ISA, ACCOUNT AND BROKER ELIGIBILITY REMAIN PARTLY UNRESOLVED",0.11516454821291355,0.10989964278450803,0.09771109011952395,-0.11822192723288538,-0.11295702180447986,-0.10076846913949578,EARLY_A,PRIMARY,26,0.7692307692307693,0.23076923076923078,0.11538461538461539,-0.6732526851265866,-0.2415494698537889,False
EARLY_A_LOOSER_WEEKLY,2021-09-01,2026-08-21,2021-09-01,2026-08-21,1256,4.969301217684142,0.07340704850939961,0.037681935011876666,0.316065276155178,0.2168536217143668,0.11922200208217759,0.1737666851675191,-0.5235816272926214,-0.24899833697102092,0.07196955173298478,0.2847664836018358,0.13232573768956615,-0.15004852028857463,-0.19608989205715355,-0.2709948533961444,1535,0.9833333333333333,0.5084745762711864,0.3333333333333333,5,6,-0.2697039712632603,16.61006201812087,229,99,0.0,0.0,0.0,0.13022112694302637,0.0609439863399549,0.1896339410820288,0.014331210191082803,3.0,0.9856687898089171,"HISTORICAL UK RETAIL, ISA, ACCOUNT AND BROKER ELIGIBILITY REMAIN PARTLY UNRESOLVED",0.11516454821291355,0.10989964278450803,0.09771109011952395,-0.07748261320103689,-0.07221770777263137,-0.06002915510764728,EARLY_A,LOOSER,44,0.7272727272727273,0.2727272727272727,0.13636363636363635,-0.6012979077862618,-0.21459959136447726,False
EARLY_A_TIGHTER_WEEKLY,2021-09-01,2026-08-21,2021-09-01,2026-08-21,1256,4.969301217684142,0.21701729618341004,0.18988573740676418,0.3562550396887947,0.24641934918882175,0.5330050560762262,0.7705796563128733,-0.32470773311827206,-0.09979082619286934,0.5847896986721899,0.12352497428396429,1.537225476123128,-0.19876932061514163,-0.16630913675722658,-0.16836475348116475,552,0.9666666666666667,0.5932203389830508,0.7291666666666666,3,6,-0.24127339073570497,11.323010047689454,120,58,0.0,0.0,0.0,0.16060518159517423,0.7252499374676392,0.13821642873154485,0.059713375796178345,3.0,0.9402866242038217,"HISTORICAL UK RETAIL, ISA, ACCOUNT AND BROKER ELIGIBILITY REMAIN PARTLY UNRESOLVED",0.11516454821291355,0.10989964278450803,0.09771109011952395,0.07472118919385062,0.07998609462225614,0.09217464728724023,EARLY_A,TIGHTER,19,0.8947368421052632,0.10526315789473684,0.05263157894736842,-0.21290208537857225,-0.015725697190127952,False
EARLY_B_PRIMARY_WEEKLY,2021-09-01,2026-08-21,2021-09-01,2026-08-21,1256,4.969301217684142,0.2669128938893579,0.23596737451548577,0.3606875075373528,0.2487218607253087,0.6542155455468581,0.9487198826326363,-0.3497523493294754,-0.10263291683802686,0.6746698770369048,0.1264940990020143,1.8654417587632148,-0.23028345677882134,-0.16942222700315834,-0.20084896622341974,518,0.95,0.576271186440678,0.8333333333333334,5,6,-0.26941234281640436,12.432349085593875,112,55,0.0,0.0,0.0,0.2006905010006561,0.8575251665765699,0.1301742997102321,0.06926751592356688,3.0,0.9307324840764332,"HISTORICAL UK RETAIL, ISA, ACCOUNT AND BROKER ELIGIBILITY REMAIN PARTLY UNRESOLVED",0.11516454821291355,0.10989964278450803,0.09771109011952395,0.12080282630257222,0.12606773173097774,0.13825628439596183,EARLY_B,PRIMARY,18,0.8333333333333334,0.16666666666666666,0.1111111111111111,-0.04932752784624361,-0.040770313401331304,False
EARLY_B_LOOSER_WEEKLY,2021-09-01,2026-08-21,2021-09-01,2026-08-21,1256,4.969301217684142,0.05305016693918674,0.020921215088977485,0.33497119418351146,0.23124296707470404,0.062456758826599144,0.0904728708234348,-0.51564494572378,-0.2748346838024227,0.04057290828209637,0.310008079547329,0.06748603171738767,-0.1854530862416759,-0.2127164509568522,-0.2979638879842096,1525,1.0,0.5084745762711864,0.3958333333333333,5,7,-0.28002165492845277,15.285416858019342,180,81,0.0,0.0,0.0,0.12077591824635303,1.595697425982312e-05,0.23174072518172872,0.014331210191082803,3.0,0.9856687898089171,"HISTORICAL UK RETAIL, ISA, ACCOUNT AND BROKER ELIGIBILITY REMAIN PARTLY UNRESOLVED",0.11516454821291355,0.10989964278450803,0.09771109011952395,-0.09424333312393607,-0.08897842769553055,-0.07678987503054646,EARLY_B,LOOSER,36,0.7777777777777778,0.2222222222222222,0.08333333333333333,-0.6322899669130713,-0.20666290979563584,False
EARLY_B_TIGHTER_WEEKLY,2021-09-01,2026-08-21,2021-09-01,2026-08-21,1256,4.969301217684142,0.22435158965362034,0.2015076588691238,0.36521610811536404,0.25924636533163214,0.5517490997562238,0.7772824842167101,-0.357309413448466,-0.10883646378953839,0.5639584384982537,0.13407891308973963,1.5029034336984355,-0.23028637392586215,-0.15874781455002207,-0.19357036449561427,552,0.95,0.6101694915254238,0.75,3,6,-0.277903104396529,9.526450187561752,63,31,0.0,0.0,0.0,0.13248596326791734,0.7552978874966811,0.14164423097355497,0.06130573248407643,3.0,0.9386942675159236,"HISTORICAL UK RETAIL, ISA, ACCOUNT AND BROKER ELIGIBILITY REMAIN PARTLY UNRESOLVED",0.11516454821291355,0.10989964278450803,0.09771109011952395,0.08634311065621025,0.09160801608461577,0.10379656874959986,EARLY_B,TIGHTER,6,0.8333333333333334,0.16666666666666666,0.16666666666666666,-0.1739514054507545,-0.0483273775203219,False
EARLY_C_PRIMARY_WEEKLY,2021-09-01,2026-08-21,2021-09-01,2026-08-21,1256,4.969301217684142,0.07882344837951472,0.05335131921357328,0.34873238236426224,0.246071042263895,0.15298642142686394,0.21681266809264577,-0.48274553774139595,-0.23070444117959701,0.11051644198139285,0.26798057629743466,0.19908651571208671,-0.21175524585651861,-0.2461979861620136,-0.31078377883956476,1042,0.9666666666666667,0.559322033898305,0.5,4,6,-0.2972343118442742,11.899995850367429,133,60,0.0,0.0,0.0,0.11357991473719269,0.02585407485483604,0.18893739610286958,0.028662420382165606,3.0,0.9713375796178344,"HISTORICAL UK RETAIL, ISA, ACCOUNT AND BROKER ELIGIBILITY REMAIN PARTLY UNRESOLVED",0.11516454821291355,0.10989964278450803,0.09771109011952395,-0.061813228999340275,-0.056548323570934755,-0.04435977090595067,EARLY_C,PRIMARY,26,0.7692307692307693,0.23076923076923078,0.11538461538461539,-0.5704698701283631,-0.17376350181325184,False
EARLY_C_LOOSER_WEEKLY,2021-09-01,2026-08-21,2021-09-01,2026-08-21,1256,4.969301217684142,0.1209698063732716,0.08935389416818018,0.3277948521612989,0.22420804071166184,0.27259090122687946,0.39853117615479244,-0.4167628990759652,-0.1813701378523945,0.2143998286946681,0.20984690681029053,0.42580515255800006,-0.16102616136771142,-0.1936700702380737,-0.28390188477349043,1002,1.0,0.5423728813559322,0.5416666666666666,4,6,-0.21416940606212376,14.162723159792284,190,81,0.0,0.0,0.0,0.13852690037500373,0.06490351057513744,0.16972693021775886,0.025477707006369428,3.0,0.9745222929936306,"HISTORICAL UK RETAIL, ISA, ACCOUNT AND BROKER ELIGIBILITY REMAIN PARTLY UNRESOLVED",0.11516454821291355,0.10989964278450803,0.09771109011952395,-0.025810654044733372,-0.020545748616327852,-0.008357195951343765,EARLY_C,LOOSER,42,0.7380952380952381,0.2619047619047619,0.14285714285714285,-0.4923968653808791,-0.1077808631478211,False
EARLY_C_TIGHTER_WEEKLY,2021-09-01,2026-08-21,2021-09-01,2026-08-21,1256,4.969301217684142,0.22622499386926842,0.19901132363576157,0.3569388557856717,0.25050703328124296,0.5575501809622552,0.794434076476937,-0.3340877138651055,-0.09826344246807132,0.595685849483577,0.12212569357474765,1.6295614609054867,-0.21173769443858703,-0.15949932579335435,-0.1837773089239959,552,0.95,0.6101694915254238,0.75,3,6,-0.25181229564553387,11.286447241388663,110,53,0.0,0.0,0.0,0.1666796572436328,0.760488664002139,0.13545562119494056,0.06130573248407643,3.0,0.9386942675159236,"HISTORICAL UK RETAIL, ISA, ACCOUNT AND BROKER ELIGIBILITY REMAIN PARTLY UNRESOLVED",0.11516454821291355,0.10989964278450803,0.09771109011952395,0.08384677542284802,0.08911168085125354,0.10130023351623763,EARLY_C,TIGHTER,19,0.8947368421052632,0.10526315789473684,0.05263157894736842,-0.1824449013919477,-0.02510567793696139,False
