economic_exposure_family_id,audit_scope,before_valid_return_count,after_valid_return_count,before_first_valid_date,after_first_valid_date,before_history_sha256,after_history_sha256,overlap_valid_observations,max_absolute_return_difference_on_overlap,audit_result,warning
ASIA_PACIFIC_EX_JAPAN,UNAFFECTED_REGRESSION_CONTROL,2272,2272,2016-11-10,2016-11-10,02089fa6f7e11881e88cd1d99184804e49d8de8a9f29924755c31a3ba27a4cd4,02089fa6f7e11881e88cd1d99184804e49d8de8a9f29924755c31a3ba27a4cd4,2272,0.0,RETURN_IDENTICAL,CURRENT ELIGIBILITY MUST NOT BE BACK-PROJECTED HISTORICALLY
AUSTRALIA,BLOCKING_REMEDIATION,2640,2196,2015-12-08,2017-09-26,5aaadf95a6519e92c9259a8fc74b1b30d262e6ab553eba57f55b977a775eaa25,38dd0dc65158fc32915fd57ac4ce9ef47efcc3eb2ba5fcb2163527e0183a5a14,2194,0.11585908299259862,INTENTIONALLY_REMEDIATED,CURRENT ELIGIBILITY MUST NOT BE BACK-PROJECTED HISTORICALLY
BROAD_COMMODITIES,UNAFFECTED_REGRESSION_CONTROL,4711,4711,2007-03-26,2007-03-26,d776f69be929c2b946758f4c30280ed94018821e98dca18428d24f389c66766c,d776f69be929c2b946758f4c30280ed94018821e98dca18428d24f389c66766c,4711,0.0,RETURN_IDENTICAL,CURRENT ELIGIBILITY MUST NOT BE BACK-PROJECTED HISTORICALLY
CANADA,UNAFFECTED_REGRESSION_CONTROL,3530,3530,2010-09-20,2010-09-20,90f49713889bfd99f6c534ea0aa2831abda1dd20630d395ee079b5f893c20c06,90f49713889bfd99f6c534ea0aa2831abda1dd20630d395ee079b5f893c20c06,3530,0.0,RETURN_IDENTICAL,CURRENT ELIGIBILITY MUST NOT BE BACK-PROJECTED HISTORICALLY
CHINA_A_SHARES,UNAFFECTED_REGRESSION_CONTROL,3137,3137,2014-02-06,2014-02-06,ef9db85eb60cb911c424ed64c32f461706cba8f328a8043d96cd7d519486ec85,ef9db85eb60cb911c424ed64c32f461706cba8f328a8043d96cd7d519486ec85,3137,0.0,RETURN_IDENTICAL,CURRENT ELIGIBILITY MUST NOT BE BACK-PROJECTED HISTORICALLY
CHINA_BROAD,BLOCKING_REMEDIATION,2840,3840,2014-09-12,2011-02-24,64030553889da1344ca72e35029d6b847a0b186932aa0fec2f7608227732579f,223d4f82d870b21211568b2d197749676b0b845e92d46957cad8d2b55b2c45ad,2839,0.10099310264908434,INTENTIONALLY_REMEDIATED,CURRENT ELIGIBILITY MUST NOT BE BACK-PROJECTED HISTORICALLY
CHINA_BROAD_USD_HEDGED,UNAFFECTED_REGRESSION_CONTROL,0,0,,,f5bd8461b140fd46a9b527108942a65739ae548b1111fa0978a6205e0040aaba,f5bd8461b140fd46a9b527108942a65739ae548b1111fa0978a6205e0040aaba,0,,RETURN_IDENTICAL,CURRENT ELIGIBILITY MUST NOT BE BACK-PROJECTED HISTORICALLY
CHINA_INTERNET,UNAFFECTED_REGRESSION_CONTROL,1462,1462,2020-10-06,2020-10-06,c621108de10b724d87ccead77d43c406f95e1c4f6d806299d2488f3440080f30,c621108de10b724d87ccead77d43c406f95e1c4f6d806299d2488f3440080f30,1462,0.0,RETURN_IDENTICAL,CURRENT ELIGIBILITY MUST NOT BE BACK-PROJECTED HISTORICALLY
DEVELOPED_ASIA_PACIFIC,UNAFFECTED_REGRESSION_CONTROL,4155,4155,2009-09-29,2009-09-29,b4d8ea67986c98d2593836b7099723b7e8d83d6484dd49210eb25f1109d7eef7,b4d8ea67986c98d2593836b7099723b7e8d83d6484dd49210eb25f1109d7eef7,4155,0.0,RETURN_IDENTICAL,CURRENT ELIGIBILITY MUST NOT BE BACK-PROJECTED HISTORICALLY
EMERGING_ASIA,UNAFFECTED_REGRESSION_CONTROL,3362,3362,2010-10-26,2010-10-26,30f8e2561ec50c2f53d7944c67cc009e01de49a1453ad9adaad4075532086dd6,30f8e2561ec50c2f53d7944c67cc009e01de49a1453ad9adaad4075532086dd6,3362,0.0,RETURN_IDENTICAL,CURRENT ELIGIBILITY MUST NOT BE BACK-PROJECTED HISTORICALLY
EMERGING_MARKETS,UNAFFECTED_REGRESSION_CONTROL,3534,3534,2012-06-01,2012-06-01,694a9a83e3ae679965ce61dd9f8b36ca898252af25667253ab2cc84c41d70e8b,694a9a83e3ae679965ce61dd9f8b36ca898252af25667253ab2cc84c41d70e8b,3534,0.0,RETURN_IDENTICAL,CURRENT ELIGIBILITY MUST NOT BE BACK-PROJECTED HISTORICALLY
EUROPE_AEROSPACE_DEFENCE,UNAFFECTED_REGRESSION_CONTROL,916,916,2019-07-08,2019-07-08,7acead1e0ff0b9faf592379f8d226782f5a1fee79d0d2e5387710df188d7bae7,7acead1e0ff0b9faf592379f8d226782f5a1fee79d0d2e5387710df188d7bae7,916,0.0,RETURN_IDENTICAL,CURRENT ELIGIBILITY MUST NOT BE BACK-PROJECTED HISTORICALLY
EUROPE_BANKS,UNAFFECTED_REGRESSION_CONTROL,2953,2953,2014-10-29,2014-10-29,c9c1dd23cedb1aeaa70780678e30fc645b380e077f352d72b60c552d89d5012d,c9c1dd23cedb1aeaa70780678e30fc645b380e077f352d72b60c552d89d5012d,2953,0.0,RETURN_IDENTICAL,CURRENT ELIGIBILITY MUST NOT BE BACK-PROJECTED HISTORICALLY
EUROPE_BROAD,UNAFFECTED_REGRESSION_CONTROL,3392,3392,2010-06-01,2010-06-01,c84e2f385b40e6f8085eed0cebbf59f0e3998ccef9c9cdf6f76af00fe56126f9,c84e2f385b40e6f8085eed0cebbf59f0e3998ccef9c9cdf6f76af00fe56126f9,3392,0.0,RETURN_IDENTICAL,CURRENT ELIGIBILITY MUST NOT BE BACK-PROJECTED HISTORICALLY
EUROPE_CONSUMER_STAPLES,UNAFFECTED_REGRESSION_CONTROL,2852,2852,2014-12-12,2014-12-12,afcaffae470ca6a9087060b01ce6056857f04cf4f0ed765d89967c595ff550f5,afcaffae470ca6a9087060b01ce6056857f04cf4f0ed765d89967c595ff550f5,2852,0.0,RETURN_IDENTICAL,CURRENT ELIGIBILITY MUST NOT BE BACK-PROJECTED HISTORICALLY
EUROPE_ENERGY,BLOCKING_REMEDIATION,1088,1736,2022-04-07,2016-02-11,d001a7d28ce081be02a0cbf7feebc6caaea66fdeaac841265af8978ef38eb0c5,ac87126c6efd872b7fcbf60d287777073a6d56f489e6835a60091204e2015988,1088,0.05510289266782986,INTENTIONALLY_REMEDIATED,CURRENT ELIGIBILITY MUST NOT BE BACK-PROJECTED HISTORICALLY
EUROPE_EX_UK,UNAFFECTED_REGRESSION_CONTROL,2231,2231,2017-08-16,2017-08-16,06c33d5c5374e96f586c8b5ee37a0f2e4f1881e8f6980d1c85ba22b13bcfcacc,06c33d5c5374e96f586c8b5ee37a0f2e4f1881e8f6980d1c85ba22b13bcfcacc,2231,0.0,RETURN_IDENTICAL,CURRENT ELIGIBILITY MUST NOT BE BACK-PROJECTED HISTORICALLY
EUROPE_FINANCIALS,BLOCKING_REMEDIATION,2915,2913,2014-12-12,2014-12-12,c85c041e0465b05bfc750d11272a65794ada01e6c0c6b310a4cc50e5f7bc529c,357d5dab7add3fd77c436d0fb0a3c9e8e5a35fccf455e190af6bc7c4c8c50d28,2913,0.04341085271317824,INTENTIONALLY_REMEDIATED,CURRENT ELIGIBILITY MUST NOT BE BACK-PROJECTED HISTORICALLY
EUROPE_HEALTHCARE,BLOCKING_REMEDIATION,2915,2831,2014-12-12,2014-12-12,585164ac36dc8f7f7b71ef712af0c6ed63fb93a2a4dd578b7e6bad1de537200e,aafaef2e912344b669ee6956309ca62b580e69414908a1325443d02a3e99cb16,2831,0.04256418551796737,INTENTIONALLY_REMEDIATED,CURRENT ELIGIBILITY MUST NOT BE BACK-PROJECTED HISTORICALLY
EUROPE_INDUSTRIALS,BLOCKING_REMEDIATION,2546,2910,2016-05-09,2014-12-12,2a4ab3dc768f93ab0688a1c54ca10b430bb1c3c1c954b52cf165f8d76724e8aa,f54190ea96399ed4f5c171c4fb8be7524f614aa46dcc35b0feb3ec4cac954ab4,2543,0.06292460635950192,INTENTIONALLY_REMEDIATED,CURRENT ELIGIBILITY MUST NOT BE BACK-PROJECTED HISTORICALLY
EUROPE_INFRASTRUCTURE,UNAFFECTED_REGRESSION_CONTROL,131,131,2026-02-12,2026-02-12,67f0d6d6dcc98c3878cd4e00249546e5185c280ae20a218b6efba3eb218f3096,67f0d6d6dcc98c3878cd4e00249546e5185c280ae20a218b6efba3eb218f3096,131,0.0,RETURN_IDENTICAL,CURRENT ELIGIBILITY MUST NOT BE BACK-PROJECTED HISTORICALLY
EUROPE_MATERIALS,BLOCKING_REMEDIATION,2550,866,2016-05-09,2017-01-04,0fe9ee4b4ac36b521ee9ebb3c61e9bf9a46b11097afffd58ec2c9a07ec198169,e619a922eb86300501f90ccc7f7cf31d9bcff4d8454b0793c8595c921f4bbb1c,866,0.03133522791182142,INTENTIONALLY_REMEDIATED,CURRENT ELIGIBILITY MUST NOT BE BACK-PROJECTED HISTORICALLY
EUROPE_TECHNOLOGY,BLOCKING_REMEDIATION,2568,2906,2016-05-09,2014-12-12,9f4c38638b5c2f4ef5d501f02e595e439fa45601b74309628325cb4c4c01d3fe,727ef64907be1fe2211067062c52944a980b45d15b0a7d15bfac953ae5a20bcc,2552,0.056026548131820064,INTENTIONALLY_REMEDIATED,CURRENT ELIGIBILITY MUST NOT BE BACK-PROJECTED HISTORICALLY
EUROPE_UTILITIES,BLOCKING_REMEDIATION,2545,2898,2016-05-09,2014-12-12,d0775f6bbd6cdb6af523f5d36b859d603c3468a4207d70d07e3a7abd1f2fcecc,5d8753a06008341bf7cabc86e2261496221a0f2141617771439bcc933768ee66,2538,0.0969040867726465,INTENTIONALLY_REMEDIATED,CURRENT ELIGIBILITY MUST NOT BE BACK-PROJECTED HISTORICALLY
EUROZONE,UNAFFECTED_REGRESSION_CONTROL,3415,3415,2011-03-16,2011-03-16,91010ab3e856faa27e209a1acbaaf1255dc30898c08cd89f2bf140cec4ae27b5,91010ab3e856faa27e209a1acbaaf1255dc30898c08cd89f2bf140cec4ae27b5,3415,0.0,RETURN_IDENTICAL,CURRENT ELIGIBILITY MUST NOT BE BACK-PROJECTED HISTORICALLY
EUROZONE_USD_HEDGED,UNAFFECTED_REGRESSION_CONTROL,2525,2525,2015-07-22,2015-07-22,1bee3904e007f0f114425a1bb72c1b18e97ee4bde31cd53ebc14ae78f863d398,1bee3904e007f0f114425a1bb72c1b18e97ee4bde31cd53ebc14ae78f863d398,2525,0.0,RETURN_IDENTICAL,CURRENT ELIGIBILITY MUST NOT BE BACK-PROJECTED HISTORICALLY
EUR_OVERNIGHT_CASH,UNAFFECTED_REGRESSION_CONTROL,2863,2863,2015-03-04,2015-03-04,31e1015052d4e57404ea573aee5b2f419881aaeca0adc4d4a6ff0c45a0033bb3,31e1015052d4e57404ea573aee5b2f419881aaeca0adc4d4a6ff0c45a0033bb3,2863,0.0,RETURN_IDENTICAL,CURRENT ELIGIBILITY MUST NOT BE BACK-PROJECTED HISTORICALLY
GBP_CORPORATE_IG,UNAFFECTED_REGRESSION_CONTROL,5620,5620,2004-04-14,2004-04-14,ec498e2c2d7ba13e6055d7c59145ef6485340a49a3e7048b1fc9ea204083030e,ec498e2c2d7ba13e6055d7c59145ef6485340a49a3e7048b1fc9ea204083030e,5620,0.0,RETURN_IDENTICAL,CURRENT ELIGIBILITY MUST NOT BE BACK-PROJECTED HISTORICALLY
GBP_OVERNIGHT_CASH,UNAFFECTED_REGRESSION_CONTROL,0,0,,,1fd021aa0b840589aefd912429254f527ec4ec712969a419cb10d73b8a8beec7,1fd021aa0b840589aefd912429254f527ec4ec712969a419cb10d73b8a8beec7,0,,RETURN_IDENTICAL,CURRENT ELIGIBILITY MUST NOT BE BACK-PROJECTED HISTORICALLY
GLOBAL_AEROSPACE_DEFENCE,UNAFFECTED_REGRESSION_CONTROL,484,484,2024-09-17,2024-09-17,2c1b2edc32f10cdb2635931de71758df2a050017c38280b4151e9b19568d7b71,2c1b2edc32f10cdb2635931de71758df2a050017c38280b4151e9b19568d7b71,484,0.0,RETURN_IDENTICAL,CURRENT ELIGIBILITY MUST NOT BE BACK-PROJECTED HISTORICALLY
GLOBAL_AGGREGATE_BONDS_GBP_HEDGED,UNAFFECTED_REGRESSION_CONTROL,2177,2177,2017-11-28,2017-11-28,000b82ec4b3691ab513cc152d69bade26e1a0ad77180d2a5428cca6906b2f630,000b82ec4b3691ab513cc152d69bade26e1a0ad77180d2a5428cca6906b2f630,2177,0.0,RETURN_IDENTICAL,CURRENT ELIGIBILITY MUST NOT BE BACK-PROJECTED HISTORICALLY
GLOBAL_AGRIBUSINESS,UNAFFECTED_REGRESSION_CONTROL,3620,3620,2011-10-12,2011-10-12,6cbf1471b2136349f8cfadf1a4a3b34fa4414616b7772939c7752c7c2c5a4ce5,6cbf1471b2136349f8cfadf1a4a3b34fa4414616b7772939c7752c7c2c5a4ce5,3620,0.0,RETURN_IDENTICAL,CURRENT ELIGIBILITY MUST NOT BE BACK-PROJECTED HISTORICALLY
GLOBAL_AI,UNAFFECTED_REGRESSION_CONTROL,979,979,2022-09-16,2022-09-16,11f1c3266912f79521f0a9260daaf91bf460c4a425f90878f7e6a44281ffff59,11f1c3266912f79521f0a9260daaf91bf460c4a425f90878f7e6a44281ffff59,979,0.0,RETURN_IDENTICAL,CURRENT ELIGIBILITY MUST NOT BE BACK-PROJECTED HISTORICALLY
GLOBAL_ALL_WORLD,UNAFFECTED_REGRESSION_CONTROL,3569,3569,2012-05-28,2012-05-28,4194a38acaee8638b807b0d1a7ac14f2303ea5c224113ed6678ccbd0eaa87772,4194a38acaee8638b807b0d1a7ac14f2303ea5c224113ed6678ccbd0eaa87772,3569,0.0,RETURN_IDENTICAL,CURRENT ELIGIBILITY MUST NOT BE BACK-PROJECTED HISTORICALLY
GLOBAL_BANKS,BLOCKING_REMEDIATION,3370,0,2011-09-13,,c60a70f55fd885e33c59d8564f7530e88c0184ad4078dd96ccd058abce7f7d1c,c1e25af8c143b91c33ecf238bd6d71e7633bc4ce58d1b2ba0bcf6a141ba7d19e,0,,INTENTIONALLY_REMEDIATED,CURRENT ELIGIBILITY MUST NOT BE BACK-PROJECTED HISTORICALLY
GLOBAL_BATTERY_EV,UNAFFECTED_REGRESSION_CONTROL,2141,2141,2018-01-26,2018-01-26,3e5300ca6de20c2afa018583de1da7d1c7ba17e43a032ef4c83dca4983700734,3e5300ca6de20c2afa018583de1da7d1c7ba17e43a032ef4c83dca4983700734,2141,0.0,RETURN_IDENTICAL,CURRENT ELIGIBILITY MUST NOT BE BACK-PROJECTED HISTORICALLY
GLOBAL_BIOTECHNOLOGY,UNAFFECTED_REGRESSION_CONTROL,2701,2701,2014-11-12,2014-11-12,b89e54aa99e39442101a9521cf61af8ca5c50d28071aebca7faaaa036a3e85ec,b89e54aa99e39442101a9521cf61af8ca5c50d28071aebca7faaaa036a3e85ec,2701,0.0,RETURN_IDENTICAL,CURRENT ELIGIBILITY MUST NOT BE BACK-PROJECTED HISTORICALLY
GLOBAL_CLEAN_ENERGY,UNAFFECTED_REGRESSION_CONTROL,1445,1445,2020-11-02,2020-11-02,deeaf52b59b4baa0565b1079365bcce4ed3d57fa1fedced3d584ce36d7c603e1,deeaf52b59b4baa0565b1079365bcce4ed3d57fa1fedced3d584ce36d7c603e1,1445,0.0,RETURN_IDENTICAL,CURRENT ELIGIBILITY MUST NOT BE BACK-PROJECTED HISTORICALLY
GLOBAL_CORPORATE_IG_GBP_HEDGED,UNAFFECTED_REGRESSION_CONTROL,0,0,,,3ea26c88d647ea8f435d78b136094ef91f29bf8e1875db7f5ba8e6db6e42f2fc,3ea26c88d647ea8f435d78b136094ef91f29bf8e1875db7f5ba8e6db6e42f2fc,0,,RETURN_IDENTICAL,CURRENT ELIGIBILITY MUST NOT BE BACK-PROJECTED HISTORICALLY
GLOBAL_CYBERSECURITY,UNAFFECTED_REGRESSION_CONTROL,1548,1548,2020-06-03,2020-06-03,8ff68f13ba65a925c13d1837d0952d29d6dc66caddff317eb31d48c3a7526681,8ff68f13ba65a925c13d1837d0952d29d6dc66caddff317eb31d48c3a7526681,1548,0.0,RETURN_IDENTICAL,CURRENT ELIGIBILITY MUST NOT BE BACK-PROJECTED HISTORICALLY
GLOBAL_DEVELOPED_WORLD,UNAFFECTED_REGRESSION_CONTROL,3874,3874,2010-01-08,2010-01-08,48f61638cb55bc950c546db8e0c57d867e57c3488245a53bfcc6c1aaaed511ee,48f61638cb55bc950c546db8e0c57d867e57c3488245a53bfcc6c1aaaed511ee,3874,0.0,RETURN_IDENTICAL,CURRENT ELIGIBILITY MUST NOT BE BACK-PROJECTED HISTORICALLY
GLOBAL_DEVELOPED_WORLD_EUR_HEDGED,UNAFFECTED_REGRESSION_CONTROL,3695,3695,2010-10-26,2010-10-26,f34a77f58e3a407bb444aaadf05ecdc64f1a9671ba55907f39f1b1eaeb730283,f34a77f58e3a407bb444aaadf05ecdc64f1a9671ba55907f39f1b1eaeb730283,3695,0.0,RETURN_IDENTICAL,CURRENT ELIGIBILITY MUST NOT BE BACK-PROJECTED HISTORICALLY
GLOBAL_DEVELOPED_WORLD_GBP_HEDGED,UNAFFECTED_REGRESSION_CONTROL,3924,3924,2010-11-10,2010-11-10,3825b06ba95548948fbf92d9367af47b9e1a17e9a74eb488be35a5cf12aa0f83,3825b06ba95548948fbf92d9367af47b9e1a17e9a74eb488be35a5cf12aa0f83,3924,0.0,RETURN_IDENTICAL,CURRENT ELIGIBILITY MUST NOT BE BACK-PROJECTED HISTORICALLY
GLOBAL_ENERGY,UNAFFECTED_REGRESSION_CONTROL,3663,3663,2012-01-06,2012-01-06,b638d51f5bb6ef41639336b2c9bf01d44ee5db45af54239fc8533c1a7c4c284c,b638d51f5bb6ef41639336b2c9bf01d44ee5db45af54239fc8533c1a7c4c284c,3663,0.0,RETURN_IDENTICAL,CURRENT ELIGIBILITY MUST NOT BE BACK-PROJECTED HISTORICALLY
GLOBAL_FINANCIALS,UNAFFECTED_REGRESSION_CONTROL,3315,3315,2012-04-11,2012-04-11,35146c814dc965bd70723c6cb469fe64cbba6802e8a6741febe17c15e8906499,35146c814dc965bd70723c6cb469fe64cbba6802e8a6741febe17c15e8906499,3315,0.0,RETURN_IDENTICAL,CURRENT ELIGIBILITY MUST NOT BE BACK-PROJECTED HISTORICALLY
GLOBAL_GENOMICS,UNAFFECTED_REGRESSION_CONTROL,1194,1194,2021-11-05,2021-11-05,bc380d2ebf5f2cd97d367568d3b16fc9da1eb3d303dd63f0f4b755121b12404e,bc380d2ebf5f2cd97d367568d3b16fc9da1eb3d303dd63f0f4b755121b12404e,1194,0.0,RETURN_IDENTICAL,CURRENT ELIGIBILITY MUST NOT BE BACK-PROJECTED HISTORICALLY
GLOBAL_GOLD_MINERS,UNAFFECTED_REGRESSION_CONTROL,4196,4196,2008-11-27,2008-11-27,f9b066d4f6058fd761b159baad03e34fb1f6be878b509236f60bc513079a45f0,f9b066d4f6058fd761b159baad03e34fb1f6be878b509236f60bc513079a45f0,4196,0.0,RETURN_IDENTICAL,CURRENT ELIGIBILITY MUST NOT BE BACK-PROJECTED HISTORICALLY
GLOBAL_HEALTHCARE,BLOCKING_REMEDIATION,3333,3335,2011-05-19,2011-05-19,b2823c2aef25fcb32fd4cfa58f582838026fe80b6643806045608dcd39d577c9,0695078fb2ee1d9e5baecde4ff65c5205d798668184ff2f9cc7940f26bc294bc,3333,0.03584809179463133,INTENTIONALLY_REMEDIATED,CURRENT ELIGIBILITY MUST NOT BE BACK-PROJECTED HISTORICALLY
GLOBAL_INDUSTRIALS,UNAFFECTED_REGRESSION_CONTROL,2581,2581,2016-04-07,2016-04-07,826e044d472213972c9a2c81c74bc7640014cfbdb41f50907b41a1b9fdbf149c,826e044d472213972c9a2c81c74bc7640014cfbdb41f50907b41a1b9fdbf149c,2581,0.0,RETURN_IDENTICAL,CURRENT ELIGIBILITY MUST NOT BE BACK-PROJECTED HISTORICALLY
GLOBAL_INFRASTRUCTURE,BLOCKING_REMEDIATION,1193,4890,2021-11-09,2006-10-26,f17d9fcb56ab519278d3c7240439a8f4d33642b27aac507c230d0ca4ab0f1ece,699477b3df8659f42f04383c4cda6e0e0d3f99a1e28b88a2d3399ce7869d404d,1188,0.06739642049676076,INTENTIONALLY_REMEDIATED,CURRENT ELIGIBILITY MUST NOT BE BACK-PROJECTED HISTORICALLY
GLOBAL_MATERIALS,UNAFFECTED_REGRESSION_CONTROL,1555,1555,2017-10-27,2017-10-27,97bd6cf7c9cc64dfc2fd3241c4746ed0ffd15e068b7979bfc97cae75ecc9e12b,97bd6cf7c9cc64dfc2fd3241c4746ed0ffd15e068b7979bfc97cae75ecc9e12b,1555,0.0,RETURN_IDENTICAL,CURRENT ELIGIBILITY MUST NOT BE BACK-PROJECTED HISTORICALLY
GLOBAL_OIL_GAS,UNAFFECTED_REGRESSION_CONTROL,3541,3541,2011-10-10,2011-10-10,db07482439d4e548690b1021719d4b543264ac6d429f3b3a0e7dc7926398ab88,db07482439d4e548690b1021719d4b543264ac6d429f3b3a0e7dc7926398ab88,3541,0.0,RETURN_IDENTICAL,CURRENT ELIGIBILITY MUST NOT BE BACK-PROJECTED HISTORICALLY
GLOBAL_QUANTUM_COMPUTING,UNAFFECTED_REGRESSION_CONTROL,312,312,2025-05-28,2025-05-28,3d082da79a29f23b978e20435bea2ae6c6883f9dd8358da99703015c57991cb8,3d082da79a29f23b978e20435bea2ae6c6883f9dd8358da99703015c57991cb8,312,0.0,RETURN_IDENTICAL,CURRENT ELIGIBILITY MUST NOT BE BACK-PROJECTED HISTORICALLY
GLOBAL_REAL_ESTATE,UNAFFECTED_REGRESSION_CONTROL,1869,1869,2019-01-23,2019-01-23,9f686b2cc23e420f2bbb1aabdbe679447c230793d50b5603bd80833785952753,9f686b2cc23e420f2bbb1aabdbe679447c230793d50b5603bd80833785952753,1869,0.0,RETURN_IDENTICAL,CURRENT ELIGIBILITY MUST NOT BE BACK-PROJECTED HISTORICALLY
GLOBAL_RETAIL,UNAFFECTED_REGRESSION_CONTROL,1183,1183,2021-11-19,2021-11-19,424c9722571465a82101b02ba6e98ece18bc6d2370b333c3114fe5187802c74c,424c9722571465a82101b02ba6e98ece18bc6d2370b333c3114fe5187802c74c,1183,0.0,RETURN_IDENTICAL,CURRENT ELIGIBILITY MUST NOT BE BACK-PROJECTED HISTORICALLY
GLOBAL_ROBOTICS_AUTOMATION,UNAFFECTED_REGRESSION_CONTROL,2480,2480,2016-09-15,2016-09-15,3044c5c812be0fdca6c214ba230eef49cb314b9e547d196894642120d65c155b,3044c5c812be0fdca6c214ba230eef49cb314b9e547d196894642120d65c155b,2480,0.0,RETURN_IDENTICAL,CURRENT ELIGIBILITY MUST NOT BE BACK-PROJECTED HISTORICALLY
GLOBAL_SEMICONDUCTORS,UNAFFECTED_REGRESSION_CONTROL,3181,3181,2013-09-17,2013-09-17,db86b85cc6983b94803d8ae226993f56163d368e4de91b08aef4852f836cf3c8,db86b85cc6983b94803d8ae226993f56163d368e4de91b08aef4852f836cf3c8,3181,0.0,RETURN_IDENTICAL,CURRENT ELIGIBILITY MUST NOT BE BACK-PROJECTED HISTORICALLY
GLOBAL_SILVER_MINERS,UNAFFECTED_REGRESSION_CONTROL,1072,1072,2022-05-11,2022-05-11,5984a2c86632dfa9bc64c79d6d5bfcc6ce7508b5ac129810c18bb8089e2bfd98,5984a2c86632dfa9bc64c79d6d5bfcc6ce7508b5ac129810c18bb8089e2bfd98,1072,0.0,RETURN_IDENTICAL,CURRENT ELIGIBILITY MUST NOT BE BACK-PROJECTED HISTORICALLY
GLOBAL_SMALL_CAP,UNAFFECTED_REGRESSION_CONTROL,3176,3176,2013-12-10,2013-12-10,1bc65357ffeaef866e77de697bd83a3cf907a26a1c2921634133815d4c99fcd1,1bc65357ffeaef866e77de697bd83a3cf907a26a1c2921634133815d4c99fcd1,3176,0.0,RETURN_IDENTICAL,CURRENT ELIGIBILITY MUST NOT BE BACK-PROJECTED HISTORICALLY
GLOBAL_SOFTWARE,UNAFFECTED_REGRESSION_CONTROL,1904,1904,2019-01-03,2019-01-03,37b3b0b0d0e2f304d7a2c3d5ad67faa82b004b62709e952ab49b539e15babddf,37b3b0b0d0e2f304d7a2c3d5ad67faa82b004b62709e952ab49b539e15babddf,1904,0.0,RETURN_IDENTICAL,CURRENT ELIGIBILITY MUST NOT BE BACK-PROJECTED HISTORICALLY
GLOBAL_SOLAR,UNAFFECTED_REGRESSION_CONTROL,1181,1181,2021-10-07,2021-10-07,3a140388e75ba928fb65fd91dbb8602877aed679f677e5dbf97025cde02b09fa,3a140388e75ba928fb65fd91dbb8602877aed679f677e5dbf97025cde02b09fa,1181,0.0,RETURN_IDENTICAL,CURRENT ELIGIBILITY MUST NOT BE BACK-PROJECTED HISTORICALLY
GLOBAL_SPACE,UNAFFECTED_REGRESSION_CONTROL,0,0,,,be546a104109c9e5520b9b978bff00e6bbe3c6ac8ac9b83e12b9675b97884db9,be546a104109c9e5520b9b978bff00e6bbe3c6ac8ac9b83e12b9675b97884db9,0,,RETURN_IDENTICAL,CURRENT ELIGIBILITY MUST NOT BE BACK-PROJECTED HISTORICALLY
GLOBAL_TECHNOLOGY,BLOCKING_REMEDIATION,2480,2568,2016-09-15,2016-05-09,2e6be5fda139a09bab52e2582691e2f90e7066167f9b501682037009e55c2a21,a451b997c6fdbca8168a841054f61985059bb5ca86172f49763a55b61d103da3,2477,0.05023085614960621,INTENTIONALLY_REMEDIATED,CURRENT ELIGIBILITY MUST NOT BE BACK-PROJECTED HISTORICALLY
GLOBAL_TRANSPORTATION,UNAFFECTED_REGRESSION_CONTROL,2132,2132,2018-01-26,2018-01-26,fd1afd5c74da2ccd88db0d9e9ba6aa12cf673fc6ecf143b33412db20be2eefaf,fd1afd5c74da2ccd88db0d9e9ba6aa12cf673fc6ecf143b33412db20be2eefaf,2132,0.0,RETURN_IDENTICAL,CURRENT ELIGIBILITY MUST NOT BE BACK-PROJECTED HISTORICALLY
GLOBAL_URANIUM_NUCLEAR,UNAFFECTED_REGRESSION_CONTROL,1074,1074,2022-05-06,2022-05-06,108501bc6d16d88ab84157415329b7b575b37a723cd294e6b166c71a06144741,108501bc6d16d88ab84157415329b7b575b37a723cd294e6b166c71a06144741,1074,0.0,RETURN_IDENTICAL,CURRENT ELIGIBILITY MUST NOT BE BACK-PROJECTED HISTORICALLY
GLOBAL_UTILITIES,UNAFFECTED_REGRESSION_CONTROL,1807,1807,2016-07-08,2016-07-08,f1ea9c6d294497737d2308923200480d6b75581e1106bf4c6ae92a273e5927db,f1ea9c6d294497737d2308923200480d6b75581e1106bf4c6ae92a273e5927db,1807,0.0,RETURN_IDENTICAL,CURRENT ELIGIBILITY MUST NOT BE BACK-PROJECTED HISTORICALLY
GLOBAL_WATER,UNAFFECTED_REGRESSION_CONTROL,3280,3280,2007-04-04,2007-04-04,9b7c201180f8a66fc7cc6cb4a5ff7c06b9c9bdc0c64bf37f035b63574368147a,9b7c201180f8a66fc7cc6cb4a5ff7c06b9c9bdc0c64bf37f035b63574368147a,3280,0.0,RETURN_IDENTICAL,CURRENT ELIGIBILITY MUST NOT BE BACK-PROJECTED HISTORICALLY
GOLD,UNAFFECTED_REGRESSION_CONTROL,4972,4972,2006-10-02,2006-10-02,83e9e80c6579e5ee7193442da4b5edc697380f06c5d355dc95472a090aa5b7e2,83e9e80c6579e5ee7193442da4b5edc697380f06c5d355dc95472a090aa5b7e2,4972,0.0,RETURN_IDENTICAL,CURRENT ELIGIBILITY MUST NOT BE BACK-PROJECTED HISTORICALLY
INDIA,UNAFFECTED_REGRESSION_CONTROL,4336,4336,2007-09-21,2007-09-21,b7f4a6b1f461f63c0362b0055cd14d616a2c7fa0b8eaf24c37751d746a380b1c,b7f4a6b1f461f63c0362b0055cd14d616a2c7fa0b8eaf24c37751d746a380b1c,4336,0.0,RETURN_IDENTICAL,CURRENT ELIGIBILITY MUST NOT BE BACK-PROJECTED HISTORICALLY
JAPAN,UNAFFECTED_REGRESSION_CONTROL,3490,3490,2011-12-01,2011-12-01,9db21e77a58287f720347de3ce1e7100d913089d662b194ca9bd926ccc49ca8b,9db21e77a58287f720347de3ce1e7100d913089d662b194ca9bd926ccc49ca8b,3490,0.0,RETURN_IDENTICAL,CURRENT ELIGIBILITY MUST NOT BE BACK-PROJECTED HISTORICALLY
JAPAN_EUR_HEDGED,UNAFFECTED_REGRESSION_CONTROL,3926,3926,2010-10-11,2010-10-11,53245dcd45ce18aabe517480639693857fa0283f0921b9edeb743c74f356b3c2,53245dcd45ce18aabe517480639693857fa0283f0921b9edeb743c74f356b3c2,3926,0.0,RETURN_IDENTICAL,CURRENT ELIGIBILITY MUST NOT BE BACK-PROJECTED HISTORICALLY
JAPAN_GBP_HEDGED,UNAFFECTED_REGRESSION_CONTROL,3523,3523,2012-08-06,2012-08-06,5149c92bf5f1923bdfbc08b7b1f5de1c14e66bfbad86fcbf30aaa4c4a3cf3763,5149c92bf5f1923bdfbc08b7b1f5de1c14e66bfbad86fcbf30aaa4c4a3cf3763,3523,0.0,RETURN_IDENTICAL,CURRENT ELIGIBILITY MUST NOT BE BACK-PROJECTED HISTORICALLY
LATIN_AMERICA,UNAFFECTED_REGRESSION_CONTROL,0,0,,,786970829e86df318d1b2b8e04efea51ea112f75c4ab534e1c95bf1aa4b9fc66,786970829e86df318d1b2b8e04efea51ea112f75c4ab534e1c95bf1aa4b9fc66,0,,RETURN_IDENTICAL,CURRENT ELIGIBILITY MUST NOT BE BACK-PROJECTED HISTORICALLY
SILVER_PHYSICAL,UNAFFECTED_REGRESSION_CONTROL,4737,4737,2007-04-30,2007-04-30,c7206b8bfa17bbdb5c754828cef06dbdd4309fb76ef82ef0128ed7607615bdc3,c7206b8bfa17bbdb5c754828cef06dbdd4309fb76ef82ef0128ed7607615bdc3,4737,0.0,RETURN_IDENTICAL,CURRENT ELIGIBILITY MUST NOT BE BACK-PROJECTED HISTORICALLY
SOUTH_KOREA,UNAFFECTED_REGRESSION_CONTROL,5026,5026,2005-11-24,2005-11-24,d2a90fcaba284fa9994816ade57e2d73816348e583df5f6c6bec370cd8f4bbcd,d2a90fcaba284fa9994816ade57e2d73816348e583df5f6c6bec370cd8f4bbcd,5026,0.0,RETURN_IDENTICAL,CURRENT ELIGIBILITY MUST NOT BE BACK-PROJECTED HISTORICALLY
TAIWAN,UNAFFECTED_REGRESSION_CONTROL,5006,5006,2005-11-03,2005-11-03,bd9696c048e8f766539d2d763b7790649773933256d892b31655dac9f120d514,bd9696c048e8f766539d2d763b7790649773933256d892b31655dac9f120d514,5006,0.0,RETURN_IDENTICAL,CURRENT ELIGIBILITY MUST NOT BE BACK-PROJECTED HISTORICALLY
UK_BROAD_MARKET,UNAFFECTED_REGRESSION_CONTROL,3697,3697,2011-04-26,2011-04-26,9f2d3fff5d5183f3942fbe559dce22e7fb4a3102b74727d228fcbf7b5a6ae7ba,9f2d3fff5d5183f3942fbe559dce22e7fb4a3102b74727d228fcbf7b5a6ae7ba,3697,0.0,RETURN_IDENTICAL,CURRENT ELIGIBILITY MUST NOT BE BACK-PROJECTED HISTORICALLY
UK_GILTS_ALL,UNAFFECTED_REGRESSION_CONTROL,3427,3427,2012-06-12,2012-06-12,db6fa93c1d309c99cbb53506900866ab46622bc637c46f771dd51f86fcc93a27,db6fa93c1d309c99cbb53506900866ab46622bc637c46f771dd51f86fcc93a27,3427,0.0,RETURN_IDENTICAL,CURRENT ELIGIBILITY MUST NOT BE BACK-PROJECTED HISTORICALLY
UK_GILTS_LONG,UNAFFECTED_REGRESSION_CONTROL,0,0,,,0a9c2a9be86e89806b930b0a0db3beab05d0caa1828842777b94a84a45cefb62,0a9c2a9be86e89806b930b0a0db3beab05d0caa1828842777b94a84a45cefb62,0,,RETURN_IDENTICAL,CURRENT ELIGIBILITY MUST NOT BE BACK-PROJECTED HISTORICALLY
UK_GILTS_SHORT,UNAFFECTED_REGRESSION_CONTROL,2033,2033,2018-06-15,2018-06-15,87443ef4cfc6675514f15f405ee600ada6b63fd88afff074a901d4a8a08bc3a5,87443ef4cfc6675514f15f405ee600ada6b63fd88afff074a901d4a8a08bc3a5,2033,0.0,RETURN_IDENTICAL,CURRENT ELIGIBILITY MUST NOT BE BACK-PROJECTED HISTORICALLY
UK_INDEX_LINKED_GILTS,UNAFFECTED_REGRESSION_CONTROL,0,0,,,22e31bb9bceb26f1bcb52769b9c7e909df9220adf5af2d0332cf274e0d15ff63,22e31bb9bceb26f1bcb52769b9c7e909df9220adf5af2d0332cf274e0d15ff63,0,,RETURN_IDENTICAL,CURRENT ELIGIBILITY MUST NOT BE BACK-PROJECTED HISTORICALLY
UK_LARGE_CAP,UNAFFECTED_REGRESSION_CONTROL,6603,6603,2000-05-05,2000-05-05,7aa48e2488a0203e642500c4384986b4aa72bc2a8874b86e51073812ac9484c5,7aa48e2488a0203e642500c4384986b4aa72bc2a8874b86e51073812ac9484c5,6603,0.0,RETURN_IDENTICAL,CURRENT ELIGIBILITY MUST NOT BE BACK-PROJECTED HISTORICALLY
UK_MID_CAP,UNAFFECTED_REGRESSION_CONTROL,5620,5620,2004-04-01,2004-04-01,e7cdc56449245d0ac055cffcd146aeca90833270766459470a1fe467edfae4b5,e7cdc56449245d0ac055cffcd146aeca90833270766459470a1fe467edfae4b5,5620,0.0,RETURN_IDENTICAL,CURRENT ELIGIBILITY MUST NOT BE BACK-PROJECTED HISTORICALLY
UK_SMALL_CAP,UNAFFECTED_REGRESSION_CONTROL,3471,3471,2010-11-03,2010-11-03,7f6e34be2ef4f0954e829e6a783b277e7de1c2d9f0b649bb91342b5aac1c0673,7f6e34be2ef4f0954e829e6a783b277e7de1c2d9f0b649bb91342b5aac1c0673,3471,0.0,RETURN_IDENTICAL,CURRENT ELIGIBILITY MUST NOT BE BACK-PROJECTED HISTORICALLY
USD_OVERNIGHT_CASH,UNAFFECTED_REGRESSION_CONTROL,2228,2228,2015-07-21,2015-07-21,2ddd5450e3f04f187bd9007e0fa2e0c0a49f8b7aa973324d5fa077fe61f13e0e,2ddd5450e3f04f187bd9007e0fa2e0c0a49f8b7aa973324d5fa077fe61f13e0e,2228,0.0,RETURN_IDENTICAL,CURRENT ELIGIBILITY MUST NOT BE BACK-PROJECTED HISTORICALLY
US_AEROSPACE_DEFENCE,BLOCKING_REMEDIATION,329,24,2025-04-29,2026-07-20,558cafeccc43c7e375361875e9d8d81d65f298b1ef082aa8e7a30c61852aabef,bef83cc2d619a0143534514a3f4922459f3ac295591949047f8dd52ced9d95db,24,0.01874496909507184,INTENTIONALLY_REMEDIATED,CURRENT ELIGIBILITY MUST NOT BE BACK-PROJECTED HISTORICALLY
US_AI,UNAFFECTED_REGRESSION_CONTROL,0,0,,,6b8b25931076efe97dd3f73907ca0fd0fc678bab4285bdaa91a30c3eedf9bf04,6b8b25931076efe97dd3f73907ca0fd0fc678bab4285bdaa91a30c3eedf9bf04,0,,RETURN_IDENTICAL,CURRENT ELIGIBILITY MUST NOT BE BACK-PROJECTED HISTORICALLY
US_BANKS,UNAFFECTED_REGRESSION_CONTROL,1974,1974,2018-06-01,2018-06-01,4fcb492c8c75a246e6fca67fb89d4877e623fb49c4d32bba366fdf88d09c8d8e,4fcb492c8c75a246e6fca67fb89d4877e623fb49c4d32bba366fdf88d09c8d8e,1974,0.0,RETURN_IDENTICAL,CURRENT ELIGIBILITY MUST NOT BE BACK-PROJECTED HISTORICALLY
US_BROAD_LARGE_CAP,UNAFFECTED_REGRESSION_CONTROL,6167,6167,2002-03-22,2002-03-22,5434c415369515247c4844c9f8b4465662967e9170f4b2c3d3ea27607df388f7,5434c415369515247c4844c9f8b4465662967e9170f4b2c3d3ea27607df388f7,6167,0.0,RETURN_IDENTICAL,CURRENT ELIGIBILITY MUST NOT BE BACK-PROJECTED HISTORICALLY
US_BROAD_LARGE_CAP_EUR_HEDGED,UNAFFECTED_REGRESSION_CONTROL,3857,3857,2010-11-09,2010-11-09,fb5a632750db3651fce20337ae29c421721866df0015e22ab1f07a79f3d6486d,fb5a632750db3651fce20337ae29c421721866df0015e22ab1f07a79f3d6486d,3857,0.0,RETURN_IDENTICAL,CURRENT ELIGIBILITY MUST NOT BE BACK-PROJECTED HISTORICALLY
US_BROAD_LARGE_CAP_GBP_HEDGED,UNAFFECTED_REGRESSION_CONTROL,3944,3944,2010-11-03,2010-11-03,f185f3100d60e4b2a5efd1980cb8328d7d8495f5305d42d728420a63cae7c6b3,f185f3100d60e4b2a5efd1980cb8328d7d8495f5305d42d728420a63cae7c6b3,3944,0.0,RETURN_IDENTICAL,CURRENT ELIGIBILITY MUST NOT BE BACK-PROJECTED HISTORICALLY
US_COMMUNICATION_SERVICES,UNAFFECTED_REGRESSION_CONTROL,1381,1381,2021-02-02,2021-02-02,b3c98a18a825b1e4fd953833d6bf11e6c2bbed36f4c14004b43bafafdf49383e,b3c98a18a825b1e4fd953833d6bf11e6c2bbed36f4c14004b43bafafdf49383e,1381,0.0,RETURN_IDENTICAL,CURRENT ELIGIBILITY MUST NOT BE BACK-PROJECTED HISTORICALLY
US_CONSUMER_STAPLES,UNAFFECTED_REGRESSION_CONTROL,2777,2777,2015-07-14,2015-07-14,dcfdd92e932b9b5a4f1ae2ce1b124a8e40deffa86157df595400b3757f2d7d60,dcfdd92e932b9b5a4f1ae2ce1b124a8e40deffa86157df595400b3757f2d7d60,2777,0.0,RETURN_IDENTICAL,CURRENT ELIGIBILITY MUST NOT BE BACK-PROJECTED HISTORICALLY
US_FINANCIALS,UNAFFECTED_REGRESSION_CONTROL,3765,3765,2010-02-18,2010-02-18,fb1b3b10e698db92fa954fc16d13b579791bc5339f673111448ceda35fe046bd,fb1b3b10e698db92fa954fc16d13b579791bc5339f673111448ceda35fe046bd,3765,0.0,RETURN_IDENTICAL,CURRENT ELIGIBILITY MUST NOT BE BACK-PROJECTED HISTORICALLY
US_HEALTHCARE,UNAFFECTED_REGRESSION_CONTROL,2775,2775,2015-07-14,2015-07-14,82ef7fe485bdb2f8dc60f8bdaa8a4873b76ca838ea058b93e80eba3af66d64a5,82ef7fe485bdb2f8dc60f8bdaa8a4873b76ca838ea058b93e80eba3af66d64a5,2775,0.0,RETURN_IDENTICAL,CURRENT ELIGIBILITY MUST NOT BE BACK-PROJECTED HISTORICALLY
US_NASDAQ_100,UNAFFECTED_REGRESSION_CONTROL,4752,4752,2005-08-30,2005-08-30,22d6c1c849935493e34c93e27acc5489fb8b28164dd3e6e731ee9d096ff0540d,22d6c1c849935493e34c93e27acc5489fb8b28164dd3e6e731ee9d096ff0540d,4752,0.0,RETURN_IDENTICAL,CURRENT ELIGIBILITY MUST NOT BE BACK-PROJECTED HISTORICALLY
US_SMALL_CAP,UNAFFECTED_REGRESSION_CONTROL,3328,3328,2011-11-30,2011-11-30,590feea36b183e5bdb4ad937b7ee2d48d787a06711f82885b8aac681cb983693,590feea36b183e5bdb4ad937b7ee2d48d787a06711f82885b8aac681cb983693,3328,0.0,RETURN_IDENTICAL,CURRENT ELIGIBILITY MUST NOT BE BACK-PROJECTED HISTORICALLY
US_TOTAL_MARKET,UNAFFECTED_REGRESSION_CONTROL,3295,3295,2013-05-14,2013-05-14,8e79d8addc58c4bca84212b5069c461b956df9474a6f426dcd62115beb1463f1,8e79d8addc58c4bca84212b5069c461b956df9474a6f426dcd62115beb1463f1,3295,0.0,RETURN_IDENTICAL,CURRENT ELIGIBILITY MUST NOT BE BACK-PROJECTED HISTORICALLY
US_TOTAL_MARKET_GBP_HEDGED,UNAFFECTED_REGRESSION_CONTROL,0,0,,,9ef7b67126acdaed19923fdb041a0814c95b357ef57f7f196e1c23aa50b6547c,9ef7b67126acdaed19923fdb041a0814c95b357ef57f7f196e1c23aa50b6547c,0,,RETURN_IDENTICAL,CURRENT ELIGIBILITY MUST NOT BE BACK-PROJECTED HISTORICALLY
EUROPE_CONSUMER_DISCRETIONARY,A2R_SECTOR_GRID_ADDITION,0,2849,,2014-12-12,NOT_APPLICABLE,b00bd51a4c304c148ed9fdaa57e9d98e119c18de667ce240a14b81370070eefc,0,,A2R_NEW_FAMILY_ADDITION,CURRENT ELIGIBILITY MUST NOT BE BACK-PROJECTED HISTORICALLY
EUROPE_COMMUNICATION_SERVICES,A2R_SECTOR_GRID_ADDITION,0,1044,,2017-10-03,NOT_APPLICABLE,1c8279e10ea9ce1322ce71efa0ea53af3e4a56b86adfb349c954de91298cbb16,0,,A2R_NEW_FAMILY_ADDITION,CURRENT ELIGIBILITY MUST NOT BE BACK-PROJECTED HISTORICALLY
EUROPE_REAL_ESTATE,A2R_SECTOR_GRID_ADDITION,0,3499,,2010-09-03,NOT_APPLICABLE,d50f52404045428392b2d00a7f717a43a5db478adf9fe98734788d6e8b63492e,0,,A2R_NEW_FAMILY_ADDITION,CURRENT ELIGIBILITY MUST NOT BE BACK-PROJECTED HISTORICALLY
GLOBAL_CONSUMER_DISCRETIONARY,A2R_SECTOR_GRID_ADDITION,0,1054,,2016-06-09,NOT_APPLICABLE,dc8b21ce1fb5e2063e754a386230c133841419bff49db0d1af388150c4312be7,0,,A2R_NEW_FAMILY_ADDITION,CURRENT ELIGIBILITY MUST NOT BE BACK-PROJECTED HISTORICALLY
GLOBAL_CONSUMER_STAPLES,A2R_SECTOR_GRID_ADDITION,0,2560,,2016-05-09,NOT_APPLICABLE,d9623f0da4eaffd7cb5fc7ef491fa205ec6f87b86baf23fc06227dba2836d89e,0,,A2R_NEW_FAMILY_ADDITION,CURRENT ELIGIBILITY MUST NOT BE BACK-PROJECTED HISTORICALLY
GLOBAL_COMMUNICATION_SERVICES,A2R_SECTOR_GRID_ADDITION,0,2545,,2016-05-09,NOT_APPLICABLE,c82a7d21eaa99b730a3aa6782875ddc7aeef5a9ab54255cf7796e4f086dee55b,0,,A2R_NEW_FAMILY_ADDITION,CURRENT ELIGIBILITY MUST NOT BE BACK-PROJECTED HISTORICALLY
