strategy_id,regime,months,episodes,average_episode_months,mean_monthly_return,median_monthly_return,annualised_return,realised_volatility,sharpe,sortino,positive_month_frequency,worst_month,average_episode_return,worst_episode_return,episode_mdd,forward_1m_return,forward_3m_return,forward_6m_return,excess_vs_global,excess_vs_equal_pool,sample_status,warning,risk_score_substate,summary_level,m2_minus_global,cash_minus_risky,differential_basis
GLOBAL_0_M2_100,R1_BROAD_RISK_ON,7,6,1.1666666666666667,0.010821880025311545,-0.005470906476852888,0.1308044144194338,0.12325197291522819,1.0536347389185978,6.334894168513382,0.42857142857142855,-0.01971727110479804,0.012672828345982934,-0.033827435768195246,-0.014393974562113998,0.010821880025311545,0.026139690704517844,0.04283672707116632,0.0029651847105742757,0.005234425138859538,INSUFFICIENT_REGIME_SAMPLE,E2 DEVELOPMENTAL; A4F THRESHOLDS ARE PRIOR-ONLY; NO E3 CONFIRMATION,ALL_SUBSTATES,FOUR_STATE_REGIME,0.03819157416001362,-0.07113999430349116,STATE_CONDITIONAL_ANNUALISED_COMPOUNDED_RETURN_DIFFERENCE
GLOBAL_0_M2_100,R2_LEADERSHIP_RISK_ON,86,11,7.818181818181818,0.008562197358683766,0.006570075268278797,0.09772077022055381,0.13714444638286719,0.7491835871892862,1.4646647932929444,0.5813953488372093,-0.08721534686166921,0.07753178204216142,-0.060978645153352606,-0.09774737295100921,0.008562197358683766,0.025696081395010954,0.055130577656747864,0.0016865789404283055,0.0017901119138719935,REGIME_SAMPLE_SUFFICIENT,E2 DEVELOPMENTAL; A4F THRESHOLDS ARE PRIOR-ONLY; NO E3 CONFIRMATION,ALL_SUBSTATES,FOUR_STATE_REGIME,0.01804801428204228,-0.05799728144379457,STATE_CONDITIONAL_ANNUALISED_COMPOUNDED_RETURN_DIFFERENCE
GLOBAL_0_M2_100,R3_ISOLATED_LEADERSHIP,16,8,2.0,0.009925406684238046,0.02095607193241822,0.10236596979649093,0.2112862385071913,0.5637133826243147,0.6969261736891943,0.6875,-0.11979721551947498,0.021750131460755148,-0.11979721551947498,-0.10017960216791388,0.009925406684238046,0.06423356852801901,0.15228472146543123,-0.0008432694752092129,-0.0033788049059168407,INSUFFICIENT_REGIME_SAMPLE,E2 DEVELOPMENTAL; A4F THRESHOLDS ARE PRIOR-ONLY; NO E3 CONFIRMATION,ALL_SUBSTATES,FOUR_STATE_REGIME,-0.01634162382922688,-0.10327265645248196,STATE_CONDITIONAL_ANNUALISED_COMPOUNDED_RETURN_DIFFERENCE
GLOBAL_0_M2_100,R4_CAPITAL_PRESERVATION,5,5,1.0,0.06264294077417976,0.04770741512196475,1.0518339986685743,0.17273422735826516,4.351860663555908,,1.0,0.008042376907867466,0.06264294077417976,0.008042376907867466,0.0,0.06264294077417976,0.1014542037080423,0.14440923259906352,0.0028176308621566727,0.002716023432248571,INSUFFICIENT_REGIME_SAMPLE,E2 DEVELOPMENTAL; A4F THRESHOLDS ARE PRIOR-ONLY; NO E3 CONFIRMATION,ALL_SUBSTATES,FOUR_STATE_REGIME,0.05013768510080485,-0.9927561463321675,STATE_CONDITIONAL_ANNUALISED_COMPOUNDED_RETURN_DIFFERENCE
GLOBAL_100,R1_BROAD_RISK_ON,7,6,1.1666666666666667,0.00785669531473727,0.0022324988040187677,0.09261284025942018,0.1133250454358909,0.831946225251527,2.3150814609296115,0.5714285714285714,-0.029608404966571245,0.0091614880508847,-0.029608404966571245,-0.0061157283989341504,0.00785669531473727,0.01949438827362669,0.04724524562482398,0.0,0.0022692404282852623,INSUFFICIENT_REGIME_SAMPLE,E2 DEVELOPMENTAL; A4F THRESHOLDS ARE PRIOR-ONLY; NO E3 CONFIRMATION,ALL_SUBSTATES,FOUR_STATE_REGIME,0.03819157416001362,-0.07113999430349116,STATE_CONDITIONAL_ANNUALISED_COMPOUNDED_RETURN_DIFFERENCE
GLOBAL_100,R2_LEADERSHIP_RISK_ON,86,11,7.818181818181818,0.006875618418255459,0.009979420875116607,0.07967275593851153,0.1063969716390908,0.77546775766268,1.130833843255732,0.627906976744186,-0.07844522968197887,0.057787058680985375,-0.07844522968197887,-0.08231569425599239,0.006875618418255459,0.023279406891065325,0.047352385768064574,0.0,0.0001035329734436879,REGIME_SAMPLE_SUFFICIENT,E2 DEVELOPMENTAL; A4F THRESHOLDS ARE PRIOR-ONLY; NO E3 CONFIRMATION,ALL_SUBSTATES,FOUR_STATE_REGIME,0.01804801428204228,-0.05799728144379457,STATE_CONDITIONAL_ANNUALISED_COMPOUNDED_RETURN_DIFFERENCE
GLOBAL_100,R3_ISOLATED_LEADERSHIP,16,8,2.0,0.010768676159447259,0.023914685541097658,0.11870759362571781,0.1827424181992341,0.7071380316992472,0.5828990374208426,0.75,-0.14975423265974874,0.022663952004302074,-0.14975423265974874,-0.04532211071544212,0.010768676159447259,0.05254766661141126,0.1029747897341409,0.0,-0.0025355354307076278,INSUFFICIENT_REGIME_SAMPLE,E2 DEVELOPMENTAL; A4F THRESHOLDS ARE PRIOR-ONLY; NO E3 CONFIRMATION,ALL_SUBSTATES,FOUR_STATE_REGIME,-0.01634162382922688,-0.10327265645248196,STATE_CONDITIONAL_ANNUALISED_COMPOUNDED_RETURN_DIFFERENCE
GLOBAL_100,R4_CAPITAL_PRESERVATION,5,5,1.0,0.05982530991202308,0.051084209125980884,1.0016963135677694,0.09634372202755788,7.4514841635340785,,1.0,0.03586848223181671,0.05982530991202308,0.03586848223181671,0.0,0.05982530991202308,0.0901713738445327,0.1460164448687808,0.0,-0.00010160742990810157,INSUFFICIENT_REGIME_SAMPLE,E2 DEVELOPMENTAL; A4F THRESHOLDS ARE PRIOR-ONLY; NO E3 CONFIRMATION,ALL_SUBSTATES,FOUR_STATE_REGIME,0.05013768510080485,-0.9927561463321675,STATE_CONDITIONAL_ANNUALISED_COMPOUNDED_RETURN_DIFFERENCE
GLOBAL_25_CASH75,R1_BROAD_RISK_ON,7,6,1.1666666666666667,0.00327074492403082,0.001581996441976985,0.03964566503379019,0.0268044750321607,1.4642681507948934,14.063567419776389,0.7142857142857143,-0.005278797379761224,0.003816436879765961,-0.005278797379761224,0.0,0.00327074492403082,0.00913203868885564,0.02110605808199395,-0.004585950390706449,-0.0023167099624211867,INSUFFICIENT_REGIME_SAMPLE,E2 DEVELOPMENTAL; A4F THRESHOLDS ARE PRIOR-ONLY; NO E3 CONFIRMATION,ALL_SUBSTATES,FOUR_STATE_REGIME,0.03819157416001362,-0.07113999430349116,STATE_CONDITIONAL_ANNUALISED_COMPOUNDED_RETURN_DIFFERENCE
GLOBAL_25_CASH75,R2_LEADERSHIP_RISK_ON,86,11,7.818181818181818,0.003038801915364568,0.0029998698631231724,0.036690649339029324,0.027666740238834253,1.3180310607460022,1.986955936365861,0.7209302325581395,-0.019224447463036087,0.02482472449193852,-0.019224447463036087,-0.02060093981181399,0.003038801915364568,0.00979642673846665,0.019893767633496408,-0.0038368165028908915,-0.003733283529447204,REGIME_SAMPLE_SUFFICIENT,E2 DEVELOPMENTAL; A4F THRESHOLDS ARE PRIOR-ONLY; NO E3 CONFIRMATION,ALL_SUBSTATES,FOUR_STATE_REGIME,0.01804801428204228,-0.05799728144379457,STATE_CONDITIONAL_ANNUALISED_COMPOUNDED_RETURN_DIFFERENCE
GLOBAL_25_CASH75,R3_ISOLATED_LEADERSHIP,16,8,2.0,0.0036224865909948445,0.0061738024483593,0.04329971948834066,0.04604738204439651,0.9440241152043507,0.7518085416386319,0.75,-0.03732248388669146,0.007338913567499522,-0.03732248388669146,-0.010708925243346767,0.0036224865909948445,0.01620151758956498,0.031627289425523314,-0.007146189568452414,-0.009681724999160042,INSUFFICIENT_REGIME_SAMPLE,E2 DEVELOPMENTAL; A4F THRESHOLDS ARE PRIOR-ONLY; NO E3 CONFIRMATION,ALL_SUBSTATES,FOUR_STATE_REGIME,-0.01634162382922688,-0.10327265645248196,STATE_CONDITIONAL_ANNUALISED_COMPOUNDED_RETURN_DIFFERENCE
GLOBAL_25_CASH75,R4_CAPITAL_PRESERVATION,5,5,1.0,0.015475728349471618,0.013001297432918113,0.2021153531900517,0.022957468168569237,8.089251777681248,,1.0,0.010229938664717553,0.015475728349471618,0.010229938664717553,0.0,0.015475728349471618,0.024002954360589523,0.039901792169727335,-0.04434958156255146,-0.04445118899245957,INSUFFICIENT_REGIME_SAMPLE,E2 DEVELOPMENTAL; A4F THRESHOLDS ARE PRIOR-ONLY; NO E3 CONFIRMATION,ALL_SUBSTATES,FOUR_STATE_REGIME,0.05013768510080485,-0.9927561463321675,STATE_CONDITIONAL_ANNUALISED_COMPOUNDED_RETURN_DIFFERENCE
GLOBAL_50_CASH50,R1_BROAD_RISK_ON,7,6,1.1666666666666667,0.004789800504920965,0.0017955965343161573,0.057640400420132076,0.055538651984206704,1.0349117957597573,2.7626268806669296,0.5714285714285714,-0.013399804019759265,0.0055871239427879305,-0.013399804019759265,-0.0014460639367124273,0.004789800504920965,0.012699454312620397,0.02993465454710087,-0.003066894809816304,-0.0007976543815310417,INSUFFICIENT_REGIME_SAMPLE,E2 DEVELOPMENTAL; A4F THRESHOLDS ARE PRIOR-ONLY; NO E3 CONFIRMATION,ALL_SUBSTATES,FOUR_STATE_REGIME,0.03819157416001362,-0.07113999430349116,STATE_CONDITIONAL_ANNUALISED_COMPOUNDED_RETURN_DIFFERENCE
GLOBAL_50_CASH50,R2_LEADERSHIP_RISK_ON,86,11,7.818181818181818,0.004308354361726053,0.00567840481853743,0.05144718259119374,0.0537547635604128,0.9617799226780864,1.3910072462304426,0.6511627906976745,-0.03898925197455039,0.03555511934280023,-0.03898925197455039,-0.04141272422087605,0.004308354361726053,0.014274179041801267,0.029162218606116976,-0.002567264056529406,-0.002463731083085718,REGIME_SAMPLE_SUFFICIENT,E2 DEVELOPMENTAL; A4F THRESHOLDS ARE PRIOR-ONLY; NO E3 CONFIRMATION,ALL_SUBSTATES,FOUR_STATE_REGIME,0.01804801428204228,-0.05799728144379457,STATE_CONDITIONAL_ANNUALISED_COMPOUNDED_RETURN_DIFFERENCE
GLOBAL_50_CASH50,R3_ISOLATED_LEADERSHIP,16,8,2.0,0.0059913848180575685,0.012076973953674686,0.07001621715796857,0.09155909097561278,0.7852482702765238,0.6392961637950005,0.75,-0.07484164254937609,0.012290093895437976,-0.07484164254937609,-0.022261283035992285,0.0059913848180575685,0.028425796171383702,0.055235557266491916,-0.00477729134138969,-0.007312826772097318,INSUFFICIENT_REGIME_SAMPLE,E2 DEVELOPMENTAL; A4F THRESHOLDS ARE PRIOR-ONLY; NO E3 CONFIRMATION,ALL_SUBSTATES,FOUR_STATE_REGIME,-0.01634162382922688,-0.10327265645248196,STATE_CONDITIONAL_ANNUALISED_COMPOUNDED_RETURN_DIFFERENCE
GLOBAL_50_CASH50,R4_CAPITAL_PRESERVATION,5,5,1.0,0.03023970036097614,0.025677490247574042,0.42854841510977226,0.0473784706947014,7.659099143786761,,1.0,0.01876440346219832,0.03023970036097614,0.01876440346219832,0.0,0.03023970036097614,0.04565077228172294,0.07418873131485552,-0.029585609551046943,-0.029687216980955045,INSUFFICIENT_REGIME_SAMPLE,E2 DEVELOPMENTAL; A4F THRESHOLDS ARE PRIOR-ONLY; NO E3 CONFIRMATION,ALL_SUBSTATES,FOUR_STATE_REGIME,0.05013768510080485,-0.9927561463321675,STATE_CONDITIONAL_ANNUALISED_COMPOUNDED_RETURN_DIFFERENCE
GLOBAL_50_M2_25_CASH25,R1_BROAD_RISK_ON,7,6,1.1666666666666667,0.006966818856811592,-0.0018397806938240668,0.0836634830060381,0.0843540211762138,0.9910828804129753,3.539406136979464,0.42857142857142855,-0.017829270982573697,0.008129778675292168,-0.017829270982573697,-0.00594639029998667,0.006966818856811592,0.01770906486771435,0.037301378577983275,-0.0008898764579256773,0.0013793639703595848,INSUFFICIENT_REGIME_SAMPLE,E2 DEVELOPMENTAL; A4F THRESHOLDS ARE PRIOR-ONLY; NO E3 CONFIRMATION,ALL_SUBSTATES,FOUR_STATE_REGIME,0.03819157416001362,-0.07113999430349116,STATE_CONDITIONAL_ANNUALISED_COMPOUNDED_RETURN_DIFFERENCE
GLOBAL_50_M2_25_CASH25,R2_LEADERSHIP_RISK_ON,86,11,7.818181818181818,0.0059300952598217195,0.006637770059810255,0.07003711617969488,0.08150224114114875,0.8731188507395887,1.3863194805554149,0.6046511627906976,-0.05566575212386149,0.05050570346680163,-0.05257702921886376,-0.06047738573422923,0.0059300952598217195,0.019126431465046483,0.03961938117705284,-0.0009455231584337401,-0.0008419901849900522,REGIME_SAMPLE_SUFFICIENT,E2 DEVELOPMENTAL; A4F THRESHOLDS ARE PRIOR-ONLY; NO E3 CONFIRMATION,ALL_SUBSTATES,FOUR_STATE_REGIME,0.01804801428204228,-0.05799728144379457,STATE_CONDITIONAL_ANNUALISED_COMPOUNDED_RETURN_DIFFERENCE
GLOBAL_50_M2_25_CASH25,R3_ISOLATED_LEADERSHIP,16,8,2.0,0.008137196159701085,0.01751320631530695,0.0917316951913072,0.14082714320025402,0.6933773681509778,0.661931705038043,0.75,-0.10491953274899168,0.017051873801700118,-0.10491953274899168,-0.046666773735598466,0.008137196159701085,0.0429726862860188,0.08984425940595273,-0.002631479999746174,-0.005167015430453802,INSUFFICIENT_REGIME_SAMPLE,E2 DEVELOPMENTAL; A4F THRESHOLDS ARE PRIOR-ONLY; NO E3 CONFIRMATION,ALL_SUBSTATES,FOUR_STATE_REGIME,-0.01634162382922688,-0.10327265645248196,STATE_CONDITIONAL_ANNUALISED_COMPOUNDED_RETURN_DIFFERENCE
GLOBAL_50_M2_25_CASH25,R4_CAPITAL_PRESERVATION,5,5,1.0,0.045504327960282254,0.03628569820305172,0.7014942184193029,0.08324087727217568,6.559901257863266,,1.0,0.032741219059468474,0.045504327960282254,0.032741219059468474,0.0,0.045504327960282254,0.0698496377431026,0.10818161044626562,-0.01432098195174083,-0.01442258938164893,INSUFFICIENT_REGIME_SAMPLE,E2 DEVELOPMENTAL; A4F THRESHOLDS ARE PRIOR-ONLY; NO E3 CONFIRMATION,ALL_SUBSTATES,FOUR_STATE_REGIME,0.05013768510080485,-0.9927561463321675,STATE_CONDITIONAL_ANNUALISED_COMPOUNDED_RETURN_DIFFERENCE
GLOBAL_50_M2_50,R1_BROAD_RISK_ON,7,6,1.1666666666666667,0.009249901741549429,-0.0076343495584764165,0.11078337282547879,0.1147009060928876,0.9677240109045309,5.026790915970942,0.42857142857142855,-0.022149965564903673,0.010804748286711185,-0.022149965564903673,-0.010371221387574736,0.009249901741549429,0.022899455161483347,0.04510448860175652,0.001393206426812161,0.003662446855097423,INSUFFICIENT_REGIME_SAMPLE,E2 DEVELOPMENTAL; A4F THRESHOLDS ARE PRIOR-ONLY; NO E3 CONFIRMATION,ALL_SUBSTATES,FOUR_STATE_REGIME,0.03819157416001362,-0.07113999430349116,STATE_CONDITIONAL_ANNUALISED_COMPOUNDED_RETURN_DIFFERENCE
GLOBAL_50_M2_50,R2_LEADERSHIP_RISK_ON,86,11,7.818181818181818,0.0076558484504674435,0.007682222116211057,0.0890574601380083,0.11276667534464745,0.8146926485579854,1.395119969634212,0.6046511627906976,-0.0774720028755912,0.06724597325962245,-0.06605697596817228,-0.07999476470025912,0.0076558484504674435,0.02427834051304411,0.050710511345629726,0.0007802300322119843,0.0008837630056556723,REGIME_SAMPLE_SUFFICIENT,E2 DEVELOPMENTAL; A4F THRESHOLDS ARE PRIOR-ONLY; NO E3 CONFIRMATION,ALL_SUBSTATES,FOUR_STATE_REGIME,0.01804801428204228,-0.05799728144379457,STATE_CONDITIONAL_ANNUALISED_COMPOUNDED_RETURN_DIFFERENCE
GLOBAL_50_M2_50,R3_ISOLATED_LEADERSHIP,16,8,2.0,0.010327235345817233,0.025063703462298026,0.11138826531185542,0.1921142349441999,0.6450684103955215,0.664784765333772,0.6875,-0.13486809264918898,0.022141260125838363,-0.13486809264918898,-0.07194793455057791,0.010327235345817233,0.05792315755188122,0.1263826636689978,-0.00044144081363002574,-0.0029769762443376535,INSUFFICIENT_REGIME_SAMPLE,E2 DEVELOPMENTAL; A4F THRESHOLDS ARE PRIOR-ONLY; NO E3 CONFIRMATION,ALL_SUBSTATES,FOUR_STATE_REGIME,-0.01634162382922688,-0.10327265645248196,STATE_CONDITIONAL_ANNUALISED_COMPOUNDED_RETURN_DIFFERENCE
GLOBAL_50_M2_50,R4_CAPITAL_PRESERVATION,5,5,1.0,0.061082722943237314,0.0470221160690254,1.0261941486202106,0.12397055627682936,5.912635204137156,,1.0,0.034563419334169065,0.061082722943237314,0.034563419334169065,0.0,0.061082722943237314,0.09535103200497226,0.1444469786374854,0.0012574130312142274,0.0011558056013061258,INSUFFICIENT_REGIME_SAMPLE,E2 DEVELOPMENTAL; A4F THRESHOLDS ARE PRIOR-ONLY; NO E3 CONFIRMATION,ALL_SUBSTATES,FOUR_STATE_REGIME,0.05013768510080485,-0.9927561463321675,STATE_CONDITIONAL_ANNUALISED_COMPOUNDED_RETURN_DIFFERENCE
GLOBAL_75_CASH25,R1_BROAD_RISK_ON,7,6,1.1666666666666667,0.006314445960519444,0.0020091576499521313,0.0752494848832228,0.08440849192845072,0.8976982030488468,2.4679249016241034,0.5714285714285714,-0.021512940491416166,0.007364136309005583,-0.021512940491416166,-0.0037867719493981378,0.006314445960519444,0.01614218926567728,0.03862566425323931,-0.0015422493542178253,0.0007269910740674369,INSUFFICIENT_REGIME_SAMPLE,E2 DEVELOPMENTAL; A4F THRESHOLDS ARE PRIOR-ONLY; NO E3 CONFIRMATION,ALL_SUBSTATES,FOUR_STATE_REGIME,0.03819157416001362,-0.07113999430349116,STATE_CONDITIONAL_ANNUALISED_COMPOUNDED_RETURN_DIFFERENCE
GLOBAL_75_CASH25,R2_LEADERSHIP_RISK_ON,86,11,7.818181818181818,0.005583777872164069,0.007762647752452612,0.06573755658662561,0.08004960265437959,0.8370476834878192,1.2193120565191389,0.6395348837209303,-0.05873432445907811,0.04651457689461387,-0.05873432445907811,-0.06199018762049224,0.005583777872164069,0.018757396450509185,0.03829340684595783,-0.0012918405460913907,-0.0011883075726477027,REGIME_SAMPLE_SUFFICIENT,E2 DEVELOPMENTAL; A4F THRESHOLDS ARE PRIOR-ONLY; NO E3 CONFIRMATION,ALL_SUBSTATES,FOUR_STATE_REGIME,0.01804801428204228,-0.05799728144379457,STATE_CONDITIONAL_ANNUALISED_COMPOUNDED_RETURN_DIFFERENCE
GLOBAL_75_CASH25,R3_ISOLATED_LEADERSHIP,16,8,2.0,0.008369676659901341,0.017985983460041544,0.09518016980917032,0.13714645822436797,0.7323274783699135,0.6010480589730809,0.75,-0.11232335640970259,0.01739013399969913,-0.11232335640970259,-0.03380233251059772,0.008369676659901341,0.040531946183639436,0.07899825822734871,-0.0023989994995459174,-0.004934534930253545,INSUFFICIENT_REGIME_SAMPLE,E2 DEVELOPMENTAL; A4F THRESHOLDS ARE PRIOR-ONLY; NO E3 CONFIRMATION,ALL_SUBSTATES,FOUR_STATE_REGIME,-0.01634162382922688,-0.10327265645248196,STATE_CONDITIONAL_ANNUALISED_COMPOUNDED_RETURN_DIFFERENCE
GLOBAL_75_CASH25,R4_CAPITAL_PRESERVATION,5,5,1.0,0.04501833734714067,0.03836636066929766,0.6930728356714968,0.07184464109437701,7.5192810477825445,,1.0,0.027307178772226548,0.04501833734714067,0.027307178772226548,0.0,0.04501833734714067,0.0676912925510916,0.10952225169941618,-0.014806972564882415,-0.014908579994790516,INSUFFICIENT_REGIME_SAMPLE,E2 DEVELOPMENTAL; A4F THRESHOLDS ARE PRIOR-ONLY; NO E3 CONFIRMATION,ALL_SUBSTATES,FOUR_STATE_REGIME,0.05013768510080485,-0.9927561463321675,STATE_CONDITIONAL_ANNUALISED_COMPOUNDED_RETURN_DIFFERENCE
GLOBAL_75_M2_10_CASH15,R1_BROAD_RISK_ON,7,6,1.1666666666666667,0.007127606062105829,0.0018988696408228645,0.08482464097836995,0.09561622353854421,0.8945267819617568,2.781719035019302,0.5714285714285714,-0.023338686335060754,0.008313759221048544,-0.023338686335060754,-0.005628142248295442,0.007127606062105829,0.017938764638285983,0.0411679376995631,-0.0007290892526314398,0.0015401511756538225,INSUFFICIENT_REGIME_SAMPLE,E2 DEVELOPMENTAL; A4F THRESHOLDS ARE PRIOR-ONLY; NO E3 CONFIRMATION,ALL_SUBSTATES,FOUR_STATE_REGIME,0.03819157416001362,-0.07113999430349116,STATE_CONDITIONAL_ANNUALISED_COMPOUNDED_RETURN_DIFFERENCE
GLOBAL_75_M2_10_CASH15,R2_LEADERSHIP_RISK_ON,86,11,7.818181818181818,0.006178682566892296,0.007709214772505302,0.07241625196033818,0.09023359715212621,0.8216916219986964,1.2197914252187254,0.6046511627906976,-0.06422761580805125,0.05213512376913361,-0.06422761580805125,-0.06966345681204711,0.006178682566892296,0.020539648726161926,0.04209425856762545,-0.000696935851363164,-0.0005934028779194761,REGIME_SAMPLE_SUFFICIENT,E2 DEVELOPMENTAL; A4F THRESHOLDS ARE PRIOR-ONLY; NO E3 CONFIRMATION,ALL_SUBSTATES,FOUR_STATE_REGIME,0.01804801428204228,-0.05799728144379457,STATE_CONDITIONAL_ANNUALISED_COMPOUNDED_RETURN_DIFFERENCE
GLOBAL_75_M2_10_CASH15,R3_ISOLATED_LEADERSHIP,16,8,2.0,0.009232727601406025,0.020386612908461776,0.10348998225029948,0.15619322072503236,0.7093312417951572,0.6125981212795245,0.75,-0.12442191164309324,0.01934087198405475,-0.12442191164309324,-0.04262297396810055,0.009232727601406025,0.04613257688819149,0.09252308535896489,-0.0015359485580412335,-0.004071483988748861,INSUFFICIENT_REGIME_SAMPLE,E2 DEVELOPMENTAL; A4F THRESHOLDS ARE PRIOR-ONLY; NO E3 CONFIRMATION,ALL_SUBSTATES,FOUR_STATE_REGIME,-0.01634162382922688,-0.10327265645248196,STATE_CONDITIONAL_ANNUALISED_COMPOUNDED_RETURN_DIFFERENCE
GLOBAL_75_M2_10_CASH15,R4_CAPITAL_PRESERVATION,5,5,1.0,0.05083971137092873,0.04253359987436478,0.8085643750903628,0.08453263373879726,7.217053455784412,,1.0,0.034320164221882,0.05083971137092873,0.034320164221882,0.0,0.05083971137092873,0.07708072064844443,0.12278916507458973,-0.008985598541094353,-0.009087205971002455,INSUFFICIENT_REGIME_SAMPLE,E2 DEVELOPMENTAL; A4F THRESHOLDS ARE PRIOR-ONLY; NO E3 CONFIRMATION,ALL_SUBSTATES,FOUR_STATE_REGIME,0.05013768510080485,-0.9927561463321675,STATE_CONDITIONAL_ANNUALISED_COMPOUNDED_RETURN_DIFFERENCE
GLOBAL_75_M2_25,R1_BROAD_RISK_ON,7,6,1.1666666666666667,0.008497293442366018,-0.0015807883482739093,0.10103288974113789,0.11303941665876065,0.902052791162291,2.847556842882709,0.42857142857142855,-0.02592999637241966,0.009915691378391303,-0.02592999637241966,-0.008283318763043668,0.008497293442366018,0.021042794189163407,0.04585334199297627,0.000640598127628749,0.002909838555914011,INSUFFICIENT_REGIME_SAMPLE,E2 DEVELOPMENTAL; A4F THRESHOLDS ARE PRIOR-ONLY; NO E3 CONFIRMATION,ALL_SUBSTATES,FOUR_STATE_REGIME,0.03819157416001362,-0.07113999430349116,STATE_CONDITIONAL_ANNUALISED_COMPOUNDED_RETURN_DIFFERENCE
GLOBAL_75_M2_25,R2_LEADERSHIP_RISK_ON,86,11,7.818181818181818,0.007214384099042646,0.008303975098716943,0.08399377168611322,0.10694121462036431,0.809534560607339,1.2586179083773357,0.6046511627906976,-0.07280449598561334,0.06208212303168033,-0.07231221211000749,-0.08082333467910607,0.007214384099042646,0.023624702056533015,0.048664126281276116,0.00033876568078718686,0.0004422986542308748,REGIME_SAMPLE_SUFFICIENT,E2 DEVELOPMENTAL; A4F THRESHOLDS ARE PRIOR-ONLY; NO E3 CONFIRMATION,ALL_SUBSTATES,FOUR_STATE_REGIME,0.01804801428204228,-0.05799728144379457,STATE_CONDITIONAL_ANNUALISED_COMPOUNDED_RETURN_DIFFERENCE
GLOBAL_75_M2_25,R3_ISOLATED_LEADERSHIP,16,8,2.0,0.010546107244685021,0.024403636878662538,0.11532990131522003,0.1859323650615299,0.6806415165769576,0.6272963362161061,0.75,-0.14238273264371426,0.02238779661073384,-0.14238273264371426,-0.05779966196038322,0.010546107244685021,0.05500733516777161,0.11415995883370067,-0.00022256891476223756,-0.0027581043454698653,INSUFFICIENT_REGIME_SAMPLE,E2 DEVELOPMENTAL; A4F THRESHOLDS ARE PRIOR-ONLY; NO E3 CONFIRMATION,ALL_SUBSTATES,FOUR_STATE_REGIME,-0.01634162382922688,-0.10327265645248196,STATE_CONDITIONAL_ANNUALISED_COMPOUNDED_RETURN_DIFFERENCE
GLOBAL_75_M2_25,R4_CAPITAL_PRESERVATION,5,5,1.0,0.06018804392168557,0.04784636572395984,1.008606071083039,0.10619204151282201,6.801418606996259,,1.0,0.04425277432570929,0.06018804392168557,0.04425277432570929,0.0,0.06018804392168557,0.0923369448561501,0.1445876309290842,0.00036273400966249094,0.00026112657975438933,INSUFFICIENT_REGIME_SAMPLE,E2 DEVELOPMENTAL; A4F THRESHOLDS ARE PRIOR-ONLY; NO E3 CONFIRMATION,ALL_SUBSTATES,FOUR_STATE_REGIME,0.05013768510080485,-0.9927561463321675,STATE_CONDITIONAL_ANNUALISED_COMPOUNDED_RETURN_DIFFERENCE
GLOBAL_90_M2_10,R1_BROAD_RISK_ON,7,6,1.1666666666666667,0.008047874596356268,0.0020551683810972055,0.09515125941177738,0.11295622909410648,0.8549727264338538,2.624172085948235,0.5714285714285714,-0.028196421799866478,0.009386779218406915,-0.028196421799866478,-0.0070295281813714805,0.008047874596356268,0.01991960232732329,0.04628582028403153,0.0001911792816189996,0.002460419709904262,INSUFFICIENT_REGIME_SAMPLE,E2 DEVELOPMENTAL; A4F THRESHOLDS ARE PRIOR-ONLY; NO E3 CONFIRMATION,ALL_SUBSTATES,FOUR_STATE_REGIME,0.03819157416001362,-0.07113999430349116,STATE_CONDITIONAL_ANNUALISED_COMPOUNDED_RETURN_DIFFERENCE
GLOBAL_90_M2_10,R2_LEADERSHIP_RISK_ON,86,11,7.818181818181818,0.006952164242601938,0.00959319991737062,0.08070803648643365,0.1059901036454271,0.7871109475495133,1.1666673663911964,0.6046511627906976,-0.07606233653378502,0.058987436676218946,-0.07606233653378502,-0.08183411816882102,0.006952164242601938,0.023248266598515067,0.04750000557291837,7.654582434647889e-05,0.0001800787977901668,REGIME_SAMPLE_SUFFICIENT,E2 DEVELOPMENTAL; A4F THRESHOLDS ARE PRIOR-ONLY; NO E3 CONFIRMATION,ALL_SUBSTATES,FOUR_STATE_REGIME,0.01804801428204228,-0.05799728144379457,STATE_CONDITIONAL_ANNUALISED_COMPOUNDED_RETURN_DIFFERENCE
GLOBAL_90_M2_10,R3_ISOLATED_LEADERSHIP,16,8,2.0,0.01068037347040738,0.023947331087945778,0.1174752294947139,0.18345947847706276,0.6985983101489764,0.5999186892999414,0.75,-0.14688734985806917,0.022545833162697357,-0.14688734985806917,-0.04930115493645737,0.01068037347040738,0.053318225011201995,0.10701025827617242,-8.830268903987915e-05,-0.002623838119747507,INSUFFICIENT_REGIME_SAMPLE,E2 DEVELOPMENTAL; A4F THRESHOLDS ARE PRIOR-ONLY; NO E3 CONFIRMATION,ALL_SUBSTATES,FOUR_STATE_REGIME,-0.01634162382922688,-0.10327265645248196,STATE_CONDITIONAL_ANNUALISED_COMPOUNDED_RETURN_DIFFERENCE
GLOBAL_90_M2_10,R4_CAPITAL_PRESERVATION,5,5,1.0,0.05965524183688546,0.050153584287701225,0.9975074827222232,0.09904566355796297,7.2276046858295,,1.0,0.03944396145968798,0.05965524183688546,0.03944396145968798,0.0,0.05965524183688546,0.0905675302984578,0.14472350570417897,-0.00017006807513761935,-0.00027167550504572093,INSUFFICIENT_REGIME_SAMPLE,E2 DEVELOPMENTAL; A4F THRESHOLDS ARE PRIOR-ONLY; NO E3 CONFIRMATION,ALL_SUBSTATES,FOUR_STATE_REGIME,0.05013768510080485,-0.9927561463321675,STATE_CONDITIONAL_ANNUALISED_COMPOUNDED_RETURN_DIFFERENCE
M2_TOP7_CASH0_100,R1_BROAD_RISK_ON,7,6,1.1666666666666667,0.010821880025311545,-0.005470906476852888,0.1308044144194338,0.12325197291522819,1.0536347389185978,6.334894168513382,0.42857142857142855,-0.01971727110479804,0.012672828345982934,-0.033827435768195246,-0.014393974562113998,0.010821880025311545,0.026139690704517844,0.04283672707116632,0.0029651847105742757,0.005234425138859538,INSUFFICIENT_REGIME_SAMPLE,E2 DEVELOPMENTAL; A4F THRESHOLDS ARE PRIOR-ONLY; NO E3 CONFIRMATION,ALL_SUBSTATES,FOUR_STATE_REGIME,0.03819157416001362,-0.07113999430349116,STATE_CONDITIONAL_ANNUALISED_COMPOUNDED_RETURN_DIFFERENCE
M2_TOP7_CASH0_100,R2_LEADERSHIP_RISK_ON,86,11,7.818181818181818,0.008562197358683766,0.006570075268278797,0.09772077022055381,0.13714444638286719,0.7491835871892862,1.4646647932929444,0.5813953488372093,-0.08721534686166921,0.07753178204216142,-0.060978645153352606,-0.09774737295100921,0.008562197358683766,0.025696081395010954,0.055130577656747864,0.0016865789404283055,0.0017901119138719935,REGIME_SAMPLE_SUFFICIENT,E2 DEVELOPMENTAL; A4F THRESHOLDS ARE PRIOR-ONLY; NO E3 CONFIRMATION,ALL_SUBSTATES,FOUR_STATE_REGIME,0.01804801428204228,-0.05799728144379457,STATE_CONDITIONAL_ANNUALISED_COMPOUNDED_RETURN_DIFFERENCE
M2_TOP7_CASH0_100,R3_ISOLATED_LEADERSHIP,16,8,2.0,0.009925406684238046,0.02095607193241822,0.10236596979649093,0.2112862385071913,0.5637133826243147,0.6969261736891943,0.6875,-0.11979721551947498,0.021750131460755148,-0.11979721551947498,-0.10017960216791388,0.009925406684238046,0.06423356852801901,0.15228472146543123,-0.0008432694752092129,-0.0033788049059168407,INSUFFICIENT_REGIME_SAMPLE,E2 DEVELOPMENTAL; A4F THRESHOLDS ARE PRIOR-ONLY; NO E3 CONFIRMATION,ALL_SUBSTATES,FOUR_STATE_REGIME,-0.01634162382922688,-0.10327265645248196,STATE_CONDITIONAL_ANNUALISED_COMPOUNDED_RETURN_DIFFERENCE
M2_TOP7_CASH0_100,R4_CAPITAL_PRESERVATION,5,5,1.0,0.06264294077417976,0.04770741512196475,1.0518339986685743,0.17273422735826516,4.351860663555908,,1.0,0.008042376907867466,0.06264294077417976,0.008042376907867466,0.0,0.06264294077417976,0.1014542037080423,0.14440923259906352,0.0028176308621566727,0.002716023432248571,INSUFFICIENT_REGIME_SAMPLE,E2 DEVELOPMENTAL; A4F THRESHOLDS ARE PRIOR-ONLY; NO E3 CONFIRMATION,ALL_SUBSTATES,FOUR_STATE_REGIME,0.05013768510080485,-0.9927561463321675,STATE_CONDITIONAL_ANNUALISED_COMPOUNDED_RETURN_DIFFERENCE
M2_TOP7_CASH0_25_CASH75,R1_BROAD_RISK_ON,7,6,1.1666666666666667,0.003928768452089385,-0.0012693768144694806,0.04781733414425959,0.02850846172259324,1.653727299769021,27.67803136261454,0.42857142857142855,-0.002349138002636808,0.004584060184323373,-0.0036155328757917493,-0.0012693768144694806,0.003928768452089385,0.01066707618083808,0.019800926146099056,-0.003927926862647884,-0.0016586864343626218,INSUFFICIENT_REGIME_SAMPLE,E2 DEVELOPMENTAL; A4F THRESHOLDS ARE PRIOR-ONLY; NO E3 CONFIRMATION,ALL_SUBSTATES,FOUR_STATE_REGIME,0.03819157416001362,-0.07113999430349116,STATE_CONDITIONAL_ANNUALISED_COMPOUNDED_RETURN_DIFFERENCE
M2_TOP7_CASH0_25_CASH75,R2_LEADERSHIP_RISK_ON,86,11,7.818181818181818,0.0033883053800410835,0.0026266663077824104,0.040787119552917694,0.03540166055907815,1.1485242194399414,2.335242005669893,0.627906976744186,-0.021355033767233134,0.028138439997779704,-0.014139615476770895,-0.022696860367024896,0.0033883053800410835,0.010175532610772078,0.021140687341388676,-0.003487313038214376,-0.003383780064770688,REGIME_SAMPLE_SUFFICIENT,E2 DEVELOPMENTAL; A4F THRESHOLDS ARE PRIOR-ONLY; NO E3 CONFIRMATION,ALL_SUBSTATES,FOUR_STATE_REGIME,0.01804801428204228,-0.05799728144379457,STATE_CONDITIONAL_ANNUALISED_COMPOUNDED_RETURN_DIFFERENCE
M2_TOP7_CASH0_25_CASH75,R3_ISOLATED_LEADERSHIP,16,8,2.0,0.0033380816245707004,0.005498308016285369,0.039443036260115694,0.05277837705269026,0.7589657305085054,0.8970759690540461,0.6875,-0.029886944412693572,0.00680998954002425,-0.029886944412693572,-0.02442869963043759,0.0033380816245707004,0.018514405412939465,0.04176867693994709,-0.007430594534876558,-0.009966129965584186,INSUFFICIENT_REGIME_SAMPLE,E2 DEVELOPMENTAL; A4F THRESHOLDS ARE PRIOR-ONLY; NO E3 CONFIRMATION,ALL_SUBSTATES,FOUR_STATE_REGIME,-0.01634162382922688,-0.10327265645248196,STATE_CONDITIONAL_ANNUALISED_COMPOUNDED_RETURN_DIFFERENCE
M2_TOP7_CASH0_25_CASH75,R4_CAPITAL_PRESERVATION,5,5,1.0,0.016163406936638224,0.01258621748243316,0.21132116764223063,0.04256023675536752,4.5573262281065,,1.0,0.0025769053050967994,0.016163406936638224,0.0025769053050967994,0.0,0.016163406936638224,0.02605063224477593,0.03856124368649412,-0.04366190297538486,-0.04376351040529296,INSUFFICIENT_REGIME_SAMPLE,E2 DEVELOPMENTAL; A4F THRESHOLDS ARE PRIOR-ONLY; NO E3 CONFIRMATION,ALL_SUBSTATES,FOUR_STATE_REGIME,0.05013768510080485,-0.9927561463321675,STATE_CONDITIONAL_ANNUALISED_COMPOUNDED_RETURN_DIFFERENCE
M2_TOP7_CASH0_50_CASH50,R1_BROAD_RISK_ON,7,6,1.1666666666666667,0.006212042687110572,-0.0027793413747898565,0.07552030341857141,0.06005345531483895,1.241302633703863,9.791076505339076,0.42857142857142855,-0.008135618419153445,0.0072550965915452,-0.013777994289739803,-0.005688656610083553,0.006212042687110572,0.01610584121215865,0.027941247010204125,-0.001644652627626697,0.0006245878006585651,INSUFFICIENT_REGIME_SAMPLE,E2 DEVELOPMENTAL; A4F THRESHOLDS ARE PRIOR-ONLY; NO E3 CONFIRMATION,ALL_SUBSTATES,FOUR_STATE_REGIME,0.03819157416001362,-0.07113999430349116,STATE_CONDITIONAL_ANNUALISED_COMPOUNDED_RETURN_DIFFERENCE
M2_TOP7_CASH0_50_CASH50,R2_LEADERSHIP_RISK_ON,86,11,7.818181818181818,0.005113946702549618,0.004647591442992982,0.060646743932235125,0.06919717291321037,0.8868477980677706,1.742206569584473,0.5813953488372093,-0.043163396768046036,0.04374434393498203,-0.02974938759643808,-0.04651875348268253,0.005113946702549618,0.015362144639724634,0.032503054533834466,-0.0017616717157058416,-0.0016581387422621538,REGIME_SAMPLE_SUFFICIENT,E2 DEVELOPMENTAL; A4F THRESHOLDS ARE PRIOR-ONLY; NO E3 CONFIRMATION,ALL_SUBSTATES,FOUR_STATE_REGIME,0.01804801428204228,-0.05799728144379457,STATE_CONDITIONAL_ANNUALISED_COMPOUNDED_RETURN_DIFFERENCE
M2_TOP7_CASH0_50_CASH50,R3_ISOLATED_LEADERSHIP,16,8,2.0,0.005530706771498202,0.010650547409611466,0.06285354917176367,0.10554728709681246,0.6288032888718629,0.7655087173738322,0.6875,-0.05985895587247414,0.01154961384309229,-0.05985895587247414,-0.04968382935614746,0.005530706771498202,0.03363385386922365,0.07727591865529596,-0.005237969387949057,-0.007773504818656685,INSUFFICIENT_REGIME_SAMPLE,E2 DEVELOPMENTAL; A4F THRESHOLDS ARE PRIOR-ONLY; NO E3 CONFIRMATION,ALL_SUBSTATES,FOUR_STATE_REGIME,-0.01634162382922688,-0.10327265645248196,STATE_CONDITIONAL_ANNUALISED_COMPOUNDED_RETURN_DIFFERENCE
M2_TOP7_CASH0_50_CASH50,R4_CAPITAL_PRESERVATION,5,5,1.0,0.03174552886408706,0.024729698515431275,0.45104222652204107,0.08584100204758068,4.43781336753141,,1.0,0.004400527020786527,0.03174552886408706,0.004400527020786527,0.0,0.03174552886408706,0.05048961080770029,0.07252285011259292,-0.028079781047936025,-0.028181388477844127,INSUFFICIENT_REGIME_SAMPLE,E2 DEVELOPMENTAL; A4F THRESHOLDS ARE PRIOR-ONLY; NO E3 CONFIRMATION,ALL_SUBSTATES,FOUR_STATE_REGIME,0.05013768510080485,-0.9927561463321675,STATE_CONDITIONAL_ANNUALISED_COMPOUNDED_RETURN_DIFFERENCE
M2_TOP7_CASH0_75_CASH25,R1_BROAD_RISK_ON,7,6,1.1666666666666667,0.008495984710707323,-0.0042073189890924345,0.10300319188149487,0.09169217007728608,1.1118922852687865,7.3229851372864605,0.42857142857142855,-0.01392482578671117,0.009935442926659896,-0.02389295499787858,-0.010108893796175522,0.008495984710707323,0.02141494115867983,0.035867603778180226,0.0006392893959700536,0.002908529824255316,INSUFFICIENT_REGIME_SAMPLE,E2 DEVELOPMENTAL; A4F THRESHOLDS ARE PRIOR-ONLY; NO E3 CONFIRMATION,ALL_SUBSTATES,FOUR_STATE_REGIME,0.03819157416001362,-0.07113999430349116,STATE_CONDITIONAL_ANNUALISED_COMPOUNDED_RETURN_DIFFERENCE
M2_TOP7_CASH0_75_CASH25,R2_LEADERSHIP_RISK_ON,86,11,7.818181818181818,0.00683931811749627,0.005486208556325867,0.07964874482138251,0.10315316489290491,0.7956306284461884,1.5609747585707734,0.5813953488372093,-0.06497058121759869,0.060236891913329996,-0.04536179493044046,-0.07230615889975023,0.00683931811749627,0.020541698633035742,0.04388099091100561,-3.630030075918961e-05,6.72326726844983e-05,REGIME_SAMPLE_SUFFICIENT,E2 DEVELOPMENTAL; A4F THRESHOLDS ARE PRIOR-ONLY; NO E3 CONFIRMATION,ALL_SUBSTATES,FOUR_STATE_REGIME,0.01804801428204228,-0.05799728144379457,STATE_CONDITIONAL_ANNUALISED_COMPOUNDED_RETURN_DIFFERENCE
M2_TOP7_CASH0_75_CASH25,R3_ISOLATED_LEADERSHIP,16,8,2.0,0.007724982769158034,0.015804005961786216,0.08387477797902632,0.15839670564911826,0.5852381389499715,0.7197585385521761,0.6875,-0.08982580063140788,0.01652484777477703,-0.08982580063140788,-0.07493397650229094,0.007724982769158034,0.04885473441431866,0.11403107730373732,-0.0030436933902892246,-0.005579228820996852,INSUFFICIENT_REGIME_SAMPLE,E2 DEVELOPMENTAL; A4F THRESHOLDS ARE PRIOR-ONLY; NO E3 CONFIRMATION,ALL_SUBSTATES,FOUR_STATE_REGIME,-0.01634162382922688,-0.10327265645248196,STATE_CONDITIONAL_ANNUALISED_COMPOUNDED_RETURN_DIFFERENCE
M2_TOP7_CASH0_75_CASH25,R4_CAPITAL_PRESERVATION,5,5,1.0,0.04732936054305115,0.03687249481614252,0.7313884332325018,0.12914943348079863,4.39763699467605,,1.0,0.00622218359601856,0.04732936054305115,0.00622218359601856,0.0,0.04732936054305115,0.07569337506022052,0.10784263108228025,-0.012495949368971937,-0.012597556798880038,INSUFFICIENT_REGIME_SAMPLE,E2 DEVELOPMENTAL; A4F THRESHOLDS ARE PRIOR-ONLY; NO E3 CONFIRMATION,ALL_SUBSTATES,FOUR_STATE_REGIME,0.05013768510080485,-0.9927561463321675,STATE_CONDITIONAL_ANNUALISED_COMPOUNDED_RETURN_DIFFERENCE
EQUAL_WEIGHT_OPPORTUNITY_POOL,R1_BROAD_RISK_ON,7,6,1.1666666666666667,0.005587454886452007,-0.007162780658309109,0.05964106727640073,0.14588368385112874,0.4596090314379958,1.2659583024190182,0.42857142857142855,-0.04452610239934518,0.006694097438521895,-0.06710928580527387,-0.04452610239934518,0.005587454886452007,0.007371913507568352,0.029358033788850983,-0.0022692404282852623,0.0,INSUFFICIENT_REGIME_SAMPLE,E2 DEVELOPMENTAL; A4F THRESHOLDS ARE PRIOR-ONLY; NO E3 CONFIRMATION,ALL_SUBSTATES,FOUR_STATE_REGIME,0.03819157416001362,-0.07113999430349116,STATE_CONDITIONAL_ANNUALISED_COMPOUNDED_RETURN_DIFFERENCE
EQUAL_WEIGHT_OPPORTUNITY_POOL,R2_LEADERSHIP_RISK_ON,86,11,7.818181818181818,0.006772085444811771,0.0047894091115091575,0.07701967161580003,0.1182471073254281,0.6872474699452191,1.3179720708572158,0.5232558139534884,-0.06952175369856439,0.0577846912995083,-0.0666371707331429,-0.08651168631156125,0.006772085444811771,0.020348194310324613,0.042737183125853305,-0.0001035329734436879,0.0,REGIME_SAMPLE_SUFFICIENT,E2 DEVELOPMENTAL; A4F THRESHOLDS ARE PRIOR-ONLY; NO E3 CONFIRMATION,ALL_SUBSTATES,FOUR_STATE_REGIME,0.01804801428204228,-0.05799728144379457,STATE_CONDITIONAL_ANNUALISED_COMPOUNDED_RETURN_DIFFERENCE
EQUAL_WEIGHT_OPPORTUNITY_POOL,R3_ISOLATED_LEADERSHIP,16,8,2.0,0.013304211590154887,0.028331965762996347,0.14508740600532777,0.21575035103497486,0.7399781196925052,0.5851861613536774,0.75,-0.1793768216725269,0.0282633298992868,-0.1793768216725269,-0.054223464061141535,0.013304211590154887,0.06724389440497354,0.1404613631740133,0.0025355354307076278,0.0,INSUFFICIENT_REGIME_SAMPLE,E2 DEVELOPMENTAL; A4F THRESHOLDS ARE PRIOR-ONLY; NO E3 CONFIRMATION,ALL_SUBSTATES,FOUR_STATE_REGIME,-0.01634162382922688,-0.10327265645248196,STATE_CONDITIONAL_ANNUALISED_COMPOUNDED_RETURN_DIFFERENCE
EQUAL_WEIGHT_OPPORTUNITY_POOL,R4_CAPITAL_PRESERVATION,5,5,1.0,0.05992691734193119,0.04159866438635795,0.9948012641482864,0.15082592058440872,4.767900671958583,,1.0,0.02654183379633701,0.05992691734193119,0.02654183379633701,0.0,0.05992691734193119,0.10488001347958513,0.14647278551397597,0.00010160742990810157,0.0,INSUFFICIENT_REGIME_SAMPLE,E2 DEVELOPMENTAL; A4F THRESHOLDS ARE PRIOR-ONLY; NO E3 CONFIRMATION,ALL_SUBSTATES,FOUR_STATE_REGIME,0.05013768510080485,-0.9927561463321675,STATE_CONDITIONAL_ANNUALISED_COMPOUNDED_RETURN_DIFFERENCE
ACTUAL_GBP_CASH,R1_BROAD_RISK_ON,7,6,1.1666666666666667,0.0017728949065145233,0.0013839415398628763,0.02147284595592902,0.004923308488774877,4.321228077964359,,1.0,0.00018773988497367,0.0020703105270650037,0.00018773988497367,0.0,0.0017728949065145233,0.0054890888115272886,0.012241533409351999,-0.006083800408222746,-0.0038145599799374835,INSUFFICIENT_REGIME_SAMPLE,E2 DEVELOPMENTAL; A4F THRESHOLDS ARE PRIOR-ONLY; NO E3 CONFIRMATION,ALL_SUBSTATES,FOUR_STATE_REGIME,0.03819157416001362,-0.07113999430349116,STATE_CONDITIONAL_ANNUALISED_COMPOUNDED_RETURN_DIFFERENCE
ACTUAL_GBP_CASH,R2_LEADERSHIP_RISK_ON,86,11,7.818181818181818,0.001790045687842434,0.0006121325305735725,0.021675474494716962,0.005953002705149442,3.608355197878238,,1.0,3.73970588887218e-05,0.014451008778425957,0.0005759388652124553,0.0,0.001790045687842434,0.005368461286848208,0.010581301051267393,-0.005085572730413025,-0.004982039756969338,REGIME_SAMPLE_SUFFICIENT,E2 DEVELOPMENTAL; A4F THRESHOLDS ARE PRIOR-ONLY; NO E3 CONFIRMATION,ALL_SUBSTATES,FOUR_STATE_REGIME,0.01804801428204228,-0.05799728144379457,STATE_CONDITIONAL_ANNUALISED_COMPOUNDED_RETURN_DIFFERENCE
ACTUAL_GBP_CASH,R3_ISOLATED_LEADERSHIP,16,8,2.0,0.0012782069549094749,0.0005683939070861843,0.015434937173235852,0.004995450953067086,3.0704902526359983,,1.0,4.463776467833469e-05,0.0025658175443840914,0.00020922234604392465,0.0,0.0012782069549094749,0.003911822116396041,0.008275859939170405,-0.009490469204537784,-0.012026004635245412,INSUFFICIENT_REGIME_SAMPLE,E2 DEVELOPMENTAL; A4F THRESHOLDS ARE PRIOR-ONLY; NO E3 CONFIRMATION,ALL_SUBSTATES,FOUR_STATE_REGIME,-0.01634162382922688,-0.10327265645248196,STATE_CONDITIONAL_ANNUALISED_COMPOUNDED_RETURN_DIFFERENCE
ACTUAL_GBP_CASH,R4_CAPITAL_PRESERVATION,5,5,1.0,0.0007421459382407125,0.0005778579813060514,0.008940167235601981,0.0022422639313926813,3.971767611387809,,1.0,5.3970024343819034e-05,0.0007421459382407125,5.3970024343819034e-05,0.0,0.0007421459382407125,0.0027897582869763405,0.006727850511108491,-0.05908316397378237,-0.059184771403690474,INSUFFICIENT_REGIME_SAMPLE,E2 DEVELOPMENTAL; A4F THRESHOLDS ARE PRIOR-ONLY; NO E3 CONFIRMATION,ALL_SUBSTATES,FOUR_STATE_REGIME,0.05013768510080485,-0.9927561463321675,STATE_CONDITIONAL_ANNUALISED_COMPOUNDED_RETURN_DIFFERENCE
GLOBAL_0_M2_100,RISK_SCORE_0,73,7,10.428571428571429,0.009724577920462028,0.006501144294866146,0.11308079531854931,0.13695506675994693,0.852067307959374,1.6543510786077498,0.5753424657534246,-0.08721534686166921,0.10719421628809125,-0.07187470705439636,-0.11480340384711574,0.009724577920462028,0.02103593027745514,0.04729909363436235,0.0022455918462368205,0.002835972580270501,REGIME_SAMPLE_SUFFICIENT,E2 DEVELOPMENTAL; A4F THRESHOLDS ARE PRIOR-ONLY; NO E3 CONFIRMATION,0,EXACT_RISK_SCORE_SUBSTATE,0.02523289823856878,-0.06599607461948387,STATE_CONDITIONAL_ANNUALISED_COMPOUNDED_RETURN_DIFFERENCE
GLOBAL_0_M2_100,RISK_SCORE_1,20,10,2.0,0.005110397241512826,0.006901679884508627,0.05433420739334194,0.13293870131564414,0.4613010830649453,0.9812876575619637,0.55,-0.060978645153352606,0.010171165497277358,-0.04227748867880443,-0.0754049479594665,0.005110397241512826,0.04239488112066152,0.07904191678545996,9.369385377831496e-05,-0.0008217698897369175,REGIME_SAMPLE_SUFFICIENT,E2 DEVELOPMENTAL; A4F THRESHOLDS ARE PRIOR-ONLY; NO E3 CONFIRMATION,1,EXACT_RISK_SCORE_SUBSTATE,-0.00040617545832932755,-0.03377920009930202,STATE_CONDITIONAL_ANNUALISED_COMPOUNDED_RETURN_DIFFERENCE
GLOBAL_0_M2_100,RISK_SCORE_2,15,9,1.6666666666666667,0.0033381298119813827,0.020811392443798704,0.02215190301738179,0.19379149620200545,0.2067044144291098,0.23439140693715665,0.6666666666666666,-0.11979721551947498,0.006052207924655538,-0.11979721551947498,-0.10017960216791388,0.0033381298119813827,0.04927592568695981,0.11931469513368137,-0.0027237920770044758,-0.003375771171227108,INSUFFICIENT_REGIME_SAMPLE,E2 DEVELOPMENTAL; A4F THRESHOLDS ARE PRIOR-ONLY; NO E3 CONFIRMATION,2,EXACT_RISK_SCORE_SUBSTATE,-0.03687179416659592,-0.04417727717941067,STATE_CONDITIONAL_ANNUALISED_COMPOUNDED_RETURN_DIFFERENCE
GLOBAL_0_M2_100,RISK_SCORE_3,6,5,1.2,0.07032487727316446,0.0524861354530175,1.2345944153607,0.17859414635957838,4.725230610743997,,1.0,0.008042376907867466,0.08790664682998446,0.008042376907867466,0.0,0.07032487727316446,0.13264487161401978,0.2281468799061661,0.006908787310417182,0.0016926343724966708,INSUFFICIENT_REGIME_SAMPLE,E2 DEVELOPMENTAL; A4F THRESHOLDS ARE PRIOR-ONLY; NO E3 CONFIRMATION,3,EXACT_RISK_SCORE_SUBSTATE,0.1510063632891474,-1.0721033828872593,STATE_CONDITIONAL_ANNUALISED_COMPOUNDED_RETURN_DIFFERENCE
GLOBAL_100,RISK_SCORE_0,73,7,10.428571428571429,0.0074789860742252075,0.009776886437703913,0.08784789707998053,0.10294083733717749,0.8718389631584014,1.1955473697448835,0.6301369863013698,-0.07844522968197887,0.07945486972184732,-0.04817518248175201,-0.11312627522103846,0.0074789860742252075,0.018034226679360294,0.04318580723691779,0.0,0.00059038073403368,REGIME_SAMPLE_SUFFICIENT,E2 DEVELOPMENTAL; A4F THRESHOLDS ARE PRIOR-ONLY; NO E3 CONFIRMATION,0,EXACT_RISK_SCORE_SUBSTATE,0.02523289823856878,-0.06599607461948387,STATE_CONDITIONAL_ANNUALISED_COMPOUNDED_RETURN_DIFFERENCE
GLOBAL_100,RISK_SCORE_1,20,10,2.0,0.005016703387734511,0.003400433396968161,0.054740382851671265,0.12036000238011892,0.5001698193947365,1.086946085449555,0.6,-0.04884221181829751,0.009896853812149086,-0.04884221181829751,-0.04184566428003178,0.005016703387734511,0.04057504012651465,0.062444171959982676,0.0,-0.0009154637435152324,REGIME_SAMPLE_SUFFICIENT,E2 DEVELOPMENTAL; A4F THRESHOLDS ARE PRIOR-ONLY; NO E3 CONFIRMATION,1,EXACT_RISK_SCORE_SUBSTATE,-0.00040617545832932755,-0.03377920009930202,STATE_CONDITIONAL_ANNUALISED_COMPOUNDED_RETURN_DIFFERENCE
GLOBAL_100,RISK_SCORE_2,15,9,1.6666666666666667,0.0060619218889858585,0.020835886750826704,0.05902369718397771,0.1748011915477875,0.41614740737018174,0.3281265386470273,0.7333333333333333,-0.14975423265974874,0.010502414010710108,-0.14975423265974874,-0.04532211071544212,0.0060619218889858585,0.042344200984981865,0.09054811674772263,0.0,-0.0006519790942226322,INSUFFICIENT_REGIME_SAMPLE,E2 DEVELOPMENTAL; A4F THRESHOLDS ARE PRIOR-ONLY; NO E3 CONFIRMATION,2,EXACT_RISK_SCORE_SUBSTATE,-0.03687179416659592,-0.04417727717941067,STATE_CONDITIONAL_ANNUALISED_COMPOUNDED_RETURN_DIFFERENCE
GLOBAL_100,RISK_SCORE_3,6,5,1.2,0.06341608996274728,0.057162992999748585,1.0835880520715526,0.1011073486971416,7.526585251804564,,1.0,0.028504442250740558,0.07798251219330003,0.028504442250740558,0.0,0.06341608996274728,0.10940942003841929,0.16990951814571983,0.0,-0.005216152937920511,INSUFFICIENT_REGIME_SAMPLE,E2 DEVELOPMENTAL; A4F THRESHOLDS ARE PRIOR-ONLY; NO E3 CONFIRMATION,3,EXACT_RISK_SCORE_SUBSTATE,0.1510063632891474,-1.0721033828872593,STATE_CONDITIONAL_ANNUALISED_COMPOUNDED_RETURN_DIFFERENCE
GLOBAL_25_CASH75,RISK_SCORE_0,73,7,10.428571428571429,0.0032007432962586286,0.003372176012590433,0.03873122645201588,0.026595657652199622,1.4441801010296464,1.9582557562730654,0.726027397260274,-0.019224447463036087,0.03432812069434099,-0.008579515586274344,-0.02684327556924382,0.0032007432962586286,0.008485684779683159,0.018810020613968154,-0.004278242777966579,-0.003687862043932899,REGIME_SAMPLE_SUFFICIENT,E2 DEVELOPMENTAL; A4F THRESHOLDS ARE PRIOR-ONLY; NO E3 CONFIRMATION,0,EXACT_RISK_SCORE_SUBSTATE,0.02523289823856878,-0.06599607461948387,STATE_CONDITIONAL_ANNUALISED_COMPOUNDED_RETURN_DIFFERENCE
GLOBAL_25_CASH75,RISK_SCORE_1,20,10,2.0,0.0025288959281344336,0.002071472188391321,0.03030241164429026,0.031090241803185727,0.9760860442874927,3.632751882877815,0.7,-0.011932480934182199,0.0050829192503419,-0.011932480934182199,-0.009277470521181552,0.0025288959281344336,0.01421702487478419,0.02427611381701915,-0.0024878074596000775,-0.00340327120311531,REGIME_SAMPLE_SUFFICIENT,E2 DEVELOPMENTAL; A4F THRESHOLDS ARE PRIOR-ONLY; NO E3 CONFIRMATION,1,EXACT_RISK_SCORE_SUBSTATE,-0.00040617545832932755,-0.03377920009930202,STATE_CONDITIONAL_ANNUALISED_COMPOUNDED_RETURN_DIFFERENCE
GLOBAL_25_CASH75,RISK_SCORE_2,15,9,1.6666666666666667,0.002410363061837062,0.005590641339564106,0.028356438876847134,0.044293548844024574,0.6530151116113782,0.5002452025203171,0.7333333333333333,-0.03732248388669146,0.00404931388569464,-0.03732248388669146,-0.010708925243346767,0.002410363061837062,0.013753737965739,0.02891281453448009,-0.003651558827148797,-0.004303537921371429,INSUFFICIENT_REGIME_SAMPLE,E2 DEVELOPMENTAL; A4F THRESHOLDS ARE PRIOR-ONLY; NO E3 CONFIRMATION,2,EXACT_RISK_SCORE_SUBSTATE,-0.03687179416659592,-0.04417727717941067,STATE_CONDITIONAL_ANNUALISED_COMPOUNDED_RETURN_DIFFERENCE
GLOBAL_25_CASH75,RISK_SCORE_3,6,5,1.2,0.01653049687928661,0.014764409511888288,0.21717637912446608,0.022872847509329802,8.672552137224107,,1.0,0.00985630269275739,0.019954200963614267,0.00985630269275739,0.0,0.01653049687928661,0.02882216395831705,0.04530889560663472,-0.046885593083460665,-0.05210174602138118,INSUFFICIENT_REGIME_SAMPLE,E2 DEVELOPMENTAL; A4F THRESHOLDS ARE PRIOR-ONLY; NO E3 CONFIRMATION,3,EXACT_RISK_SCORE_SUBSTATE,0.1510063632891474,-1.0721033828872593,STATE_CONDITIONAL_ANNUALISED_COMPOUNDED_RETURN_DIFFERENCE
GLOBAL_50_CASH50,RISK_SCORE_0,73,7,10.428571428571429,0.004617561474113195,0.00653109824091791,0.05544301486521008,0.051872636206797024,1.0682074739455347,1.4452904588631141,0.6438356164383562,-0.03898925197455039,0.04939542155744433,-0.021102321522052048,-0.055792502806356836,0.004617561474113195,0.011666330599567799,0.027094837434782908,-0.002861424600112013,-0.002271043866078333,REGIME_SAMPLE_SUFFICIENT,E2 DEVELOPMENTAL; A4F THRESHOLDS ARE PRIOR-ONLY; NO E3 CONFIRMATION,0,EXACT_RISK_SCORE_SUBSTATE,0.02523289823856878,-0.06599607461948387,STATE_CONDITIONAL_ANNUALISED_COMPOUNDED_RETURN_DIFFERENCE
GLOBAL_50_CASH50,RISK_SCORE_1,20,10,2.0,0.003348254551631208,0.0029239457874975505,0.03912408887510366,0.06074108626851006,0.6614806729329843,1.618461059111464,0.65,-0.02425320460517788,0.0066964250365397215,-0.02425320460517788,-0.02014741570553147,0.003348254551631208,0.022980887356516776,0.03695465820658741,-0.0016684488361033035,-0.0025839125796185357,REGIME_SAMPLE_SUFFICIENT,E2 DEVELOPMENTAL; A4F THRESHOLDS ARE PRIOR-ONLY; NO E3 CONFIRMATION,1,EXACT_RISK_SCORE_SUBSTATE,-0.00040617545832932755,-0.03377920009930202,STATE_CONDITIONAL_ANNUALISED_COMPOUNDED_RETURN_DIFFERENCE
GLOBAL_50_CASH50,RISK_SCORE_2,15,9,1.6666666666666667,0.0036150773739346644,0.010662334498545478,0.040398084289138714,0.0877601211484133,0.4943125410441653,0.38573805007701134,0.7333333333333333,-0.07484164254937609,0.006133341005863182,-0.07484164254937609,-0.022261283035992285,0.0036150773739346644,0.023456319214006646,0.049432773816787144,-0.002446844515051194,-0.0030988236092738264,INSUFFICIENT_REGIME_SAMPLE,E2 DEVELOPMENTAL; A4F THRESHOLDS ARE PRIOR-ONLY; NO E3 CONFIRMATION,2,EXACT_RISK_SCORE_SUBSTATE,-0.03687179416659592,-0.04417727717941067,STATE_CONDITIONAL_ANNUALISED_COMPOUNDED_RETURN_DIFFERENCE
GLOBAL_50_CASH50,RISK_SCORE_3,6,5,1.2,0.032139083047463636,0.02887880486326677,0.460341979800583,0.0488569459616625,7.89384168368186,,1.0,0.016063912662713786,0.03903700742028717,0.016063912662713786,0.0,0.032139083047463636,0.05520363532344238,0.08553682759772352,-0.031277006915283644,-0.03649315985320415,INSUFFICIENT_REGIME_SAMPLE,E2 DEVELOPMENTAL; A4F THRESHOLDS ARE PRIOR-ONLY; NO E3 CONFIRMATION,3,EXACT_RISK_SCORE_SUBSTATE,0.1510063632891474,-1.0721033828872593,STATE_CONDITIONAL_ANNUALISED_COMPOUNDED_RETURN_DIFFERENCE
GLOBAL_50_M2_25_CASH25,RISK_SCORE_0,73,7,10.428571428571429,0.006521662906433789,0.0059931555069536735,0.07778364857145381,0.07959088657331287,0.9832778380363754,1.4957071565297866,0.6027397260273972,-0.05566575212386149,0.0701405877073409,-0.04080286673055655,-0.08519348141744698,0.006521662906433789,0.015370168372607252,0.035741499312251686,-0.0009573231677914185,-0.0003669424337577385,REGIME_SAMPLE_SUFFICIENT,E2 DEVELOPMENTAL; A4F THRESHOLDS ARE PRIOR-ONLY; NO E3 CONFIRMATION,0,EXACT_RISK_SCORE_SUBSTATE,0.02523289823856878,-0.06599607461948387,STATE_CONDITIONAL_ANNUALISED_COMPOUNDED_RETURN_DIFFERENCE
GLOBAL_50_M2_25_CASH25,RISK_SCORE_1,20,10,2.0,0.0041337266086341196,0.004650186120974675,0.046857984943060815,0.08891927193355738,0.5578624096323602,1.2006601210575054,0.55,-0.03585723282944664,0.008218937462253762,-0.03492619465848046,-0.03585723282944664,0.0041337266086341196,0.0319650871341395,0.05284821436009452,-0.0008829767791003918,-0.001798440522615624,REGIME_SAMPLE_SUFFICIENT,E2 DEVELOPMENTAL; A4F THRESHOLDS ARE PRIOR-ONLY; NO E3 CONFIRMATION,1,EXACT_RISK_SCORE_SUBSTATE,-0.00040617545832932755,-0.03377920009930202,STATE_CONDITIONAL_ANNUALISED_COMPOUNDED_RETURN_DIFFERENCE
GLOBAL_50_M2_25_CASH25,RISK_SCORE_2,15,9,1.6666666666666667,0.004120579811689348,0.0154523394630659,0.04174136168769316,0.132145023507171,0.3741870592469861,0.3351943798534485,0.7333333333333333,-0.10491953274899168,0.007119485708958558,-0.10491953274899168,-0.046666773735598466,0.004120579811689348,0.03428642040632089,0.07596359988319805,-0.0019413420772965114,-0.0025933211715191435,INSUFFICIENT_REGIME_SAMPLE,E2 DEVELOPMENTAL; A4F THRESHOLDS ARE PRIOR-ONLY; NO E3 CONFIRMATION,2,EXACT_RISK_SCORE_SUBSTATE,-0.03687179416659592,-0.04417727717941067,STATE_CONDITIONAL_ANNUALISED_COMPOUNDED_RETURN_DIFFERENCE
GLOBAL_50_M2_25_CASH25,RISK_SCORE_3,6,5,1.2,0.049318013530214734,0.03498626792212978,0.7766480853924163,0.08888240827966803,6.6584172708330565,,1.0,0.029413133823659843,0.0605143716361646,0.029413133823659843,0.0,0.049318013530214734,0.08708581053283342,0.13982703407976682,-0.014098076432532544,-0.019314229370453056,INSUFFICIENT_REGIME_SAMPLE,E2 DEVELOPMENTAL; A4F THRESHOLDS ARE PRIOR-ONLY; NO E3 CONFIRMATION,3,EXACT_RISK_SCORE_SUBSTATE,0.1510063632891474,-1.0721033828872593,STATE_CONDITIONAL_ANNUALISED_COMPOUNDED_RETURN_DIFFERENCE
GLOBAL_50_M2_50,RISK_SCORE_0,73,7,10.428571428571429,0.008525072853051742,0.0054333082832271895,0.10063824130779153,0.11084895940002566,0.9228852917549103,1.5257649008263,0.6027397260273972,-0.0774720028755912,0.09226991035301894,-0.06026726315165287,-0.113968366150617,0.008525072853051742,0.019331677075165195,0.04480824292487238,0.0010460867788265346,0.0016364675128602145,REGIME_SAMPLE_SUFFICIENT,E2 DEVELOPMENTAL; A4F THRESHOLDS ARE PRIOR-ONLY; NO E3 CONFIRMATION,0,EXACT_RISK_SCORE_SUBSTATE,0.02523289823856878,-0.06599607461948387,STATE_CONDITIONAL_ANNUALISED_COMPOUNDED_RETURN_DIFFERENCE
GLOBAL_50_M2_50,RISK_SCORE_1,20,10,2.0,0.005041098032913449,0.008271987991524843,0.0550812662933744,0.11987637477971852,0.5046296779171204,1.151784022469491,0.55,-0.05147431622542442,0.009980728792014382,-0.04547187339930536,-0.05147431622542442,0.005041098032913449,0.041356385844468005,0.07007968828379522,2.4394645178937856e-05,-0.0008910690983362946,REGIME_SAMPLE_SUFFICIENT,E2 DEVELOPMENTAL; A4F THRESHOLDS ARE PRIOR-ONLY; NO E3 CONFIRMATION,1,EXACT_RISK_SCORE_SUBSTATE,-0.00040617545832932755,-0.03377920009930202,STATE_CONDITIONAL_ANNUALISED_COMPOUNDED_RETURN_DIFFERENCE
GLOBAL_50_M2_50,RISK_SCORE_2,15,9,1.6666666666666667,0.004677592099221376,0.024667843565564285,0.041231413877075074,0.17878875100126176,0.31395210759238634,0.30110594577158006,0.6666666666666666,-0.13486809264918898,0.008252357629041529,-0.13486809264918898,-0.07194793455057791,0.004677592099221376,0.045380094415582,0.10390006733871313,-0.0013843297897644824,-0.0020363088839871145,INSUFFICIENT_REGIME_SAMPLE,E2 DEVELOPMENTAL; A4F THRESHOLDS ARE PRIOR-ONLY; NO E3 CONFIRMATION,2,EXACT_RISK_SCORE_SUBSTATE,-0.03687179416659592,-0.04417727717941067,STATE_CONDITIONAL_ANNUALISED_COMPOUNDED_RETURN_DIFFERENCE
GLOBAL_50_M2_50,RISK_SCORE_3,6,5,1.2,0.0667475831268236,0.0464267389376275,1.1577852009869662,0.13206406026855733,6.0650187181363195,,1.0,0.034563419334169065,0.08273233300915309,0.034563419334169065,0.0,0.0667475831268236,0.12047071077020512,0.1976427503017825,0.003331493164076327,-0.0018846597738441846,INSUFFICIENT_REGIME_SAMPLE,E2 DEVELOPMENTAL; A4F THRESHOLDS ARE PRIOR-ONLY; NO E3 CONFIRMATION,3,EXACT_RISK_SCORE_SUBSTATE,0.1510063632891474,-1.0721033828872593,STATE_CONDITIONAL_ANNUALISED_COMPOUNDED_RETURN_DIFFERENCE
GLOBAL_75_CASH25,RISK_SCORE_0,73,7,10.428571428571429,0.006040094539472272,0.008382883251471629,0.07177828679888454,0.0773778372254132,0.9367169860604772,1.279367887500829,0.6438356164383562,-0.05873432445907811,0.06440126331807217,-0.03433195530455868,-0.08457583436714056,0.006040094539472272,0.014837958604330041,0.035198619469541045,-0.001438891534752936,-0.0008485108007192559,REGIME_SAMPLE_SUFFICIENT,E2 DEVELOPMENTAL; A4F THRESHOLDS ARE PRIOR-ONLY; NO E3 CONFIRMATION,0,EXACT_RISK_SCORE_SUBSTATE,0.02523289823856878,-0.06599607461948387,STATE_CONDITIONAL_ANNUALISED_COMPOUNDED_RETURN_DIFFERENCE
GLOBAL_75_CASH25,RISK_SCORE_1,20,10,2.0,0.004173955867413509,0.0031573186546242082,0.047228167567653356,0.09053096166112895,0.5532634304321992,1.1835730617449416,0.6,-0.036561616302536626,0.008293942058537517,-0.036561616302536626,-0.03100674609174725,0.004173955867413509,0.03175607828975397,0.04965478215246986,-0.0008427475203210022,-0.0017582112638362345,REGIME_SAMPLE_SUFFICIENT,E2 DEVELOPMENTAL; A4F THRESHOLDS ARE PRIOR-ONLY; NO E3 CONFIRMATION,1,EXACT_RISK_SCORE_SUBSTATE,-0.00040617545832932755,-0.03377920009930202,STATE_CONDITIONAL_ANNUALISED_COMPOUNDED_RETURN_DIFFERENCE
GLOBAL_75_CASH25,RISK_SCORE_2,15,9,1.6666666666666667,0.004828499819020501,0.01573907606026137,0.05062790643683979,0.13128188289647755,0.4413556276758783,0.3467470204528013,0.7333333333333333,-0.11232335640970259,0.008277960808829069,-0.11232335640970259,-0.03380233251059772,0.004828499819020501,0.03297757861643187,0.06995964667227218,-0.0012334220699653582,-0.0018854011641879906,INSUFFICIENT_REGIME_SAMPLE,E2 DEVELOPMENTAL; A4F THRESHOLDS ARE PRIOR-ONLY; NO E3 CONFIRMATION,2,EXACT_RISK_SCORE_SUBSTATE,-0.03687179416659592,-0.04417727717941067,STATE_CONDITIONAL_ANNUALISED_COMPOUNDED_RETURN_DIFFERENCE
GLOBAL_75_CASH25,RISK_SCORE_3,6,5,1.2,0.04776316933480288,0.04300721125170626,0.7467693451305448,0.07495610008269366,7.646582884986153,,1.0,0.022277415584143423,0.058374015712658475,0.022277415584143423,0.0,0.04776316933480288,0.08205065374120184,0.12703144834176294,-0.015652920627944395,-0.02086907356586491,INSUFFICIENT_REGIME_SAMPLE,E2 DEVELOPMENTAL; A4F THRESHOLDS ARE PRIOR-ONLY; NO E3 CONFIRMATION,3,EXACT_RISK_SCORE_SUBSTATE,0.1510063632891474,-1.0721033828872593,STATE_CONDITIONAL_ANNUALISED_COMPOUNDED_RETURN_DIFFERENCE
GLOBAL_75_M2_10_CASH15,RISK_SCORE_0,73,7,10.428571428571429,0.006748528076309313,0.007236806380735095,0.07998644178512149,0.08752937066039308,0.9252018642966907,1.3045874188168882,0.6027397260273972,-0.06422761580805125,0.07206954130827226,-0.04275486393792749,-0.09651069477121654,0.006748528076309313,0.016149022982393367,0.03826672987961228,-0.0007304579979158947,-0.00014007726388221464,REGIME_SAMPLE_SUFFICIENT,E2 DEVELOPMENTAL; A4F THRESHOLDS ARE PRIOR-ONLY; NO E3 CONFIRMATION,0,EXACT_RISK_SCORE_SUBSTATE,0.02523289823856878,-0.06599607461948387,STATE_CONDITIONAL_ANNUALISED_COMPOUNDED_RETURN_DIFFERENCE
GLOBAL_75_M2_10_CASH15,RISK_SCORE_1,20,10,2.0,0.004430869680844917,0.0031083045065291026,0.049449622843349195,0.10114380893777668,0.5256914558443144,1.1864693936286774,0.6,-0.04090325685032892,0.008780107900586753,-0.04090325685032892,-0.037342473385535535,0.004430869680844917,0.03521606068578374,0.05565295506217662,-0.0005858337068895935,-0.001501297450404826,REGIME_SAMPLE_SUFFICIENT,E2 DEVELOPMENTAL; A4F THRESHOLDS ARE PRIOR-ONLY; NO E3 CONFIRMATION,1,EXACT_RISK_SCORE_SUBSTATE,-0.00040617545832932755,-0.03377920009930202,STATE_CONDITIONAL_ANNUALISED_COMPOUNDED_RETURN_DIFFERENCE
GLOBAL_75_M2_10_CASH15,RISK_SCORE_2,15,9,1.6666666666666667,0.005033639409617977,0.019825246488649917,0.05072027866807294,0.14830949256764397,0.40728123243942455,0.3339855976104998,0.7333333333333333,-0.12442191164309324,0.008689743133037399,-0.12442191164309324,-0.04262297396810055,0.005033639409617977,0.03707030852175765,0.08019155448926542,-0.0010282824793678813,-0.0016802615735905136,INSUFFICIENT_REGIME_SAMPLE,E2 DEVELOPMENTAL; A4F THRESHOLDS ARE PRIOR-ONLY; NO E3 CONFIRMATION,2,EXACT_RISK_SCORE_SUBSTATE,-0.03687179416659592,-0.04417727717941067,STATE_CONDITIONAL_ANNUALISED_COMPOUNDED_RETURN_DIFFERENCE
GLOBAL_75_M2_10_CASH15,RISK_SCORE_3,6,5,1.2,0.0544029345554784,0.04464381803692019,0.8826788522801226,0.08986393820798066,7.264707375218991,,1.0,0.027577711453562692,0.06676211391586376,0.027577711453562692,0.0,0.0544029345554784,0.09457836760448686,0.14857364562956765,-0.00901315540726888,-0.014229308345189392,INSUFFICIENT_REGIME_SAMPLE,E2 DEVELOPMENTAL; A4F THRESHOLDS ARE PRIOR-ONLY; NO E3 CONFIRMATION,3,EXACT_RISK_SCORE_SUBSTATE,0.1510063632891474,-1.0721033828872593,STATE_CONDITIONAL_ANNUALISED_COMPOUNDED_RETURN_DIFFERENCE
GLOBAL_75_M2_25,RISK_SCORE_0,73,7,10.428571428571429,0.007950026024158797,0.007556846216699498,0.09385692081120234,0.10417092567879316,0.9158055538842822,1.3581236639417784,0.6027397260273972,-0.07280449598561334,0.08522366092478662,-0.054557380538232336,-0.11374280395480185,0.007950026024158797,0.018524671466230172,0.04366125934581303,0.00047103994993359026,0.0010614206839672704,REGIME_SAMPLE_SUFFICIENT,E2 DEVELOPMENTAL; A4F THRESHOLDS ARE PRIOR-ONLY; NO E3 CONFIRMATION,0,EXACT_RISK_SCORE_SUBSTATE,0.02523289823856878,-0.06599607461948387,STATE_CONDITIONAL_ANNUALISED_COMPOUNDED_RETURN_DIFFERENCE
GLOBAL_75_M2_25,RISK_SCORE_1,20,10,2.0,0.004978309342531873,0.004789316225149554,0.0544825368044799,0.11830240912337528,0.5049746032481983,1.0734536416750924,0.55,-0.047227728206367114,0.00983579355156361,-0.047227728206367114,-0.04671158620252325,0.004978309342531873,0.04082614289852874,0.0657968804143737,-3.8394045202638784e-05,-0.0009538577887178712,REGIME_SAMPLE_SUFFICIENT,E2 DEVELOPMENTAL; A4F THRESHOLDS ARE PRIOR-ONLY; NO E3 CONFIRMATION,1,EXACT_RISK_SCORE_SUBSTATE,-0.00040617545832932755,-0.03377920009930202,STATE_CONDITIONAL_ANNUALISED_COMPOUNDED_RETURN_DIFFERENCE
GLOBAL_75_M2_25,RISK_SCORE_2,15,9,1.6666666666666667,0.00536709490057438,0.022200579608767423,0.05035599440283467,0.1751613790981536,0.3676902930228839,0.3192418670833467,0.7333333333333333,-0.14238273264371426,0.009373827820416316,-0.14238273264371426,-0.05779966196038322,0.00536709490057438,0.043643066541184085,0.09675097884669936,-0.0006948269884114788,-0.001346806082634111,INSUFFICIENT_REGIME_SAMPLE,E2 DEVELOPMENTAL; A4F THRESHOLDS ARE PRIOR-ONLY; NO E3 CONFIRMATION,2,EXACT_RISK_SCORE_SUBSTATE,-0.03687179416659592,-0.04417727717941067,STATE_CONDITIONAL_ANNUALISED_COMPOUNDED_RETURN_DIFFERENCE
GLOBAL_75_M2_25,RISK_SCORE_3,6,5,1.2,0.06486191866912876,0.048412519039365054,1.1158259280604392,0.1137936147021803,6.839953419764527,,1.0,0.03562434370292378,0.08007640160824452,0.03562434370292378,0.0,0.06486191866912876,0.11452601480788915,0.18303880221402355,0.0014458287063814728,-0.0037703242315390386,INSUFFICIENT_REGIME_SAMPLE,E2 DEVELOPMENTAL; A4F THRESHOLDS ARE PRIOR-ONLY; NO E3 CONFIRMATION,3,EXACT_RISK_SCORE_SUBSTATE,0.1510063632891474,-1.0721033828872593,STATE_CONDITIONAL_ANNUALISED_COMPOUNDED_RETURN_DIFFERENCE
GLOBAL_90_M2_10,RISK_SCORE_0,73,7,10.428571428571429,0.007607594935993602,0.009254102329597114,0.08954095627904968,0.1027865265163706,0.8881625085111078,1.2491067613792646,0.6027397260273972,-0.07606233653378502,0.08106659131246476,-0.05114795082043022,-0.1136335390993658,0.007607594935993602,0.018049115499331327,0.04300498269953512,0.00012860886176839446,0.0007189895958020745,REGIME_SAMPLE_SUFFICIENT,E2 DEVELOPMENTAL; A4F THRESHOLDS ARE PRIOR-ONLY; NO E3 CONFIRMATION,0,EXACT_RISK_SCORE_SUBSTATE,0.02523289823856878,-0.06599607461948387,STATE_CONDITIONAL_ANNUALISED_COMPOUNDED_RETURN_DIFFERENCE
GLOBAL_90_M2_10,RISK_SCORE_1,20,10,2.0,0.004943340835536381,0.0032529047098157626,0.053957214869225556,0.11909910316497098,0.49807335613828185,1.1273519349642316,0.6,-0.04828046057227797,0.0097539616699301,-0.04828046057227797,-0.04385156546196989,0.004943340835536381,0.040540220505700233,0.06337670458561502,-7.33625521981307e-05,-0.000988826295713363,REGIME_SAMPLE_SUFFICIENT,E2 DEVELOPMENTAL; A4F THRESHOLDS ARE PRIOR-ONLY; NO E3 CONFIRMATION,1,EXACT_RISK_SCORE_SUBSTATE,-0.00040617545832932755,-0.03377920009930202,STATE_CONDITIONAL_ANNUALISED_COMPOUNDED_RETURN_DIFFERENCE
GLOBAL_90_M2_10,RISK_SCORE_2,15,9,1.6666666666666667,0.005784090185196219,0.02289521325196775,0.05565730413845893,0.1743354868518344,0.39813513287369057,0.3248934891939894,0.7333333333333333,-0.14688734985806917,0.01004840944767951,-0.14688734985806917,-0.04930115493645737,0.005784090185196219,0.04265305117836391,0.09259843981792036,-0.00027783170378964015,-0.0009298107980122724,INSUFFICIENT_REGIME_SAMPLE,E2 DEVELOPMENTAL; A4F THRESHOLDS ARE PRIOR-ONLY; NO E3 CONFIRMATION,2,EXACT_RISK_SCORE_SUBSTATE,-0.03687179416659592,-0.04417727717941067,STATE_CONDITIONAL_ANNUALISED_COMPOUNDED_RETURN_DIFFERENCE
GLOBAL_90_M2_10,RISK_SCORE_3,6,5,1.2,0.06373347198883368,0.05298902757223256,1.0904223193191824,0.10539864957251036,7.256275739470922,,1.0,0.03130556611010449,0.07850160992427595,0.03130556611010449,0.0,0.06373347198883368,0.11102224733267703,0.17446751061180799,0.0003173820260864065,-0.004898770911834105,INSUFFICIENT_REGIME_SAMPLE,E2 DEVELOPMENTAL; A4F THRESHOLDS ARE PRIOR-ONLY; NO E3 CONFIRMATION,3,EXACT_RISK_SCORE_SUBSTATE,0.1510063632891474,-1.0721033828872593,STATE_CONDITIONAL_ANNUALISED_COMPOUNDED_RETURN_DIFFERENCE
M2_TOP7_CASH0_100,RISK_SCORE_0,73,7,10.428571428571429,0.009724577920462028,0.006501144294866146,0.11308079531854931,0.13695506675994693,0.852067307959374,1.6543510786077498,0.5753424657534246,-0.08721534686166921,0.10719421628809125,-0.07187470705439636,-0.11480340384711574,0.009724577920462028,0.02103593027745514,0.04729909363436235,0.0022455918462368205,0.002835972580270501,REGIME_SAMPLE_SUFFICIENT,E2 DEVELOPMENTAL; A4F THRESHOLDS ARE PRIOR-ONLY; NO E3 CONFIRMATION,0,EXACT_RISK_SCORE_SUBSTATE,0.02523289823856878,-0.06599607461948387,STATE_CONDITIONAL_ANNUALISED_COMPOUNDED_RETURN_DIFFERENCE
M2_TOP7_CASH0_100,RISK_SCORE_1,20,10,2.0,0.005110397241512826,0.006901679884508627,0.05433420739334194,0.13293870131564414,0.4613010830649453,0.9812876575619637,0.55,-0.060978645153352606,0.010171165497277358,-0.04227748867880443,-0.0754049479594665,0.005110397241512826,0.04239488112066152,0.07904191678545996,9.369385377831496e-05,-0.0008217698897369175,REGIME_SAMPLE_SUFFICIENT,E2 DEVELOPMENTAL; A4F THRESHOLDS ARE PRIOR-ONLY; NO E3 CONFIRMATION,1,EXACT_RISK_SCORE_SUBSTATE,-0.00040617545832932755,-0.03377920009930202,STATE_CONDITIONAL_ANNUALISED_COMPOUNDED_RETURN_DIFFERENCE
M2_TOP7_CASH0_100,RISK_SCORE_2,15,9,1.6666666666666667,0.0033381298119813827,0.020811392443798704,0.02215190301738179,0.19379149620200545,0.2067044144291098,0.23439140693715665,0.6666666666666666,-0.11979721551947498,0.006052207924655538,-0.11979721551947498,-0.10017960216791388,0.0033381298119813827,0.04927592568695981,0.11931469513368137,-0.0027237920770044758,-0.003375771171227108,INSUFFICIENT_REGIME_SAMPLE,E2 DEVELOPMENTAL; A4F THRESHOLDS ARE PRIOR-ONLY; NO E3 CONFIRMATION,2,EXACT_RISK_SCORE_SUBSTATE,-0.03687179416659592,-0.04417727717941067,STATE_CONDITIONAL_ANNUALISED_COMPOUNDED_RETURN_DIFFERENCE
M2_TOP7_CASH0_100,RISK_SCORE_3,6,5,1.2,0.07032487727316446,0.0524861354530175,1.2345944153607,0.17859414635957838,4.725230610743997,,1.0,0.008042376907867466,0.08790664682998446,0.008042376907867466,0.0,0.07032487727316446,0.13264487161401978,0.2281468799061661,0.006908787310417182,0.0016926343724966708,INSUFFICIENT_REGIME_SAMPLE,E2 DEVELOPMENTAL; A4F THRESHOLDS ARE PRIOR-ONLY; NO E3 CONFIRMATION,3,EXACT_RISK_SCORE_SUBSTATE,0.1510063632891474,-1.0721033828872593,STATE_CONDITIONAL_ANNUALISED_COMPOUNDED_RETURN_DIFFERENCE
M2_TOP7_CASH0_25_CASH75,RISK_SCORE_0,73,7,10.428571428571429,0.003683405224547682,0.0027379146928601106,0.044472646259305915,0.03527663613082698,1.2529783886039698,2.4749657756404697,0.6301369863013698,-0.021355033767233134,0.03979995857564045,-0.015353114583688154,-0.027697741976942747,0.003683405224547682,0.009041379406101675,0.01935060600079714,-0.0037955808496775256,-0.0032052001156438453,REGIME_SAMPLE_SUFFICIENT,E2 DEVELOPMENTAL; A4F THRESHOLDS ARE PRIOR-ONLY; NO E3 CONFIRMATION,0,EXACT_RISK_SCORE_SUBSTATE,0.02523289823856878,-0.06599607461948387,STATE_CONDITIONAL_ANNUALISED_COMPOUNDED_RETURN_DIFFERENCE
M2_TOP7_CASH0_25_CASH75,RISK_SCORE_1,20,10,2.0,0.0025003530228089044,0.001971959548165425,0.029868684747283325,0.03368917708217607,0.8906194473233716,1.83576284956811,0.55,-0.014139615476770895,0.005010883104021202,-0.010273037134608809,-0.014139615476770895,0.0025003530228089044,0.01437381673687511,0.027147912822114397,-0.0025163503649256068,-0.0034318141084408393,REGIME_SAMPLE_SUFFICIENT,E2 DEVELOPMENTAL; A4F THRESHOLDS ARE PRIOR-ONLY; NO E3 CONFIRMATION,1,EXACT_RISK_SCORE_SUBSTATE,-0.00040617545832932755,-0.03377920009930202,STATE_CONDITIONAL_ANNUALISED_COMPOUNDED_RETURN_DIFFERENCE
M2_TOP7_CASH0_25_CASH75,RISK_SCORE_2,15,9,1.6666666666666667,0.0016472264636258874,0.005453157621789773,0.018822584551202892,0.04846849139789232,0.40782613597852174,0.44267559703507936,0.6666666666666666,-0.029886944412693572,0.002781305786996893,-0.029886944412693572,-0.02442869963043759,0.0016472264636258874,0.014997058851322475,0.034501840680862705,-0.004414695425359971,-0.005066674519582604,INSUFFICIENT_REGIME_SAMPLE,E2 DEVELOPMENTAL; A4F THRESHOLDS ARE PRIOR-ONLY; NO E3 CONFIRMATION,2,EXACT_RISK_SCORE_SUBSTATE,-0.03687179416659592,-0.04417727717941067,STATE_CONDITIONAL_ANNUALISED_COMPOUNDED_RETURN_DIFFERENCE
M2_TOP7_CASH0_25_CASH75,RISK_SCORE_3,6,5,1.2,0.018252990620322335,0.014781022654730913,0.2414756257709454,0.04353876677803797,5.0308243354829045,,1.0,0.0025769053050967994,0.022123285504870215,0.0025769053050967994,0.0,0.018252990620322335,0.03358796084351232,0.05726290654311391,-0.04516309934242494,-0.050379252280345455,INSUFFICIENT_REGIME_SAMPLE,E2 DEVELOPMENTAL; A4F THRESHOLDS ARE PRIOR-ONLY; NO E3 CONFIRMATION,3,EXACT_RISK_SCORE_SUBSTATE,0.1510063632891474,-1.0721033828872593,STATE_CONDITIONAL_ANNUALISED_COMPOUNDED_RETURN_DIFFERENCE
M2_TOP7_CASH0_50_CASH50,RISK_SCORE_0,73,7,10.428571428571429,0.005689727740789788,0.004828165929145145,0.06798143695878744,0.06904130458294104,0.9889258799774694,1.9246189495944217,0.5753424657534246,-0.043163396768046036,0.06189957892339099,-0.03372026653990423,-0.05675430058861808,0.005689727740789788,0.013084864420215832,0.028876456399975485,-0.0017892583334354192,-0.001198877599401739,REGIME_SAMPLE_SUFFICIENT,E2 DEVELOPMENTAL; A4F THRESHOLDS ARE PRIOR-ONLY; NO E3 CONFIRMATION,0,EXACT_RISK_SCORE_SUBSTATE,0.02523289823856878,-0.06599607461948387,STATE_CONDITIONAL_ANNUALISED_COMPOUNDED_RETURN_DIFFERENCE
M2_TOP7_CASH0_50_CASH50,RISK_SCORE_1,20,10,2.0,0.003396679507569328,0.003590528495920009,0.03935348326332866,0.06670446786521586,0.6110558317201865,1.2983328155679852,0.55,-0.02974938759643808,0.006785499215647339,-0.02083060662634839,-0.03360797262021176,0.003396679507569328,0.023706783219332776,0.04399266603756379,-0.0016200238801651833,-0.002535487623680416,REGIME_SAMPLE_SUFFICIENT,E2 DEVELOPMENTAL; A4F THRESHOLDS ARE PRIOR-ONLY; NO E3 CONFIRMATION,1,EXACT_RISK_SCORE_SUBSTATE,-0.00040617545832932755,-0.03377920009930202,STATE_CONDITIONAL_ANNUALISED_COMPOUNDED_RETURN_DIFFERENCE
M2_TOP7_CASH0_50_CASH50,RISK_SCORE_2,15,9,1.6666666666666667,0.0022071442214600372,0.0106333345759142,0.022263013409215437,0.0968433080791618,0.27349056101915104,0.30549226560627246,0.6666666666666666,-0.05985895587247414,0.0038068364112316833,-0.05985895587247414,-0.04968382935614746,0.0022071442214600372,0.026447934421434154,0.06200371388207832,-0.0038547776675258217,-0.004506756761748454,INSUFFICIENT_REGIME_SAMPLE,E2 DEVELOPMENTAL; A4F THRESHOLDS ARE PRIOR-ONLY; NO E3 CONFIRMATION,2,EXACT_RISK_SCORE_SUBSTATE,-0.03687179416659592,-0.04417727717941067,STATE_CONDITIONAL_ANNUALISED_COMPOUNDED_RETURN_DIFFERENCE
M2_TOP7_CASH0_50_CASH50,RISK_SCORE_3,6,5,1.2,0.035685298223750994,0.027569009955160095,0.5185271524402724,0.08837709554635441,4.845413577326782,,1.0,0.004400527020786527,0.043701541057221946,0.004400527020786527,0.0,0.035685298223750994,0.0656451166040946,0.11149554013608749,-0.027730791738996285,-0.0329469446769168,INSUFFICIENT_REGIME_SAMPLE,E2 DEVELOPMENTAL; A4F THRESHOLDS ARE PRIOR-ONLY; NO E3 CONFIRMATION,3,EXACT_RISK_SCORE_SUBSTATE,0.1510063632891474,-1.0721033828872593,STATE_CONDITIONAL_ANNUALISED_COMPOUNDED_RETURN_DIFFERENCE
M2_TOP7_CASH0_75_CASH25,RISK_SCORE_0,73,7,10.428571428571429,0.007695540640367838,0.005081702834197843,0.09076330681400879,0.1029735128080948,0.8967984597797913,1.7449677113966888,0.5753424657534246,-0.06497058121759869,0.08428552142537159,-0.05250502514908206,-0.08574563775778177,0.007695540640367838,0.017081458166558424,0.03821961604556265,0.00021655456614263019,0.0008069353001763103,REGIME_SAMPLE_SUFFICIENT,E2 DEVELOPMENTAL; A4F THRESHOLDS ARE PRIOR-ONLY; NO E3 CONFIRMATION,0,EXACT_RISK_SCORE_SUBSTATE,0.02523289823856878,-0.06599607461948387,STATE_CONDITIONAL_ANNUALISED_COMPOUNDED_RETURN_DIFFERENCE
M2_TOP7_CASH0_75_CASH25,RISK_SCORE_1,20,10,2.0,0.004293939216638914,0.005209552809000595,0.04785249947759462,0.09986090997576867,0.515990397165118,1.103766606017098,0.55,-0.04536179493044046,0.008555283419240755,-0.03138456282143898,-0.05470645928138351,0.004293939216638914,0.03313118717300565,0.0614884201628891,-0.0007227641710955968,-0.0016382279146108293,REGIME_SAMPLE_SUFFICIENT,E2 DEVELOPMENTAL; A4F THRESHOLDS ARE PRIOR-ONLY; NO E3 CONFIRMATION,1,EXACT_RISK_SCORE_SUBSTATE,-0.00040617545832932755,-0.03377920009930202,STATE_CONDITIONAL_ANNUALISED_COMPOUNDED_RETURN_DIFFERENCE
M2_TOP7_CASH0_75_CASH25,RISK_SCORE_2,15,9,1.6666666666666667,0.0027691013002217137,0.015723499199985058,0.02337922862577968,0.14529410002066462,0.2287031310833303,0.25800501625814537,0.6666666666666666,-0.08982580063140788,0.004894063662399294,-0.08982580063140788,-0.07493397650229094,0.0027691013002217137,0.037857300662122194,0.09021316178942675,-0.0032928205887641448,-0.003944799682986777,INSUFFICIENT_REGIME_SAMPLE,E2 DEVELOPMENTAL; A4F THRESHOLDS ARE PRIOR-ONLY; NO E3 CONFIRMATION,2,EXACT_RISK_SCORE_SUBSTATE,-0.03687179416659592,-0.04417727717941067,STATE_CONDITIONAL_ANNUALISED_COMPOUNDED_RETURN_DIFFERENCE
M2_TOP7_CASH0_75_CASH25,RISK_SCORE_3,6,5,1.2,0.053118334586409764,0.04035630691565728,0.8486224623780763,0.13330056292017725,4.7818253807271285,,1.0,0.00622218359601856,0.06572057515507486,0.00622218359601856,0.0,0.053118334586409764,0.09871385266639471,0.16841882757163287,-0.010297755376337517,-0.01551390831425803,INSUFFICIENT_REGIME_SAMPLE,E2 DEVELOPMENTAL; A4F THRESHOLDS ARE PRIOR-ONLY; NO E3 CONFIRMATION,3,EXACT_RISK_SCORE_SUBSTATE,0.1510063632891474,-1.0721033828872593,STATE_CONDITIONAL_ANNUALISED_COMPOUNDED_RETURN_DIFFERENCE
EQUAL_WEIGHT_OPPORTUNITY_POOL,RISK_SCORE_0,73,7,10.428571428571429,0.006888605340191528,0.00543060407407836,0.07896754331102973,0.11434881109507264,0.7229044472842826,1.2969346537271298,0.5205479452054794,-0.06952175369856439,0.07188710582420141,-0.08918769657623637,-0.11480701133024906,0.006888605340191528,0.014433026351711254,0.03678491158548252,-0.00059038073403368,0.0,REGIME_SAMPLE_SUFFICIENT,E2 DEVELOPMENTAL; A4F THRESHOLDS ARE PRIOR-ONLY; NO E3 CONFIRMATION,0,EXACT_RISK_SCORE_SUBSTATE,0.02523289823856878,-0.06599607461948387,STATE_CONDITIONAL_ANNUALISED_COMPOUNDED_RETURN_DIFFERENCE
EQUAL_WEIGHT_OPPORTUNITY_POOL,RISK_SCORE_1,20,10,2.0,0.005932167131249744,-0.0007224639796217791,0.06386523495115015,0.14042872182076885,0.5069191305882041,1.4722814614651702,0.5,-0.04509706165695615,0.01149732145170882,-0.04509706165695615,-0.08932207226958666,0.005932167131249744,0.03680534228243735,0.05942416685883057,0.0009154637435152324,0.0,REGIME_SAMPLE_SUFFICIENT,E2 DEVELOPMENTAL; A4F THRESHOLDS ARE PRIOR-ONLY; NO E3 CONFIRMATION,1,EXACT_RISK_SCORE_SUBSTATE,-0.00040617545832932755,-0.03377920009930202,STATE_CONDITIONAL_ANNUALISED_COMPOUNDED_RETURN_DIFFERENCE
EQUAL_WEIGHT_OPPORTUNITY_POOL,RISK_SCORE_2,15,9,1.6666666666666667,0.006713900983208491,0.02578462333084408,0.06085374066611693,0.20471675135519493,0.3935526099606475,0.29531114395232777,0.7333333333333333,-0.1793768216725269,0.011785089453434408,-0.1793768216725269,-0.054223464061141535,0.006713900983208491,0.05548355177079201,0.11863857720512207,0.0006519790942226322,0.0,INSUFFICIENT_REGIME_SAMPLE,E2 DEVELOPMENTAL; A4F THRESHOLDS ARE PRIOR-ONLY; NO E3 CONFIRMATION,2,EXACT_RISK_SCORE_SUBSTATE,-0.03687179416659592,-0.04417727717941067,STATE_CONDITIONAL_ANNUALISED_COMPOUNDED_RETURN_DIFFERENCE
EQUAL_WEIGHT_OPPORTUNITY_POOL,RISK_SCORE_3,6,5,1.2,0.06863224290066779,0.047917606207723784,1.2013070136373076,0.14469887211021482,5.69173002385741,,1.0,0.033763090243806415,0.08520903152152166,0.033763090243806415,0.0,0.06863224290066779,0.12800818355260368,0.20002784671287702,0.005216152937920511,0.0,INSUFFICIENT_REGIME_SAMPLE,E2 DEVELOPMENTAL; A4F THRESHOLDS ARE PRIOR-ONLY; NO E3 CONFIRMATION,3,EXACT_RISK_SCORE_SUBSTATE,0.1510063632891474,-1.0721033828872593,STATE_CONDITIONAL_ANNUALISED_COMPOUNDED_RETURN_DIFFERENCE
ACTUAL_GBP_CASH,RISK_SCORE_0,73,7,10.428571428571429,0.0018045133383498876,0.0006131660245465298,0.02185182246049666,0.0060792579457078656,3.5619742168511075,,1.0,3.73970588887218e-05,0.019369888017928112,0.0007161352998705794,0.0,0.0018045133383498876,0.0053402250213513865,0.010438344412311822,-0.00567447273587532,-0.00508409200184164,REGIME_SAMPLE_SUFFICIENT,E2 DEVELOPMENTAL; A4F THRESHOLDS ARE PRIOR-ONLY; NO E3 CONFIRMATION,0,EXACT_RISK_SCORE_SUBSTATE,0.02523289823856878,-0.06599607461948387,STATE_CONDITIONAL_ANNUALISED_COMPOUNDED_RETURN_DIFFERENCE
ACTUAL_GBP_CASH,RISK_SCORE_1,20,10,2.0,0.0017312359900254592,0.0015012968557699402,0.020961182752369245,0.0051081175661234724,4.067023049367957,,1.0,4.266616447345939e-05,0.003484975361035825,0.0001799002456717158,0.0,0.0017312359900254592,0.005510919662999603,0.011712123924663528,-0.003285467397709052,-0.004200931141224285,REGIME_SAMPLE_SUFFICIENT,E2 DEVELOPMENTAL; A4F THRESHOLDS ARE PRIOR-ONLY; NO E3 CONFIRMATION,1,EXACT_RISK_SCORE_SUBSTATE,-0.00040617545832932755,-0.03377920009930202,STATE_CONDITIONAL_ANNUALISED_COMPOUNDED_RETURN_DIFFERENCE
ACTUAL_GBP_CASH,RISK_SCORE_2,15,9,1.6666666666666667,0.0012296653489090926,0.000596958706136741,0.01484642000456704,0.004549603083084694,3.2433563802019294,,1.0,4.463776467833469e-05,0.002051278312477139,0.00015194912472038524,0.0,0.0012296653489090926,0.003923667967293051,0.008507092232354982,-0.004832256540076766,-0.005484235634299398,INSUFFICIENT_REGIME_SAMPLE,E2 DEVELOPMENTAL; A4F THRESHOLDS ARE PRIOR-ONLY; NO E3 CONFIRMATION,2,EXACT_RISK_SCORE_SUBSTATE,-0.03687179416659592,-0.04417727717941067,STATE_CONDITIONAL_ANNUALISED_COMPOUNDED_RETURN_DIFFERENCE
ACTUAL_GBP_CASH,RISK_SCORE_3,6,5,1.2,0.0009528434560197955,0.00046577532116076625,0.011484669184293361,0.004771583391928665,2.3962950100754488,,1.0,5.3970024343819034e-05,0.0011434127653372705,0.0001112376349412525,0.0,0.0009528434560197955,0.0029471542979704335,0.0064077713494907025,-0.062463246506727486,-0.067679399444648,INSUFFICIENT_REGIME_SAMPLE,E2 DEVELOPMENTAL; A4F THRESHOLDS ARE PRIOR-ONLY; NO E3 CONFIRMATION,3,EXACT_RISK_SCORE_SUBSTATE,0.1510063632891474,-1.0721033828872593,STATE_CONDITIONAL_ANNUALISED_COMPOUNDED_RETURN_DIFFERENCE
